2026-03-09T01:48:59.414063+00:00 SEV-2 WARN: test_analysis_worker.py — mock_usage:import
2026-03-09T01:48:59.414067+00:00 SEV-2 WARN: test_skills_optimizer.py — mock_usage:import
2026-03-09T01:48:59.647057+00:00 SEV-2 WARN: test_analysis_worker.py — mock_usage:import
2026-03-09T01:48:59.647061+00:00 SEV-2 WARN: test_skills_optimizer.py — mock_usage:import
2026-03-09T01:48:59.905333+00:00 SEV-2 WARN: test_analysis_worker.py — mock_usage:import
2026-03-09T01:48:59.905336+00:00 SEV-2 WARN: test_skills_optimizer.py — mock_usage:import
2026-03-09T01:49:00.285662+00:00 SEV-2 WARN: test_analysis_worker.py — mock_usage:import
2026-03-09T01:49:00.285666+00:00 SEV-2 WARN: test_skills_optimizer.py — mock_usage:import
2026-03-09T01:49:00.751967+00:00 SEV-2 WARN: test_analysis_worker.py — mock_usage:import
2026-03-09T01:49:00.751971+00:00 SEV-2 WARN: test_skills_optimizer.py — mock_usage:import
2026-03-09T02:05:45.932591+00:00 SEV-2 WARN: test_analysis_worker.py — mock_usage:import
2026-03-09T02:05:45.932595+00:00 SEV-2 WARN: test_skills_optimizer.py — mock_usage:import
2026-03-09T02:05:46.175782+00:00 SEV-2 WARN: test_analysis_worker.py — mock_usage:import
2026-03-09T02:05:46.175785+00:00 SEV-2 WARN: test_skills_optimizer.py — mock_usage:import
2026-03-09T02:05:46.422588+00:00 SEV-2 WARN: test_analysis_worker.py — mock_usage:import
2026-03-09T02:05:46.422592+00:00 SEV-2 WARN: test_skills_optimizer.py — mock_usage:import
2026-03-09T02:05:46.803555+00:00 SEV-2 WARN: test_analysis_worker.py — mock_usage:import
2026-03-09T02:05:46.803559+00:00 SEV-2 WARN: test_skills_optimizer.py — mock_usage:import
2026-03-09T02:05:47.268623+00:00 SEV-2 WARN: test_analysis_worker.py — mock_usage:import
2026-03-09T02:05:47.268628+00:00 SEV-2 WARN: test_skills_optimizer.py — mock_usage:import
2026-03-09T02:32:33.154654+00:00 SEV-2 WARN: test_analysis_worker.py — mock_usage:import
2026-03-09T02:32:33.154659+00:00 SEV-2 WARN: test_skills_optimizer.py — mock_usage:import
2026-03-09T02:32:33.382035+00:00 SEV-2 WARN: test_analysis_worker.py — mock_usage:import
2026-03-09T02:32:33.382039+00:00 SEV-2 WARN: test_skills_optimizer.py — mock_usage:import
2026-03-09T02:32:33.607085+00:00 SEV-2 WARN: test_analysis_worker.py — mock_usage:import
2026-03-09T02:32:33.607088+00:00 SEV-2 WARN: test_skills_optimizer.py — mock_usage:import
2026-03-09T02:32:33.967529+00:00 SEV-2 WARN: test_analysis_worker.py — mock_usage:import
2026-03-09T02:32:33.967533+00:00 SEV-2 WARN: test_skills_optimizer.py — mock_usage:import
2026-03-09T02:32:34.468304+00:00 SEV-2 WARN: test_analysis_worker.py — mock_usage:import
2026-03-09T02:32:34.468308+00:00 SEV-2 WARN: test_skills_optimizer.py — mock_usage:import
2026-03-09T02:46:27.053481+00:00 SEV-2 WARN: test_analysis_worker.py — mock_usage:import
2026-03-09T02:46:27.053485+00:00 SEV-2 WARN: test_skills_optimizer.py — mock_usage:import
2026-03-09T02:46:27.280419+00:00 SEV-2 WARN: test_analysis_worker.py — mock_usage:import
2026-03-09T02:46:27.280423+00:00 SEV-2 WARN: test_skills_optimizer.py — mock_usage:import
2026-03-09T02:46:27.504736+00:00 SEV-2 WARN: test_analysis_worker.py — mock_usage:import
2026-03-09T02:46:27.504739+00:00 SEV-2 WARN: test_skills_optimizer.py — mock_usage:import
2026-03-09T02:46:27.869950+00:00 SEV-2 WARN: test_analysis_worker.py — mock_usage:import
2026-03-09T02:46:27.869954+00:00 SEV-2 WARN: test_skills_optimizer.py — mock_usage:import
2026-03-09T02:46:28.317853+00:00 SEV-2 WARN: test_analysis_worker.py — mock_usage:import
2026-03-09T02:46:28.317856+00:00 SEV-2 WARN: test_skills_optimizer.py — mock_usage:import
2026-03-09T03:00:55.521935+00:00 SEV-2 WARN: test_analysis_worker.py — mock_usage:import
2026-03-09T03:00:55.521939+00:00 SEV-2 WARN: test_skills_optimizer.py — mock_usage:import
2026-03-09T03:00:55.750136+00:00 SEV-2 WARN: test_analysis_worker.py — mock_usage:import
2026-03-09T03:00:55.750140+00:00 SEV-2 WARN: test_skills_optimizer.py — mock_usage:import
2026-03-09T03:00:55.977229+00:00 SEV-2 WARN: test_analysis_worker.py — mock_usage:import
2026-03-09T03:00:55.977232+00:00 SEV-2 WARN: test_skills_optimizer.py — mock_usage:import
2026-03-09T03:00:56.339630+00:00 SEV-2 WARN: test_analysis_worker.py — mock_usage:import
2026-03-09T03:00:56.339634+00:00 SEV-2 WARN: test_skills_optimizer.py — mock_usage:import
2026-03-09T03:00:56.789335+00:00 SEV-2 WARN: test_analysis_worker.py — mock_usage:import
2026-03-09T03:00:56.789338+00:00 SEV-2 WARN: test_skills_optimizer.py — mock_usage:import
2026-03-09T03:17:22.016986+00:00 SEV-2 WARN: test_analysis_worker.py — mock_usage:import
2026-03-09T03:17:22.016990+00:00 SEV-2 WARN: test_skills_optimizer.py — mock_usage:import
2026-03-09T03:17:22.281872+00:00 SEV-2 WARN: test_analysis_worker.py — mock_usage:import
2026-03-09T03:17:22.281876+00:00 SEV-2 WARN: test_skills_optimizer.py — mock_usage:import
2026-03-11T04:23:00.709493+00:00 SEV-2 WARN: test_job_scraper.py — mock_usage:import
2026-03-11T04:23:01.218231+00:00 SEV-2 WARN: test_job_scraper.py — mock_usage:import
2026-03-11T04:23:01.613926+00:00 SEV-2 WARN: test_job_scraper.py — mock_usage:import
2026-03-11T04:23:01.975385+00:00 SEV-2 WARN: test_job_scraper.py — mock_usage:import
2026-03-11T04:23:02.836606+00:00 SEV-2 WARN: test_job_scraper.py — mock_usage:import
2026-03-11T04:35:37.743644+00:00 SEV-2 WARN: test_job_scraper.py — mock_usage:import
2026-03-11T04:35:38.264406+00:00 SEV-2 WARN: test_job_scraper.py — mock_usage:import
2026-03-11T04:35:38.629816+00:00 SEV-2 WARN: test_job_scraper.py — mock_usage:import
2026-03-11T04:35:38.993437+00:00 SEV-2 WARN: test_job_scraper.py — mock_usage:import
2026-03-11T04:35:39.869622+00:00 SEV-2 WARN: test_job_scraper.py — mock_usage:import
2026-03-11T04:48:16.777979+00:00 SEV-2 WARN: test_job_scraper.py — mock_usage:import
2026-03-11T04:48:17.148795+00:00 SEV-2 WARN: test_job_scraper.py — mock_usage:import
2026-03-11T04:48:17.515549+00:00 SEV-2 WARN: test_job_scraper.py — mock_usage:import
2026-03-11T04:48:17.882291+00:00 SEV-2 WARN: test_job_scraper.py — mock_usage:import
2026-03-11T04:48:18.749023+00:00 SEV-2 WARN: test_job_scraper.py — mock_usage:import
2026-03-11T04:55:59.285214+00:00 SEV-2 WARN: test_job_scraper.py — mock_usage:import
2026-03-11T04:55:59.651969+00:00 SEV-2 WARN: test_job_scraper.py — mock_usage:import
2026-03-11T04:56:00.108540+00:00 SEV-2 WARN: test_job_scraper.py — mock_usage:import
2026-03-11T04:56:00.673586+00:00 SEV-2 WARN: test_job_scraper.py — mock_usage:import
2026-03-11T04:56:01.473008+00:00 SEV-2 WARN: test_job_scraper.py — mock_usage:import
2026-03-27T15:36:42.558164+00:00 SEV-2 WARN: test_pg_migration.py — silent_pass:test_pdf_download_name_contains_id
2026-03-27T15:36:42.558169+00:00 SEV-2 WARN: test_pg_migration.py — mock_usage:instantiation
2026-03-27T15:36:43.321189+00:00 SEV-2 WARN: test_pg_migration.py — silent_pass:test_pdf_download_name_contains_id
2026-03-27T15:36:43.321193+00:00 SEV-2 WARN: test_pg_migration.py — mock_usage:instantiation
2026-03-27T15:36:43.922065+00:00 SEV-2 WARN: test_pg_migration.py — silent_pass:test_pdf_download_name_contains_id
2026-03-27T15:36:43.922068+00:00 SEV-2 WARN: test_pg_migration.py — mock_usage:instantiation
2026-03-27T15:36:44.658242+00:00 SEV-2 WARN: test_pg_migration.py — silent_pass:test_pdf_download_name_contains_id
2026-03-27T15:36:44.658247+00:00 SEV-2 WARN: test_pg_migration.py — mock_usage:instantiation
2026-03-27T15:36:46.007877+00:00 SEV-2 WARN: test_pg_migration.py — silent_pass:test_pdf_download_name_contains_id
2026-03-27T15:36:46.007882+00:00 SEV-2 WARN: test_pg_migration.py — mock_usage:instantiation
2026-03-27T16:26:30.317251+00:00 SEV-2 WARN: test_pg_migration.py — silent_pass:test_pdf_download_name_contains_id
2026-03-27T16:26:30.317256+00:00 SEV-2 WARN: test_pg_migration.py — mock_usage:instantiation
2026-03-27T16:26:31.107193+00:00 SEV-2 WARN: test_pg_migration.py — silent_pass:test_pdf_download_name_contains_id
2026-03-27T16:26:31.107197+00:00 SEV-2 WARN: test_pg_migration.py — mock_usage:instantiation
2026-03-27T16:26:31.707497+00:00 SEV-2 WARN: test_pg_migration.py — silent_pass:test_pdf_download_name_contains_id
2026-03-27T16:26:31.707501+00:00 SEV-2 WARN: test_pg_migration.py — mock_usage:instantiation
2026-03-27T16:26:32.304793+00:00 SEV-2 WARN: test_pg_migration.py — silent_pass:test_pdf_download_name_contains_id
2026-03-27T16:26:32.304797+00:00 SEV-2 WARN: test_pg_migration.py — mock_usage:instantiation
2026-03-27T16:26:33.631787+00:00 SEV-2 WARN: test_pg_migration.py — silent_pass:test_pdf_download_name_contains_id
2026-03-27T16:26:33.631790+00:00 SEV-2 WARN: test_pg_migration.py — mock_usage:instantiation
2026-03-27T17:01:34.259070+00:00 SEV-2 WARN: test_pg_migration.py — silent_pass:test_pdf_download_name_contains_id
2026-03-27T17:01:34.259074+00:00 SEV-2 WARN: test_pg_migration.py — mock_usage:instantiation
2026-03-27T17:01:34.990156+00:00 SEV-2 WARN: test_pg_migration.py — silent_pass:test_pdf_download_name_contains_id
2026-03-27T17:01:34.990160+00:00 SEV-2 WARN: test_pg_migration.py — mock_usage:instantiation
2026-03-27T17:01:35.590546+00:00 SEV-2 WARN: test_pg_migration.py — silent_pass:test_pdf_download_name_contains_id
2026-03-27T17:01:35.590550+00:00 SEV-2 WARN: test_pg_migration.py — mock_usage:instantiation
2026-03-27T17:01:36.188132+00:00 SEV-2 WARN: test_pg_migration.py — silent_pass:test_pdf_download_name_contains_id
2026-03-27T17:01:36.188136+00:00 SEV-2 WARN: test_pg_migration.py — mock_usage:instantiation
2026-03-27T17:01:37.516672+00:00 SEV-2 WARN: test_pg_migration.py — silent_pass:test_pdf_download_name_contains_id
2026-03-27T17:01:37.516675+00:00 SEV-2 WARN: test_pg_migration.py — mock_usage:instantiation
2026-03-27T17:42:45.712609+00:00 SEV-2 WARN: test_pg_migration.py — silent_pass:test_pdf_download_name_contains_id
2026-03-27T17:42:45.712612+00:00 SEV-2 WARN: test_pg_migration.py — mock_usage:instantiation
2026-03-27T17:42:46.347196+00:00 SEV-2 WARN: test_pg_migration.py — silent_pass:test_pdf_download_name_contains_id
2026-03-27T17:42:46.347200+00:00 SEV-2 WARN: test_pg_migration.py — mock_usage:instantiation
2026-03-27T20:52:37.336111+00:00 SEV-2 WARN: test_p0b_ftal_integration.py — mock_usage:import
2026-03-27T20:52:37.336117+00:00 SEV-2 WARN: test_p0b_ftal_integration.py — mock_usage:instantiation
2026-03-27T20:52:37.336118+00:00 SEV-2 WARN: test_pg_migration.py — silent_pass:test_pdf_download_name_contains_id
2026-03-27T20:52:37.336120+00:00 SEV-2 WARN: test_pg_migration.py — mock_usage:instantiation
2026-03-27T20:52:38.084549+00:00 SEV-2 WARN: test_p0b_ftal_integration.py — mock_usage:import
2026-03-27T20:52:38.084553+00:00 SEV-2 WARN: test_p0b_ftal_integration.py — mock_usage:instantiation
2026-03-27T20:52:38.084555+00:00 SEV-2 WARN: test_pg_migration.py — silent_pass:test_pdf_download_name_contains_id
2026-03-27T20:52:38.084556+00:00 SEV-2 WARN: test_pg_migration.py — mock_usage:instantiation
2026-03-27T20:52:38.699451+00:00 SEV-2 WARN: test_p0b_ftal_integration.py — mock_usage:import
2026-03-27T20:52:38.699454+00:00 SEV-2 WARN: test_p0b_ftal_integration.py — mock_usage:instantiation
2026-03-27T20:52:38.699455+00:00 SEV-2 WARN: test_pg_migration.py — silent_pass:test_pdf_download_name_contains_id
2026-03-27T20:52:38.699457+00:00 SEV-2 WARN: test_pg_migration.py — mock_usage:instantiation
2026-03-27T20:52:39.437394+00:00 SEV-2 WARN: test_p0b_ftal_integration.py — mock_usage:import
2026-03-27T20:52:39.437398+00:00 SEV-2 WARN: test_p0b_ftal_integration.py — mock_usage:instantiation
2026-03-27T20:52:39.437399+00:00 SEV-2 WARN: test_pg_migration.py — silent_pass:test_pdf_download_name_contains_id
2026-03-27T20:52:39.437400+00:00 SEV-2 WARN: test_pg_migration.py — mock_usage:instantiation
2026-03-27T20:52:40.788612+00:00 SEV-2 WARN: test_p0b_ftal_integration.py — mock_usage:import
2026-03-27T20:52:40.788616+00:00 SEV-2 WARN: test_p0b_ftal_integration.py — mock_usage:instantiation
2026-03-27T20:52:40.788617+00:00 SEV-2 WARN: test_pg_migration.py — silent_pass:test_pdf_download_name_contains_id
2026-03-27T20:52:40.788618+00:00 SEV-2 WARN: test_pg_migration.py — mock_usage:instantiation
2026-03-27T21:50:05.006232+00:00 SEV-2 WARN: test_p0b_ftal_integration.py — mock_usage:instantiation
2026-03-27T21:50:05.006236+00:00 SEV-2 WARN: test_p0b_ftal_integration.py — mock_usage:import
2026-03-27T21:50:05.006238+00:00 SEV-2 WARN: test_p1a_sqlite_hardening.py — mock_usage:import
2026-03-27T21:50:05.006238+00:00 SEV-2 WARN: test_pg_migration.py — silent_pass:test_pdf_download_name_contains_id
2026-03-27T21:50:05.006239+00:00 SEV-2 WARN: test_pg_migration.py — mock_usage:instantiation
2026-03-27T21:50:05.652966+00:00 SEV-2 WARN: test_p0b_ftal_integration.py — mock_usage:import
2026-03-27T21:50:05.652970+00:00 SEV-2 WARN: test_p0b_ftal_integration.py — mock_usage:instantiation
2026-03-27T21:50:05.652971+00:00 SEV-2 WARN: test_p1a_sqlite_hardening.py — mock_usage:import
2026-03-27T21:50:05.652972+00:00 SEV-2 WARN: test_pg_migration.py — silent_pass:test_pdf_download_name_contains_id
2026-03-27T21:50:05.652973+00:00 SEV-2 WARN: test_pg_migration.py — mock_usage:instantiation
2026-03-27T23:49:43.750178+00:00 SEV-2 WARN: test_p0b_ftal_integration.py — mock_usage:import
2026-03-27T23:49:43.750183+00:00 SEV-2 WARN: test_p0b_ftal_integration.py — mock_usage:instantiation
2026-03-27T23:49:43.750185+00:00 SEV-2 WARN: test_p1a_sqlite_hardening.py — mock_usage:import
2026-03-27T23:49:43.750186+00:00 SEV-2 WARN: test_persona_seed.py — mock_usage:import
2026-03-27T23:49:43.750187+00:00 SEV-2 WARN: test_persona_seed.py — mock_usage:instantiation
2026-03-27T23:49:43.750188+00:00 SEV-2 WARN: test_personaforge_client.py — mock_usage:import
2026-03-27T23:49:43.750189+00:00 SEV-2 WARN: test_personaforge_client.py — mock_usage:instantiation
2026-03-27T23:49:43.750190+00:00 SEV-2 WARN: test_pg_migration.py — silent_pass:test_pdf_download_name_contains_id
2026-03-27T23:49:43.750191+00:00 SEV-2 WARN: test_pg_migration.py — mock_usage:instantiation
2026-03-27T23:49:44.515047+00:00 SEV-2 WARN: test_p0b_ftal_integration.py — mock_usage:import
2026-03-27T23:49:44.515051+00:00 SEV-2 WARN: test_p0b_ftal_integration.py — mock_usage:instantiation
2026-03-27T23:49:44.515053+00:00 SEV-2 WARN: test_p1a_sqlite_hardening.py — mock_usage:import
2026-03-27T23:49:44.515054+00:00 SEV-2 WARN: test_persona_seed.py — mock_usage:import
2026-03-27T23:49:44.515055+00:00 SEV-2 WARN: test_persona_seed.py — mock_usage:instantiation
2026-03-27T23:49:44.515056+00:00 SEV-2 WARN: test_personaforge_client.py — mock_usage:import
2026-03-27T23:49:44.515057+00:00 SEV-2 WARN: test_personaforge_client.py — mock_usage:instantiation
2026-03-27T23:49:44.515058+00:00 SEV-2 WARN: test_pg_migration.py — silent_pass:test_pdf_download_name_contains_id
2026-03-27T23:49:44.515059+00:00 SEV-2 WARN: test_pg_migration.py — mock_usage:instantiation
2026-03-27T23:49:45.131192+00:00 SEV-2 WARN: test_p0b_ftal_integration.py — mock_usage:import
2026-03-27T23:49:45.131196+00:00 SEV-2 WARN: test_p0b_ftal_integration.py — mock_usage:instantiation
2026-03-27T23:49:45.131197+00:00 SEV-2 WARN: test_p1a_sqlite_hardening.py — mock_usage:import
2026-03-27T23:49:45.131198+00:00 SEV-2 WARN: test_persona_seed.py — mock_usage:import
2026-03-27T23:49:45.131199+00:00 SEV-2 WARN: test_persona_seed.py — mock_usage:instantiation
2026-03-27T23:49:45.131200+00:00 SEV-2 WARN: test_personaforge_client.py — mock_usage:import
2026-03-27T23:49:45.131201+00:00 SEV-2 WARN: test_personaforge_client.py — mock_usage:instantiation
2026-03-27T23:49:45.131202+00:00 SEV-2 WARN: test_pg_migration.py — silent_pass:test_pdf_download_name_contains_id
2026-03-27T23:49:45.131203+00:00 SEV-2 WARN: test_pg_migration.py — mock_usage:instantiation
2026-03-27T23:49:45.753667+00:00 SEV-2 WARN: test_p0b_ftal_integration.py — mock_usage:import
2026-03-27T23:49:45.753671+00:00 SEV-2 WARN: test_p0b_ftal_integration.py — mock_usage:instantiation
2026-03-27T23:49:45.753672+00:00 SEV-2 WARN: test_p1a_sqlite_hardening.py — mock_usage:import
2026-03-27T23:49:45.753673+00:00 SEV-2 WARN: test_persona_seed.py — mock_usage:import
2026-03-27T23:49:45.753675+00:00 SEV-2 WARN: test_persona_seed.py — mock_usage:instantiation
2026-03-27T23:49:45.753676+00:00 SEV-2 WARN: test_personaforge_client.py — mock_usage:import
2026-03-27T23:49:45.753676+00:00 SEV-2 WARN: test_personaforge_client.py — mock_usage:instantiation
2026-03-27T23:49:45.753677+00:00 SEV-2 WARN: test_pg_migration.py — silent_pass:test_pdf_download_name_contains_id
2026-03-27T23:49:45.753678+00:00 SEV-2 WARN: test_pg_migration.py — mock_usage:instantiation
2026-03-27T23:49:47.136994+00:00 SEV-2 WARN: test_p0b_ftal_integration.py — mock_usage:import
2026-03-27T23:49:47.136997+00:00 SEV-2 WARN: test_p0b_ftal_integration.py — mock_usage:instantiation
2026-03-27T23:49:47.136999+00:00 SEV-2 WARN: test_p1a_sqlite_hardening.py — mock_usage:import
2026-03-27T23:49:47.137000+00:00 SEV-2 WARN: test_persona_seed.py — mock_usage:import
2026-03-27T23:49:47.137001+00:00 SEV-2 WARN: test_persona_seed.py — mock_usage:instantiation
2026-03-27T23:49:47.137002+00:00 SEV-2 WARN: test_personaforge_client.py — mock_usage:import
2026-03-27T23:49:47.137003+00:00 SEV-2 WARN: test_personaforge_client.py — mock_usage:instantiation
2026-03-27T23:49:47.137004+00:00 SEV-2 WARN: test_pg_migration.py — silent_pass:test_pdf_download_name_contains_id
2026-03-27T23:49:47.137005+00:00 SEV-2 WARN: test_pg_migration.py — mock_usage:instantiation
2026-03-27T23:53:20.029102+00:00 SEV-2 WARN: test_p0b_ftal_integration.py — mock_usage:instantiation
2026-03-27T23:53:20.029107+00:00 SEV-2 WARN: test_p0b_ftal_integration.py — mock_usage:import
2026-03-27T23:53:20.029109+00:00 SEV-2 WARN: test_p1a_sqlite_hardening.py — mock_usage:import
2026-03-27T23:53:20.029110+00:00 SEV-2 WARN: test_persona_seed.py — mock_usage:instantiation
2026-03-27T23:53:20.029111+00:00 SEV-2 WARN: test_persona_seed.py — mock_usage:import
2026-03-27T23:53:20.029112+00:00 SEV-2 WARN: test_personaforge_client.py — mock_usage:instantiation
2026-03-27T23:53:20.029113+00:00 SEV-2 WARN: test_personaforge_client.py — mock_usage:import
2026-03-27T23:53:20.029114+00:00 SEV-2 WARN: test_pg_migration.py — silent_pass:test_pdf_download_name_contains_id
2026-03-27T23:53:20.029115+00:00 SEV-2 WARN: test_pg_migration.py — mock_usage:instantiation
2026-03-27T23:53:20.647503+00:00 SEV-2 WARN: test_p0b_ftal_integration.py — mock_usage:instantiation
2026-03-27T23:53:20.647506+00:00 SEV-2 WARN: test_p0b_ftal_integration.py — mock_usage:import
2026-03-27T23:53:20.647508+00:00 SEV-2 WARN: test_p1a_sqlite_hardening.py — mock_usage:import
2026-03-27T23:53:20.647509+00:00 SEV-2 WARN: test_persona_seed.py — mock_usage:instantiation
2026-03-27T23:53:20.647510+00:00 SEV-2 WARN: test_persona_seed.py — mock_usage:import
2026-03-27T23:53:20.647511+00:00 SEV-2 WARN: test_personaforge_client.py — mock_usage:instantiation
2026-03-27T23:53:20.647512+00:00 SEV-2 WARN: test_personaforge_client.py — mock_usage:import
2026-03-27T23:53:20.647513+00:00 SEV-2 WARN: test_pg_migration.py — silent_pass:test_pdf_download_name_contains_id
2026-03-27T23:53:20.647514+00:00 SEV-2 WARN: test_pg_migration.py — mock_usage:instantiation
2026-03-27T23:53:21.403982+00:00 SEV-2 WARN: test_p0b_ftal_integration.py — mock_usage:instantiation
2026-03-27T23:53:21.403986+00:00 SEV-2 WARN: test_p0b_ftal_integration.py — mock_usage:import
2026-03-27T23:53:21.403987+00:00 SEV-2 WARN: test_p1a_sqlite_hardening.py — mock_usage:import
2026-03-27T23:53:21.403988+00:00 SEV-2 WARN: test_persona_seed.py — mock_usage:instantiation
2026-03-27T23:53:21.403989+00:00 SEV-2 WARN: test_persona_seed.py — mock_usage:import
2026-03-27T23:53:21.403990+00:00 SEV-2 WARN: test_personaforge_client.py — mock_usage:instantiation
2026-03-27T23:53:21.403991+00:00 SEV-2 WARN: test_personaforge_client.py — mock_usage:import
2026-03-27T23:53:21.403992+00:00 SEV-2 WARN: test_pg_migration.py — silent_pass:test_pdf_download_name_contains_id
2026-03-27T23:53:21.403993+00:00 SEV-2 WARN: test_pg_migration.py — mock_usage:instantiation
2026-03-27T23:53:22.076999+00:00 SEV-2 WARN: test_p0b_ftal_integration.py — mock_usage:instantiation
2026-03-27T23:53:22.077002+00:00 SEV-2 WARN: test_p0b_ftal_integration.py — mock_usage:import
2026-03-27T23:53:22.077003+00:00 SEV-2 WARN: test_p1a_sqlite_hardening.py — mock_usage:import
2026-03-27T23:53:22.077004+00:00 SEV-2 WARN: test_persona_seed.py — mock_usage:instantiation
2026-03-27T23:53:22.077005+00:00 SEV-2 WARN: test_persona_seed.py — mock_usage:import
2026-03-27T23:53:22.077006+00:00 SEV-2 WARN: test_personaforge_client.py — mock_usage:instantiation
2026-03-27T23:53:22.077007+00:00 SEV-2 WARN: test_personaforge_client.py — mock_usage:import
2026-03-27T23:53:22.077008+00:00 SEV-2 WARN: test_pg_migration.py — silent_pass:test_pdf_download_name_contains_id
2026-03-27T23:53:22.077009+00:00 SEV-2 WARN: test_pg_migration.py — mock_usage:instantiation
2026-03-27T23:53:23.446629+00:00 SEV-2 WARN: test_p0b_ftal_integration.py — mock_usage:instantiation
2026-03-27T23:53:23.446632+00:00 SEV-2 WARN: test_p0b_ftal_integration.py — mock_usage:import
2026-03-27T23:53:23.446634+00:00 SEV-2 WARN: test_p1a_sqlite_hardening.py — mock_usage:import
2026-03-27T23:53:23.446635+00:00 SEV-2 WARN: test_persona_seed.py — mock_usage:instantiation
2026-03-27T23:53:23.446635+00:00 SEV-2 WARN: test_persona_seed.py — mock_usage:import
2026-03-27T23:53:23.446637+00:00 SEV-2 WARN: test_personaforge_client.py — mock_usage:instantiation
2026-03-27T23:53:23.446637+00:00 SEV-2 WARN: test_personaforge_client.py — mock_usage:import
2026-03-27T23:53:23.446638+00:00 SEV-2 WARN: test_pg_migration.py — silent_pass:test_pdf_download_name_contains_id
2026-03-27T23:53:23.446639+00:00 SEV-2 WARN: test_pg_migration.py — mock_usage:instantiation
2026-03-27T23:58:00.839902+00:00 SEV-2 WARN: test_p0b_ftal_integration.py — mock_usage:import
2026-03-27T23:58:00.839906+00:00 SEV-2 WARN: test_p0b_ftal_integration.py — mock_usage:instantiation
2026-03-27T23:58:00.839908+00:00 SEV-2 WARN: test_p1a_sqlite_hardening.py — mock_usage:import
2026-03-27T23:58:00.839909+00:00 SEV-2 WARN: test_persona_seed.py — mock_usage:import
2026-03-27T23:58:00.839910+00:00 SEV-2 WARN: test_persona_seed.py — mock_usage:instantiation
2026-03-27T23:58:00.839911+00:00 SEV-2 WARN: test_personaforge_client.py — mock_usage:import
2026-03-27T23:58:00.839912+00:00 SEV-2 WARN: test_personaforge_client.py — mock_usage:instantiation
2026-03-27T23:58:00.839913+00:00 SEV-2 WARN: test_pg_migration.py — silent_pass:test_pdf_download_name_contains_id
2026-03-27T23:58:00.839914+00:00 SEV-2 WARN: test_pg_migration.py — mock_usage:instantiation
2026-03-27T23:58:01.467091+00:00 SEV-2 WARN: test_p0b_ftal_integration.py — mock_usage:import
2026-03-27T23:58:01.467095+00:00 SEV-2 WARN: test_p0b_ftal_integration.py — mock_usage:instantiation
2026-03-27T23:58:01.467097+00:00 SEV-2 WARN: test_p1a_sqlite_hardening.py — mock_usage:import
2026-03-27T23:58:01.467098+00:00 SEV-2 WARN: test_persona_seed.py — mock_usage:import
2026-03-27T23:58:01.467099+00:00 SEV-2 WARN: test_persona_seed.py — mock_usage:instantiation
2026-03-27T23:58:01.467100+00:00 SEV-2 WARN: test_personaforge_client.py — mock_usage:import
2026-03-27T23:58:01.467101+00:00 SEV-2 WARN: test_personaforge_client.py — mock_usage:instantiation
2026-03-27T23:58:01.467102+00:00 SEV-2 WARN: test_pg_migration.py — silent_pass:test_pdf_download_name_contains_id
2026-03-27T23:58:01.467103+00:00 SEV-2 WARN: test_pg_migration.py — mock_usage:instantiation
2026-03-27T23:58:02.222070+00:00 SEV-2 WARN: test_p0b_ftal_integration.py — mock_usage:import
2026-03-27T23:58:02.222074+00:00 SEV-2 WARN: test_p0b_ftal_integration.py — mock_usage:instantiation
2026-03-27T23:58:02.222075+00:00 SEV-2 WARN: test_p1a_sqlite_hardening.py — mock_usage:import
2026-03-27T23:58:02.222076+00:00 SEV-2 WARN: test_persona_seed.py — mock_usage:import
2026-03-27T23:58:02.222077+00:00 SEV-2 WARN: test_persona_seed.py — mock_usage:instantiation
2026-03-27T23:58:02.222078+00:00 SEV-2 WARN: test_personaforge_client.py — mock_usage:import
2026-03-27T23:58:02.222079+00:00 SEV-2 WARN: test_personaforge_client.py — mock_usage:instantiation
2026-03-27T23:58:02.222080+00:00 SEV-2 WARN: test_pg_migration.py — silent_pass:test_pdf_download_name_contains_id
2026-03-27T23:58:02.222081+00:00 SEV-2 WARN: test_pg_migration.py — mock_usage:instantiation
2026-03-27T23:58:02.853934+00:00 SEV-2 WARN: test_p0b_ftal_integration.py — mock_usage:import
2026-03-27T23:58:02.853938+00:00 SEV-2 WARN: test_p0b_ftal_integration.py — mock_usage:instantiation
2026-03-27T23:58:02.853939+00:00 SEV-2 WARN: test_p1a_sqlite_hardening.py — mock_usage:import
2026-03-27T23:58:02.853941+00:00 SEV-2 WARN: test_persona_seed.py — mock_usage:import
2026-03-27T23:58:02.853942+00:00 SEV-2 WARN: test_persona_seed.py — mock_usage:instantiation
2026-03-27T23:58:02.853942+00:00 SEV-2 WARN: test_personaforge_client.py — mock_usage:import
2026-03-27T23:58:02.853943+00:00 SEV-2 WARN: test_personaforge_client.py — mock_usage:instantiation
2026-03-27T23:58:02.853944+00:00 SEV-2 WARN: test_pg_migration.py — silent_pass:test_pdf_download_name_contains_id
2026-03-27T23:58:02.853945+00:00 SEV-2 WARN: test_pg_migration.py — mock_usage:instantiation
2026-03-27T23:58:04.239524+00:00 SEV-2 WARN: test_p0b_ftal_integration.py — mock_usage:import
2026-03-27T23:58:04.239528+00:00 SEV-2 WARN: test_p0b_ftal_integration.py — mock_usage:instantiation
2026-03-27T23:58:04.239529+00:00 SEV-2 WARN: test_p1a_sqlite_hardening.py — mock_usage:import
2026-03-27T23:58:04.239530+00:00 SEV-2 WARN: test_persona_seed.py — mock_usage:import
2026-03-27T23:58:04.239531+00:00 SEV-2 WARN: test_persona_seed.py — mock_usage:instantiation
2026-03-27T23:58:04.239532+00:00 SEV-2 WARN: test_personaforge_client.py — mock_usage:import
2026-03-27T23:58:04.239533+00:00 SEV-2 WARN: test_personaforge_client.py — mock_usage:instantiation
2026-03-27T23:58:04.239534+00:00 SEV-2 WARN: test_pg_migration.py — silent_pass:test_pdf_download_name_contains_id
2026-03-27T23:58:04.239534+00:00 SEV-2 WARN: test_pg_migration.py — mock_usage:instantiation
2026-03-28T03:32:48.135784+00:00 SEV-2 WARN: test_deep_profile_staleness.py — silent_pass:test_status_200_has_required_fields
2026-03-28T03:32:48.135788+00:00 SEV-2 WARN: test_deep_profile_staleness.py — mock_usage:import
2026-03-28T03:32:48.135790+00:00 SEV-2 WARN: test_feedback_loop.py — silent_pass:test_correlations_200_has_required_fields
2026-03-28T03:32:48.135803+00:00 SEV-2 WARN: test_feedback_loop.py — silent_pass:test_feedback_summary_200_has_counts
2026-03-28T03:32:48.135804+00:00 SEV-2 WARN: test_feedback_loop.py — mock_usage:import
2026-03-28T03:32:48.135805+00:00 SEV-2 WARN: test_feedback_loop.py — mock_usage:instantiation
2026-03-28T03:32:48.135806+00:00 SEV-2 WARN: test_graph_traceability.py — silent_pass:test_coverage_200_has_required_fields
2026-03-28T03:32:48.135807+00:00 SEV-2 WARN: test_graph_traceability.py — silent_pass:test_coverage_pct_between_0_and_100
2026-03-28T03:32:48.135807+00:00 SEV-2 WARN: test_graph_traceability.py — mock_usage:import
2026-03-28T03:32:48.135808+00:00 SEV-2 WARN: test_graph_traceability.py — mock_usage:instantiation
2026-03-28T03:32:48.135809+00:00 SEV-2 WARN: test_linkedin_narrative_regen.py — mock_usage:import
2026-03-28T03:32:48.135810+00:00 SEV-2 WARN: test_ml_feedback_loop.py — mock_usage:import
2026-03-28T03:32:48.135810+00:00 SEV-2 WARN: test_ml_feedback_loop.py — mock_usage:instantiation
2026-03-28T03:32:48.135811+00:00 SEV-2 WARN: test_p0b_ftal_integration.py — mock_usage:import
2026-03-28T03:32:48.135812+00:00 SEV-2 WARN: test_p0b_ftal_integration.py — mock_usage:instantiation
2026-03-28T03:32:48.135813+00:00 SEV-2 WARN: test_p1a_sqlite_hardening.py — mock_usage:import
2026-03-28T03:32:48.135813+00:00 SEV-2 WARN: test_parallel_orchestrator.py — mock_usage:import
2026-03-28T03:32:48.135814+00:00 SEV-2 WARN: test_persona_seed.py — mock_usage:import
2026-03-28T03:32:48.135815+00:00 SEV-2 WARN: test_persona_seed.py — mock_usage:instantiation
2026-03-28T03:32:48.135815+00:00 SEV-2 WARN: test_personaforge_client.py — mock_usage:import
2026-03-28T03:32:48.135816+00:00 SEV-2 WARN: test_personaforge_client.py — mock_usage:instantiation
2026-03-28T03:32:48.135817+00:00 SEV-2 WARN: test_pg_migration.py — silent_pass:test_pdf_download_name_contains_id
2026-03-28T03:32:48.135818+00:00 SEV-2 WARN: test_pg_migration.py — mock_usage:instantiation
2026-03-28T03:32:48.931372+00:00 SEV-2 WARN: test_deep_profile_staleness.py — silent_pass:test_status_200_has_required_fields
2026-03-28T03:32:48.931376+00:00 SEV-2 WARN: test_deep_profile_staleness.py — mock_usage:import
2026-03-28T03:32:48.931377+00:00 SEV-2 WARN: test_feedback_loop.py — silent_pass:test_correlations_200_has_required_fields
2026-03-28T03:32:48.931378+00:00 SEV-2 WARN: test_feedback_loop.py — silent_pass:test_feedback_summary_200_has_counts
2026-03-28T03:32:48.931379+00:00 SEV-2 WARN: test_feedback_loop.py — mock_usage:import
2026-03-28T03:32:48.931380+00:00 SEV-2 WARN: test_feedback_loop.py — mock_usage:instantiation
2026-03-28T03:32:48.931381+00:00 SEV-2 WARN: test_graph_traceability.py — silent_pass:test_coverage_200_has_required_fields
2026-03-28T03:32:48.931381+00:00 SEV-2 WARN: test_graph_traceability.py — silent_pass:test_coverage_pct_between_0_and_100
2026-03-28T03:32:48.931382+00:00 SEV-2 WARN: test_graph_traceability.py — mock_usage:import
2026-03-28T03:32:48.931383+00:00 SEV-2 WARN: test_graph_traceability.py — mock_usage:instantiation
2026-03-28T03:32:48.931383+00:00 SEV-2 WARN: test_linkedin_narrative_regen.py — mock_usage:import
2026-03-28T03:32:48.931384+00:00 SEV-2 WARN: test_ml_feedback_loop.py — mock_usage:import
2026-03-28T03:32:48.931385+00:00 SEV-2 WARN: test_ml_feedback_loop.py — mock_usage:instantiation
2026-03-28T03:32:48.931385+00:00 SEV-2 WARN: test_p0b_ftal_integration.py — mock_usage:import
2026-03-28T03:32:48.931386+00:00 SEV-2 WARN: test_p0b_ftal_integration.py — mock_usage:instantiation
2026-03-28T03:32:48.931387+00:00 SEV-2 WARN: test_p1a_sqlite_hardening.py — mock_usage:import
2026-03-28T03:32:48.931387+00:00 SEV-2 WARN: test_parallel_orchestrator.py — mock_usage:import
2026-03-28T03:32:48.931388+00:00 SEV-2 WARN: test_persona_seed.py — mock_usage:import
2026-03-28T03:32:48.931389+00:00 SEV-2 WARN: test_persona_seed.py — mock_usage:instantiation
2026-03-28T03:32:48.931390+00:00 SEV-2 WARN: test_personaforge_client.py — mock_usage:import
2026-03-28T03:32:48.931391+00:00 SEV-2 WARN: test_personaforge_client.py — mock_usage:instantiation
2026-03-28T03:32:48.931391+00:00 SEV-2 WARN: test_pg_migration.py — silent_pass:test_pdf_download_name_contains_id
2026-03-28T03:32:48.931392+00:00 SEV-2 WARN: test_pg_migration.py — mock_usage:instantiation
2026-03-28T03:38:12.535595+00:00 SEV-2 WARN: test_deep_profile_staleness.py — silent_pass:test_status_200_has_required_fields
2026-03-28T03:38:12.535599+00:00 SEV-2 WARN: test_deep_profile_staleness.py — mock_usage:import
2026-03-28T03:38:12.535600+00:00 SEV-2 WARN: test_feedback_loop.py — silent_pass:test_correlations_200_has_required_fields
2026-03-28T03:38:12.535601+00:00 SEV-2 WARN: test_feedback_loop.py — silent_pass:test_feedback_summary_200_has_counts
2026-03-28T03:38:12.535602+00:00 SEV-2 WARN: test_feedback_loop.py — mock_usage:import
2026-03-28T03:38:12.535602+00:00 SEV-2 WARN: test_feedback_loop.py — mock_usage:instantiation
2026-03-28T03:38:12.535603+00:00 SEV-2 WARN: test_graph_traceability.py — silent_pass:test_coverage_200_has_required_fields
2026-03-28T03:38:12.535604+00:00 SEV-2 WARN: test_graph_traceability.py — silent_pass:test_coverage_pct_between_0_and_100
2026-03-28T03:38:12.535604+00:00 SEV-2 WARN: test_graph_traceability.py — mock_usage:import
2026-03-28T03:38:12.535605+00:00 SEV-2 WARN: test_graph_traceability.py — mock_usage:instantiation
2026-03-28T03:38:12.535606+00:00 SEV-2 WARN: test_linkedin_narrative_regen.py — mock_usage:import
2026-03-28T03:38:12.535607+00:00 SEV-2 WARN: test_ml_feedback_loop.py — mock_usage:import
2026-03-28T03:38:12.535607+00:00 SEV-2 WARN: test_ml_feedback_loop.py — mock_usage:instantiation
2026-03-28T03:38:12.535608+00:00 SEV-2 WARN: test_p0b_ftal_integration.py — mock_usage:import
2026-03-28T03:38:12.535609+00:00 SEV-2 WARN: test_p0b_ftal_integration.py — mock_usage:instantiation
2026-03-28T03:38:12.535609+00:00 SEV-2 WARN: test_p1a_sqlite_hardening.py — mock_usage:import
2026-03-28T03:38:12.535610+00:00 SEV-2 WARN: test_parallel_orchestrator.py — mock_usage:import
2026-03-28T03:38:12.535611+00:00 SEV-2 WARN: test_persona_seed.py — mock_usage:import
2026-03-28T03:38:12.535611+00:00 SEV-2 WARN: test_persona_seed.py — mock_usage:instantiation
2026-03-28T03:38:12.535612+00:00 SEV-2 WARN: test_personaforge_client.py — mock_usage:import
2026-03-28T03:38:12.535613+00:00 SEV-2 WARN: test_personaforge_client.py — mock_usage:instantiation
2026-03-28T03:38:12.535613+00:00 SEV-2 WARN: test_pg_migration.py — silent_pass:test_pdf_download_name_contains_id
2026-03-28T03:38:12.535614+00:00 SEV-2 WARN: test_pg_migration.py — mock_usage:instantiation
2026-03-28T03:38:13.220075+00:00 SEV-2 WARN: test_deep_profile_staleness.py — silent_pass:test_status_200_has_required_fields
2026-03-28T03:38:13.220079+00:00 SEV-2 WARN: test_deep_profile_staleness.py — mock_usage:import
2026-03-28T03:38:13.220080+00:00 SEV-2 WARN: test_feedback_loop.py — silent_pass:test_correlations_200_has_required_fields
2026-03-28T03:38:13.220081+00:00 SEV-2 WARN: test_feedback_loop.py — silent_pass:test_feedback_summary_200_has_counts
2026-03-28T03:38:13.220082+00:00 SEV-2 WARN: test_feedback_loop.py — mock_usage:instantiation
2026-03-28T03:38:13.220083+00:00 SEV-2 WARN: test_feedback_loop.py — mock_usage:import
2026-03-28T03:38:13.220084+00:00 SEV-2 WARN: test_graph_traceability.py — silent_pass:test_coverage_200_has_required_fields
2026-03-28T03:38:13.220084+00:00 SEV-2 WARN: test_graph_traceability.py — silent_pass:test_coverage_pct_between_0_and_100
2026-03-28T03:38:13.220085+00:00 SEV-2 WARN: test_graph_traceability.py — mock_usage:instantiation
2026-03-28T03:38:13.220086+00:00 SEV-2 WARN: test_graph_traceability.py — mock_usage:import
2026-03-28T03:38:13.220086+00:00 SEV-2 WARN: test_linkedin_narrative_regen.py — mock_usage:import
2026-03-28T03:38:13.220087+00:00 SEV-2 WARN: test_ml_feedback_loop.py — mock_usage:instantiation
2026-03-28T03:38:13.220088+00:00 SEV-2 WARN: test_ml_feedback_loop.py — mock_usage:import
2026-03-28T03:38:13.220088+00:00 SEV-2 WARN: test_p0b_ftal_integration.py — mock_usage:instantiation
2026-03-28T03:38:13.220089+00:00 SEV-2 WARN: test_p0b_ftal_integration.py — mock_usage:import
2026-03-28T03:38:13.220090+00:00 SEV-2 WARN: test_p1a_sqlite_hardening.py — mock_usage:import
2026-03-28T03:38:13.220090+00:00 SEV-2 WARN: test_parallel_orchestrator.py — mock_usage:import
2026-03-28T03:38:13.220091+00:00 SEV-2 WARN: test_persona_seed.py — mock_usage:instantiation
2026-03-28T03:38:13.220092+00:00 SEV-2 WARN: test_persona_seed.py — mock_usage:import
2026-03-28T03:38:13.220093+00:00 SEV-2 WARN: test_personaforge_client.py — mock_usage:instantiation
2026-03-28T03:38:13.220093+00:00 SEV-2 WARN: test_personaforge_client.py — mock_usage:import
2026-03-28T03:38:13.220094+00:00 SEV-2 WARN: test_pg_migration.py — silent_pass:test_pdf_download_name_contains_id
2026-03-28T03:38:13.220095+00:00 SEV-2 WARN: test_pg_migration.py — mock_usage:instantiation
2026-03-28T03:42:46.963254+00:00 SEV-2 WARN: test_deep_profile_staleness.py — silent_pass:test_status_200_has_required_fields
2026-03-28T03:42:46.963258+00:00 SEV-2 WARN: test_deep_profile_staleness.py — mock_usage:import
2026-03-28T03:42:46.963259+00:00 SEV-2 WARN: test_feedback_loop.py — silent_pass:test_correlations_200_has_required_fields
2026-03-28T03:42:46.963260+00:00 SEV-2 WARN: test_feedback_loop.py — silent_pass:test_feedback_summary_200_has_counts
2026-03-28T03:42:46.963261+00:00 SEV-2 WARN: test_feedback_loop.py — mock_usage:import
2026-03-28T03:42:46.963262+00:00 SEV-2 WARN: test_feedback_loop.py — mock_usage:instantiation
2026-03-28T03:42:46.963263+00:00 SEV-2 WARN: test_graph_traceability.py — silent_pass:test_coverage_200_has_required_fields
2026-03-28T03:42:46.963263+00:00 SEV-2 WARN: test_graph_traceability.py — silent_pass:test_coverage_pct_between_0_and_100
2026-03-28T03:42:46.963264+00:00 SEV-2 WARN: test_graph_traceability.py — mock_usage:import
2026-03-28T03:42:46.963265+00:00 SEV-2 WARN: test_graph_traceability.py — mock_usage:instantiation
2026-03-28T03:42:46.963266+00:00 SEV-2 WARN: test_linkedin_narrative_regen.py — mock_usage:import
2026-03-28T03:42:46.963266+00:00 SEV-2 WARN: test_ml_feedback_loop.py — mock_usage:import
2026-03-28T03:42:46.963267+00:00 SEV-2 WARN: test_ml_feedback_loop.py — mock_usage:instantiation
2026-03-28T03:42:46.963268+00:00 SEV-2 WARN: test_p0b_ftal_integration.py — mock_usage:import
2026-03-28T03:42:46.963269+00:00 SEV-2 WARN: test_p0b_ftal_integration.py — mock_usage:instantiation
2026-03-28T03:42:46.963270+00:00 SEV-2 WARN: test_p1a_sqlite_hardening.py — mock_usage:import
2026-03-28T03:42:46.963270+00:00 SEV-2 WARN: test_parallel_orchestrator.py — mock_usage:import
2026-03-28T03:42:46.963271+00:00 SEV-2 WARN: test_persona_seed.py — mock_usage:import
2026-03-28T03:42:46.963272+00:00 SEV-2 WARN: test_persona_seed.py — mock_usage:instantiation
2026-03-28T03:42:46.963273+00:00 SEV-2 WARN: test_personaforge_client.py — mock_usage:import
2026-03-28T03:42:46.963273+00:00 SEV-2 WARN: test_personaforge_client.py — mock_usage:instantiation
2026-03-28T03:42:46.963274+00:00 SEV-2 WARN: test_pg_migration.py — silent_pass:test_pdf_download_name_contains_id
2026-03-28T03:42:46.963275+00:00 SEV-2 WARN: test_pg_migration.py — mock_usage:instantiation
2026-03-28T03:42:47.638286+00:00 SEV-2 WARN: test_deep_profile_staleness.py — silent_pass:test_status_200_has_required_fields
2026-03-28T03:42:47.638289+00:00 SEV-2 WARN: test_deep_profile_staleness.py — mock_usage:import
2026-03-28T03:42:47.638291+00:00 SEV-2 WARN: test_feedback_loop.py — silent_pass:test_correlations_200_has_required_fields
2026-03-28T03:42:47.638292+00:00 SEV-2 WARN: test_feedback_loop.py — silent_pass:test_feedback_summary_200_has_counts
2026-03-28T03:42:47.638293+00:00 SEV-2 WARN: test_feedback_loop.py — mock_usage:instantiation
2026-03-28T03:42:47.638293+00:00 SEV-2 WARN: test_feedback_loop.py — mock_usage:import
2026-03-28T03:42:47.638294+00:00 SEV-2 WARN: test_graph_traceability.py — silent_pass:test_coverage_200_has_required_fields
2026-03-28T03:42:47.638295+00:00 SEV-2 WARN: test_graph_traceability.py — silent_pass:test_coverage_pct_between_0_and_100
2026-03-28T03:42:47.638295+00:00 SEV-2 WARN: test_graph_traceability.py — mock_usage:instantiation
2026-03-28T03:42:47.638296+00:00 SEV-2 WARN: test_graph_traceability.py — mock_usage:import
2026-03-28T03:42:47.638297+00:00 SEV-2 WARN: test_linkedin_narrative_regen.py — mock_usage:import
2026-03-28T03:42:47.638298+00:00 SEV-2 WARN: test_ml_feedback_loop.py — mock_usage:instantiation
2026-03-28T03:42:47.638298+00:00 SEV-2 WARN: test_ml_feedback_loop.py — mock_usage:import
2026-03-28T03:42:47.638299+00:00 SEV-2 WARN: test_p0b_ftal_integration.py — mock_usage:instantiation
2026-03-28T03:42:47.638300+00:00 SEV-2 WARN: test_p0b_ftal_integration.py — mock_usage:import
2026-03-28T03:42:47.638300+00:00 SEV-2 WARN: test_p1a_sqlite_hardening.py — mock_usage:import
2026-03-28T03:42:47.638301+00:00 SEV-2 WARN: test_parallel_orchestrator.py — mock_usage:import
2026-03-28T03:42:47.638302+00:00 SEV-2 WARN: test_persona_seed.py — mock_usage:instantiation
2026-03-28T03:42:47.638303+00:00 SEV-2 WARN: test_persona_seed.py — mock_usage:import
2026-03-28T03:42:47.638303+00:00 SEV-2 WARN: test_personaforge_client.py — mock_usage:instantiation
2026-03-28T03:42:47.638304+00:00 SEV-2 WARN: test_personaforge_client.py — mock_usage:import
2026-03-28T03:42:47.638305+00:00 SEV-2 WARN: test_pg_migration.py — silent_pass:test_pdf_download_name_contains_id
2026-03-28T03:42:47.638305+00:00 SEV-2 WARN: test_pg_migration.py — mock_usage:instantiation
2026-03-28T05:06:35.969747+00:00 SEV-2 WARN: test_deep_profile_staleness.py — silent_pass:test_status_200_has_required_fields
2026-03-28T05:06:35.969752+00:00 SEV-2 WARN: test_deep_profile_staleness.py — mock_usage:import
2026-03-28T05:06:35.969754+00:00 SEV-2 WARN: test_feedback_loop.py — silent_pass:test_correlations_200_has_required_fields
2026-03-28T05:06:35.969756+00:00 SEV-2 WARN: test_feedback_loop.py — silent_pass:test_feedback_summary_200_has_counts
2026-03-28T05:06:35.969757+00:00 SEV-2 WARN: test_feedback_loop.py — mock_usage:import
2026-03-28T05:06:35.969758+00:00 SEV-2 WARN: test_feedback_loop.py — mock_usage:instantiation
2026-03-28T05:06:35.969759+00:00 SEV-2 WARN: test_graph_traceability.py — silent_pass:test_coverage_200_has_required_fields
2026-03-28T05:06:35.969760+00:00 SEV-2 WARN: test_graph_traceability.py — silent_pass:test_coverage_pct_between_0_and_100
2026-03-28T05:06:35.969761+00:00 SEV-2 WARN: test_graph_traceability.py — mock_usage:import
2026-03-28T05:06:35.969762+00:00 SEV-2 WARN: test_graph_traceability.py — mock_usage:instantiation
2026-03-28T05:06:35.969763+00:00 SEV-2 WARN: test_linkedin_narrative_regen.py — mock_usage:import
2026-03-28T05:06:35.969764+00:00 SEV-2 WARN: test_ml_feedback_loop.py — mock_usage:import
2026-03-28T05:06:35.969765+00:00 SEV-2 WARN: test_ml_feedback_loop.py — mock_usage:instantiation
2026-03-28T05:06:35.969766+00:00 SEV-2 WARN: test_p0b_ftal_integration.py — mock_usage:import
2026-03-28T05:06:35.969767+00:00 SEV-2 WARN: test_p0b_ftal_integration.py — mock_usage:instantiation
2026-03-28T05:06:35.969768+00:00 SEV-2 WARN: test_p1a_sqlite_hardening.py — mock_usage:import
2026-03-28T05:06:35.969769+00:00 SEV-2 WARN: test_p3a_security.py — mock_usage:import
2026-03-28T05:06:35.969770+00:00 SEV-2 WARN: test_p3a_security.py — mock_usage:instantiation
2026-03-28T05:06:35.969771+00:00 SEV-2 WARN: test_parallel_orchestrator.py — mock_usage:import
2026-03-28T05:06:35.969772+00:00 SEV-2 WARN: test_persona_seed.py — mock_usage:import
2026-03-28T05:06:35.969773+00:00 SEV-2 WARN: test_persona_seed.py — mock_usage:instantiation
2026-03-28T05:06:35.969774+00:00 SEV-2 WARN: test_personaforge_client.py — mock_usage:import
2026-03-28T05:06:35.969775+00:00 SEV-2 WARN: test_personaforge_client.py — mock_usage:instantiation
2026-03-28T05:06:35.969776+00:00 SEV-2 WARN: test_pg_migration.py — silent_pass:test_pdf_download_name_contains_id
2026-03-28T05:06:35.969776+00:00 SEV-2 WARN: test_pg_migration.py — mock_usage:instantiation
2026-03-28T05:06:36.912553+00:00 SEV-2 WARN: test_deep_profile_staleness.py — silent_pass:test_status_200_has_required_fields
2026-03-28T05:06:36.912560+00:00 SEV-2 WARN: test_deep_profile_staleness.py — mock_usage:import
2026-03-28T05:06:36.912564+00:00 SEV-2 WARN: test_feedback_loop.py — silent_pass:test_correlations_200_has_required_fields
2026-03-28T05:06:36.912567+00:00 SEV-2 WARN: test_feedback_loop.py — silent_pass:test_feedback_summary_200_has_counts
2026-03-28T05:06:36.912569+00:00 SEV-2 WARN: test_feedback_loop.py — mock_usage:import
2026-03-28T05:06:36.912571+00:00 SEV-2 WARN: test_feedback_loop.py — mock_usage:instantiation
2026-03-28T05:06:36.912573+00:00 SEV-2 WARN: test_graph_traceability.py — silent_pass:test_coverage_200_has_required_fields
2026-03-28T05:06:36.912575+00:00 SEV-2 WARN: test_graph_traceability.py — silent_pass:test_coverage_pct_between_0_and_100
2026-03-28T05:06:36.912577+00:00 SEV-2 WARN: test_graph_traceability.py — mock_usage:import
2026-03-28T05:06:36.912579+00:00 SEV-2 WARN: test_graph_traceability.py — mock_usage:instantiation
2026-03-28T05:06:36.912581+00:00 SEV-2 WARN: test_linkedin_narrative_regen.py — mock_usage:import
2026-03-28T05:06:36.912583+00:00 SEV-2 WARN: test_ml_feedback_loop.py — mock_usage:import
2026-03-28T05:06:36.912585+00:00 SEV-2 WARN: test_ml_feedback_loop.py — mock_usage:instantiation
2026-03-28T05:06:36.912587+00:00 SEV-2 WARN: test_p0b_ftal_integration.py — mock_usage:import
2026-03-28T05:06:36.912589+00:00 SEV-2 WARN: test_p0b_ftal_integration.py — mock_usage:instantiation
2026-03-28T05:06:36.912591+00:00 SEV-2 WARN: test_p1a_sqlite_hardening.py — mock_usage:import
2026-03-28T05:06:36.912593+00:00 SEV-2 WARN: test_p3a_security.py — mock_usage:import
2026-03-28T05:06:36.912595+00:00 SEV-2 WARN: test_p3a_security.py — mock_usage:instantiation
2026-03-28T05:06:36.912597+00:00 SEV-2 WARN: test_parallel_orchestrator.py — mock_usage:import
2026-03-28T05:06:36.912600+00:00 SEV-2 WARN: test_persona_seed.py — mock_usage:import
2026-03-28T05:06:36.912601+00:00 SEV-2 WARN: test_persona_seed.py — mock_usage:instantiation
2026-03-28T05:06:36.912604+00:00 SEV-2 WARN: test_personaforge_client.py — mock_usage:import
2026-03-28T05:06:36.912605+00:00 SEV-2 WARN: test_personaforge_client.py — mock_usage:instantiation
2026-03-28T05:06:36.912607+00:00 SEV-2 WARN: test_pg_migration.py — silent_pass:test_pdf_download_name_contains_id
2026-03-28T05:06:36.912609+00:00 SEV-2 WARN: test_pg_migration.py — mock_usage:instantiation
2026-03-28T05:06:37.719610+00:00 SEV-2 WARN: test_deep_profile_staleness.py — silent_pass:test_status_200_has_required_fields
2026-03-28T05:06:37.719614+00:00 SEV-2 WARN: test_deep_profile_staleness.py — mock_usage:import
2026-03-28T05:06:37.719615+00:00 SEV-2 WARN: test_feedback_loop.py — silent_pass:test_correlations_200_has_required_fields
2026-03-28T05:06:37.719617+00:00 SEV-2 WARN: test_feedback_loop.py — silent_pass:test_feedback_summary_200_has_counts
2026-03-28T05:06:37.719618+00:00 SEV-2 WARN: test_feedback_loop.py — mock_usage:import
2026-03-28T05:06:37.719619+00:00 SEV-2 WARN: test_feedback_loop.py — mock_usage:instantiation
2026-03-28T05:06:37.719620+00:00 SEV-2 WARN: test_graph_traceability.py — silent_pass:test_coverage_200_has_required_fields
2026-03-28T05:06:37.719621+00:00 SEV-2 WARN: test_graph_traceability.py — silent_pass:test_coverage_pct_between_0_and_100
2026-03-28T05:06:37.719622+00:00 SEV-2 WARN: test_graph_traceability.py — mock_usage:import
2026-03-28T05:06:37.719623+00:00 SEV-2 WARN: test_graph_traceability.py — mock_usage:instantiation
2026-03-28T05:06:37.719624+00:00 SEV-2 WARN: test_linkedin_narrative_regen.py — mock_usage:import
2026-03-28T05:06:37.719625+00:00 SEV-2 WARN: test_ml_feedback_loop.py — mock_usage:import
2026-03-28T05:06:37.719626+00:00 SEV-2 WARN: test_ml_feedback_loop.py — mock_usage:instantiation
2026-03-28T05:06:37.719627+00:00 SEV-2 WARN: test_p0b_ftal_integration.py — mock_usage:import
2026-03-28T05:06:37.719628+00:00 SEV-2 WARN: test_p0b_ftal_integration.py — mock_usage:instantiation
2026-03-28T05:06:37.719629+00:00 SEV-2 WARN: test_p1a_sqlite_hardening.py — mock_usage:import
2026-03-28T05:06:37.719629+00:00 SEV-2 WARN: test_p3a_security.py — mock_usage:import
2026-03-28T05:06:37.719630+00:00 SEV-2 WARN: test_p3a_security.py — mock_usage:instantiation
2026-03-28T05:06:37.719631+00:00 SEV-2 WARN: test_parallel_orchestrator.py — mock_usage:import
2026-03-28T05:06:37.719632+00:00 SEV-2 WARN: test_persona_seed.py — mock_usage:import
2026-03-28T05:06:37.719633+00:00 SEV-2 WARN: test_persona_seed.py — mock_usage:instantiation
2026-03-28T05:06:37.719634+00:00 SEV-2 WARN: test_personaforge_client.py — mock_usage:import
2026-03-28T05:06:37.719635+00:00 SEV-2 WARN: test_personaforge_client.py — mock_usage:instantiation
2026-03-28T05:06:37.719636+00:00 SEV-2 WARN: test_pg_migration.py — silent_pass:test_pdf_download_name_contains_id
2026-03-28T05:06:37.719637+00:00 SEV-2 WARN: test_pg_migration.py — mock_usage:instantiation
2026-03-28T05:06:38.397495+00:00 SEV-2 WARN: test_deep_profile_staleness.py — silent_pass:test_status_200_has_required_fields
2026-03-28T05:06:38.397499+00:00 SEV-2 WARN: test_deep_profile_staleness.py — mock_usage:import
2026-03-28T05:06:38.397500+00:00 SEV-2 WARN: test_feedback_loop.py — silent_pass:test_correlations_200_has_required_fields
2026-03-28T05:06:38.397501+00:00 SEV-2 WARN: test_feedback_loop.py — silent_pass:test_feedback_summary_200_has_counts
2026-03-28T05:06:38.397502+00:00 SEV-2 WARN: test_feedback_loop.py — mock_usage:import
2026-03-28T05:06:38.397503+00:00 SEV-2 WARN: test_feedback_loop.py — mock_usage:instantiation
2026-03-28T05:06:38.397504+00:00 SEV-2 WARN: test_graph_traceability.py — silent_pass:test_coverage_200_has_required_fields
2026-03-28T05:06:38.397506+00:00 SEV-2 WARN: test_graph_traceability.py — silent_pass:test_coverage_pct_between_0_and_100
2026-03-28T05:06:38.397506+00:00 SEV-2 WARN: test_graph_traceability.py — mock_usage:import
2026-03-28T05:06:38.397508+00:00 SEV-2 WARN: test_graph_traceability.py — mock_usage:instantiation
2026-03-28T05:06:38.397509+00:00 SEV-2 WARN: test_linkedin_narrative_regen.py — mock_usage:import
2026-03-28T05:06:38.397510+00:00 SEV-2 WARN: test_ml_feedback_loop.py — mock_usage:import
2026-03-28T05:06:38.397511+00:00 SEV-2 WARN: test_ml_feedback_loop.py — mock_usage:instantiation
2026-03-28T05:06:38.397512+00:00 SEV-2 WARN: test_p0b_ftal_integration.py — mock_usage:import
2026-03-28T05:06:38.397512+00:00 SEV-2 WARN: test_p0b_ftal_integration.py — mock_usage:instantiation
2026-03-28T05:06:38.397513+00:00 SEV-2 WARN: test_p1a_sqlite_hardening.py — mock_usage:import
2026-03-28T05:06:38.397514+00:00 SEV-2 WARN: test_p3a_security.py — mock_usage:import
2026-03-28T05:06:38.397515+00:00 SEV-2 WARN: test_p3a_security.py — mock_usage:instantiation
2026-03-28T05:06:38.397516+00:00 SEV-2 WARN: test_parallel_orchestrator.py — mock_usage:import
2026-03-28T05:06:38.397517+00:00 SEV-2 WARN: test_persona_seed.py — mock_usage:import
2026-03-28T05:06:38.397518+00:00 SEV-2 WARN: test_persona_seed.py — mock_usage:instantiation
2026-03-28T05:06:38.397519+00:00 SEV-2 WARN: test_personaforge_client.py — mock_usage:import
2026-03-28T05:06:38.397520+00:00 SEV-2 WARN: test_personaforge_client.py — mock_usage:instantiation
2026-03-28T05:06:38.397521+00:00 SEV-2 WARN: test_pg_migration.py — silent_pass:test_pdf_download_name_contains_id
2026-03-28T05:06:38.397522+00:00 SEV-2 WARN: test_pg_migration.py — mock_usage:instantiation
2026-03-28T05:06:39.877425+00:00 SEV-2 WARN: test_deep_profile_staleness.py — silent_pass:test_status_200_has_required_fields
2026-03-28T05:06:39.877429+00:00 SEV-2 WARN: test_deep_profile_staleness.py — mock_usage:import
2026-03-28T05:06:39.877431+00:00 SEV-2 WARN: test_feedback_loop.py — silent_pass:test_correlations_200_has_required_fields
2026-03-28T05:06:39.877432+00:00 SEV-2 WARN: test_feedback_loop.py — silent_pass:test_feedback_summary_200_has_counts
2026-03-28T05:06:39.877433+00:00 SEV-2 WARN: test_feedback_loop.py — mock_usage:import
2026-03-28T05:06:39.877434+00:00 SEV-2 WARN: test_feedback_loop.py — mock_usage:instantiation
2026-03-28T05:06:39.877435+00:00 SEV-2 WARN: test_graph_traceability.py — silent_pass:test_coverage_200_has_required_fields
2026-03-28T05:06:39.877436+00:00 SEV-2 WARN: test_graph_traceability.py — silent_pass:test_coverage_pct_between_0_and_100
2026-03-28T05:06:39.877437+00:00 SEV-2 WARN: test_graph_traceability.py — mock_usage:import
2026-03-28T05:06:39.877438+00:00 SEV-2 WARN: test_graph_traceability.py — mock_usage:instantiation
2026-03-28T05:06:39.877439+00:00 SEV-2 WARN: test_linkedin_narrative_regen.py — mock_usage:import
2026-03-28T05:06:39.877440+00:00 SEV-2 WARN: test_ml_feedback_loop.py — mock_usage:import
2026-03-28T05:06:39.877441+00:00 SEV-2 WARN: test_ml_feedback_loop.py — mock_usage:instantiation
2026-03-28T05:06:39.877442+00:00 SEV-2 WARN: test_p0b_ftal_integration.py — mock_usage:import
2026-03-28T05:06:39.877443+00:00 SEV-2 WARN: test_p0b_ftal_integration.py — mock_usage:instantiation
2026-03-28T05:06:39.877444+00:00 SEV-2 WARN: test_p1a_sqlite_hardening.py — mock_usage:import
2026-03-28T05:06:39.877445+00:00 SEV-2 WARN: test_p3a_security.py — mock_usage:import
2026-03-28T05:06:39.877445+00:00 SEV-2 WARN: test_p3a_security.py — mock_usage:instantiation
2026-03-28T05:06:39.877446+00:00 SEV-2 WARN: test_parallel_orchestrator.py — mock_usage:import
2026-03-28T05:06:39.877447+00:00 SEV-2 WARN: test_persona_seed.py — mock_usage:import
2026-03-28T05:06:39.877448+00:00 SEV-2 WARN: test_persona_seed.py — mock_usage:instantiation
2026-03-28T05:06:39.877449+00:00 SEV-2 WARN: test_personaforge_client.py — mock_usage:import
2026-03-28T05:06:39.877450+00:00 SEV-2 WARN: test_personaforge_client.py — mock_usage:instantiation
2026-03-28T05:06:39.877451+00:00 SEV-2 WARN: test_pg_migration.py — silent_pass:test_pdf_download_name_contains_id
2026-03-28T05:06:39.877452+00:00 SEV-2 WARN: test_pg_migration.py — mock_usage:instantiation
2026-03-28T05:11:43.011559+00:00 SEV-2 WARN: test_deep_profile_staleness.py — silent_pass:test_status_200_has_required_fields
2026-03-28T05:11:43.011564+00:00 SEV-2 WARN: test_deep_profile_staleness.py — mock_usage:import
2026-03-28T05:11:43.011566+00:00 SEV-2 WARN: test_feedback_loop.py — silent_pass:test_correlations_200_has_required_fields
2026-03-28T05:11:43.011567+00:00 SEV-2 WARN: test_feedback_loop.py — silent_pass:test_feedback_summary_200_has_counts
2026-03-28T05:11:43.011569+00:00 SEV-2 WARN: test_feedback_loop.py — mock_usage:instantiation
2026-03-28T05:11:43.011570+00:00 SEV-2 WARN: test_feedback_loop.py — mock_usage:import
2026-03-28T05:11:43.011571+00:00 SEV-2 WARN: test_graph_traceability.py — silent_pass:test_coverage_200_has_required_fields
2026-03-28T05:11:43.011572+00:00 SEV-2 WARN: test_graph_traceability.py — silent_pass:test_coverage_pct_between_0_and_100
2026-03-28T05:11:43.011573+00:00 SEV-2 WARN: test_graph_traceability.py — mock_usage:instantiation
2026-03-28T05:11:43.011574+00:00 SEV-2 WARN: test_graph_traceability.py — mock_usage:import
2026-03-28T05:11:43.011575+00:00 SEV-2 WARN: test_linkedin_narrative_regen.py — mock_usage:import
2026-03-28T05:11:43.011576+00:00 SEV-2 WARN: test_ml_feedback_loop.py — mock_usage:instantiation
2026-03-28T05:11:43.011577+00:00 SEV-2 WARN: test_ml_feedback_loop.py — mock_usage:import
2026-03-28T05:11:43.011578+00:00 SEV-2 WARN: test_p0b_ftal_integration.py — mock_usage:instantiation
2026-03-28T05:11:43.011579+00:00 SEV-2 WARN: test_p0b_ftal_integration.py — mock_usage:import
2026-03-28T05:11:43.011580+00:00 SEV-2 WARN: test_p1a_sqlite_hardening.py — mock_usage:import
2026-03-28T05:11:43.011581+00:00 SEV-2 WARN: test_p3a_security.py — mock_usage:instantiation
2026-03-28T05:11:43.011582+00:00 SEV-2 WARN: test_p3a_security.py — mock_usage:import
2026-03-28T05:11:43.011583+00:00 SEV-2 WARN: test_parallel_orchestrator.py — mock_usage:import
2026-03-28T05:11:43.011584+00:00 SEV-2 WARN: test_persona_seed.py — mock_usage:instantiation
2026-03-28T05:11:43.011585+00:00 SEV-2 WARN: test_persona_seed.py — mock_usage:import
2026-03-28T05:11:43.011586+00:00 SEV-2 WARN: test_personaforge_client.py — mock_usage:instantiation
2026-03-28T05:11:43.011587+00:00 SEV-2 WARN: test_personaforge_client.py — mock_usage:import
2026-03-28T05:11:43.011588+00:00 SEV-2 WARN: test_pg_migration.py — silent_pass:test_pdf_download_name_contains_id
2026-03-28T05:11:43.011589+00:00 SEV-2 WARN: test_pg_migration.py — mock_usage:instantiation
2026-03-28T05:11:43.985850+00:00 SEV-2 WARN: test_deep_profile_staleness.py — silent_pass:test_status_200_has_required_fields
2026-03-28T05:11:43.985856+00:00 SEV-2 WARN: test_deep_profile_staleness.py — mock_usage:import
2026-03-28T05:11:43.985859+00:00 SEV-2 WARN: test_feedback_loop.py — silent_pass:test_correlations_200_has_required_fields
2026-03-28T05:11:43.985861+00:00 SEV-2 WARN: test_feedback_loop.py — silent_pass:test_feedback_summary_200_has_counts
2026-03-28T05:11:43.985863+00:00 SEV-2 WARN: test_feedback_loop.py — mock_usage:instantiation
2026-03-28T05:11:43.985864+00:00 SEV-2 WARN: test_feedback_loop.py — mock_usage:import
2026-03-28T05:11:43.985866+00:00 SEV-2 WARN: test_graph_traceability.py — silent_pass:test_coverage_200_has_required_fields
2026-03-28T05:11:43.985867+00:00 SEV-2 WARN: test_graph_traceability.py — silent_pass:test_coverage_pct_between_0_and_100
2026-03-28T05:11:43.985869+00:00 SEV-2 WARN: test_graph_traceability.py — mock_usage:instantiation
2026-03-28T05:11:43.985871+00:00 SEV-2 WARN: test_graph_traceability.py — mock_usage:import
2026-03-28T05:11:43.985873+00:00 SEV-2 WARN: test_linkedin_narrative_regen.py — mock_usage:import
2026-03-28T05:11:43.985874+00:00 SEV-2 WARN: test_ml_feedback_loop.py — mock_usage:instantiation
2026-03-28T05:11:43.985876+00:00 SEV-2 WARN: test_ml_feedback_loop.py — mock_usage:import
2026-03-28T05:11:43.985877+00:00 SEV-2 WARN: test_p0b_ftal_integration.py — mock_usage:instantiation
2026-03-28T05:11:43.985879+00:00 SEV-2 WARN: test_p0b_ftal_integration.py — mock_usage:import
2026-03-28T05:11:43.985880+00:00 SEV-2 WARN: test_p1a_sqlite_hardening.py — mock_usage:import
2026-03-28T05:11:43.985882+00:00 SEV-2 WARN: test_p3a_security.py — mock_usage:instantiation
2026-03-28T05:11:43.985884+00:00 SEV-2 WARN: test_p3a_security.py — mock_usage:import
2026-03-28T05:11:43.985885+00:00 SEV-2 WARN: test_parallel_orchestrator.py — mock_usage:import
2026-03-28T05:11:43.985887+00:00 SEV-2 WARN: test_persona_seed.py — mock_usage:instantiation
2026-03-28T05:11:43.985888+00:00 SEV-2 WARN: test_persona_seed.py — mock_usage:import
2026-03-28T05:11:43.985890+00:00 SEV-2 WARN: test_personaforge_client.py — mock_usage:instantiation
2026-03-28T05:11:43.985891+00:00 SEV-2 WARN: test_personaforge_client.py — mock_usage:import
2026-03-28T05:11:43.985893+00:00 SEV-2 WARN: test_pg_migration.py — silent_pass:test_pdf_download_name_contains_id
2026-03-28T05:11:43.985894+00:00 SEV-2 WARN: test_pg_migration.py — mock_usage:instantiation
2026-03-28T05:11:44.845570+00:00 SEV-2 WARN: test_deep_profile_staleness.py — silent_pass:test_status_200_has_required_fields
2026-03-28T05:11:44.845574+00:00 SEV-2 WARN: test_deep_profile_staleness.py — mock_usage:import
2026-03-28T05:11:44.845576+00:00 SEV-2 WARN: test_feedback_loop.py — silent_pass:test_correlations_200_has_required_fields
2026-03-28T05:11:44.845577+00:00 SEV-2 WARN: test_feedback_loop.py — silent_pass:test_feedback_summary_200_has_counts
2026-03-28T05:11:44.845578+00:00 SEV-2 WARN: test_feedback_loop.py — mock_usage:instantiation
2026-03-28T05:11:44.845579+00:00 SEV-2 WARN: test_feedback_loop.py — mock_usage:import
2026-03-28T05:11:44.845580+00:00 SEV-2 WARN: test_graph_traceability.py — silent_pass:test_coverage_200_has_required_fields
2026-03-28T05:11:44.845581+00:00 SEV-2 WARN: test_graph_traceability.py — silent_pass:test_coverage_pct_between_0_and_100
2026-03-28T05:11:44.845582+00:00 SEV-2 WARN: test_graph_traceability.py — mock_usage:instantiation
2026-03-28T05:11:44.845583+00:00 SEV-2 WARN: test_graph_traceability.py — mock_usage:import
2026-03-28T05:11:44.845584+00:00 SEV-2 WARN: test_linkedin_narrative_regen.py — mock_usage:import
2026-03-28T05:11:44.845585+00:00 SEV-2 WARN: test_ml_feedback_loop.py — mock_usage:instantiation
2026-03-28T05:11:44.845586+00:00 SEV-2 WARN: test_ml_feedback_loop.py — mock_usage:import
2026-03-28T05:11:44.845587+00:00 SEV-2 WARN: test_p0b_ftal_integration.py — mock_usage:instantiation
2026-03-28T05:11:44.845588+00:00 SEV-2 WARN: test_p0b_ftal_integration.py — mock_usage:import
2026-03-28T05:11:44.845589+00:00 SEV-2 WARN: test_p1a_sqlite_hardening.py — mock_usage:import
2026-03-28T05:11:44.845590+00:00 SEV-2 WARN: test_p3a_security.py — mock_usage:instantiation
2026-03-28T05:11:44.845591+00:00 SEV-2 WARN: test_p3a_security.py — mock_usage:import
2026-03-28T05:11:44.845592+00:00 SEV-2 WARN: test_parallel_orchestrator.py — mock_usage:import
2026-03-28T05:11:44.845593+00:00 SEV-2 WARN: test_persona_seed.py — mock_usage:instantiation
2026-03-28T05:11:44.845594+00:00 SEV-2 WARN: test_persona_seed.py — mock_usage:import
2026-03-28T05:11:44.845595+00:00 SEV-2 WARN: test_personaforge_client.py — mock_usage:instantiation
2026-03-28T05:11:44.845596+00:00 SEV-2 WARN: test_personaforge_client.py — mock_usage:import
2026-03-28T05:11:44.845597+00:00 SEV-2 WARN: test_pg_migration.py — silent_pass:test_pdf_download_name_contains_id
2026-03-28T05:11:44.845597+00:00 SEV-2 WARN: test_pg_migration.py — mock_usage:instantiation
2026-03-28T05:11:45.715910+00:00 SEV-2 WARN: test_deep_profile_staleness.py — silent_pass:test_status_200_has_required_fields
2026-03-28T05:11:45.715915+00:00 SEV-2 WARN: test_deep_profile_staleness.py — mock_usage:import
2026-03-28T05:11:45.715916+00:00 SEV-2 WARN: test_feedback_loop.py — silent_pass:test_correlations_200_has_required_fields
2026-03-28T05:11:45.715917+00:00 SEV-2 WARN: test_feedback_loop.py — silent_pass:test_feedback_summary_200_has_counts
2026-03-28T05:11:45.715918+00:00 SEV-2 WARN: test_feedback_loop.py — mock_usage:instantiation
2026-03-28T05:11:45.715919+00:00 SEV-2 WARN: test_feedback_loop.py — mock_usage:import
2026-03-28T05:11:45.715920+00:00 SEV-2 WARN: test_graph_traceability.py — silent_pass:test_coverage_200_has_required_fields
2026-03-28T05:11:45.715921+00:00 SEV-2 WARN: test_graph_traceability.py — silent_pass:test_coverage_pct_between_0_and_100
2026-03-28T05:11:45.715922+00:00 SEV-2 WARN: test_graph_traceability.py — mock_usage:instantiation
2026-03-28T05:11:45.715923+00:00 SEV-2 WARN: test_graph_traceability.py — mock_usage:import
2026-03-28T05:11:45.715924+00:00 SEV-2 WARN: test_linkedin_narrative_regen.py — mock_usage:import
2026-03-28T05:11:45.715925+00:00 SEV-2 WARN: test_ml_feedback_loop.py — mock_usage:instantiation
2026-03-28T05:11:45.715926+00:00 SEV-2 WARN: test_ml_feedback_loop.py — mock_usage:import
2026-03-28T05:11:45.715927+00:00 SEV-2 WARN: test_p0b_ftal_integration.py — mock_usage:instantiation
2026-03-28T05:11:45.715928+00:00 SEV-2 WARN: test_p0b_ftal_integration.py — mock_usage:import
2026-03-28T05:11:45.715929+00:00 SEV-2 WARN: test_p1a_sqlite_hardening.py — mock_usage:import
2026-03-28T05:11:45.715930+00:00 SEV-2 WARN: test_p3a_security.py — mock_usage:instantiation
2026-03-28T05:11:45.715931+00:00 SEV-2 WARN: test_p3a_security.py — mock_usage:import
2026-03-28T05:11:45.715932+00:00 SEV-2 WARN: test_parallel_orchestrator.py — mock_usage:import
2026-03-28T05:11:45.715933+00:00 SEV-2 WARN: test_persona_seed.py — mock_usage:instantiation
2026-03-28T05:11:45.715933+00:00 SEV-2 WARN: test_persona_seed.py — mock_usage:import
2026-03-28T05:11:45.715934+00:00 SEV-2 WARN: test_personaforge_client.py — mock_usage:instantiation
2026-03-28T05:11:45.715935+00:00 SEV-2 WARN: test_personaforge_client.py — mock_usage:import
2026-03-28T05:11:45.715936+00:00 SEV-2 WARN: test_pg_migration.py — silent_pass:test_pdf_download_name_contains_id
2026-03-28T05:11:45.715937+00:00 SEV-2 WARN: test_pg_migration.py — mock_usage:instantiation
2026-03-28T05:11:47.287725+00:00 SEV-2 WARN: test_deep_profile_staleness.py — silent_pass:test_status_200_has_required_fields
2026-03-28T05:11:47.287732+00:00 SEV-2 WARN: test_deep_profile_staleness.py — mock_usage:import
2026-03-28T05:11:47.287734+00:00 SEV-2 WARN: test_feedback_loop.py — silent_pass:test_correlations_200_has_required_fields
2026-03-28T05:11:47.287736+00:00 SEV-2 WARN: test_feedback_loop.py — silent_pass:test_feedback_summary_200_has_counts
2026-03-28T05:11:47.287738+00:00 SEV-2 WARN: test_feedback_loop.py — mock_usage:instantiation
2026-03-28T05:11:47.287740+00:00 SEV-2 WARN: test_feedback_loop.py — mock_usage:import
2026-03-28T05:11:47.287742+00:00 SEV-2 WARN: test_graph_traceability.py — silent_pass:test_coverage_200_has_required_fields
2026-03-28T05:11:47.287744+00:00 SEV-2 WARN: test_graph_traceability.py — silent_pass:test_coverage_pct_between_0_and_100
2026-03-28T05:11:47.287745+00:00 SEV-2 WARN: test_graph_traceability.py — mock_usage:instantiation
2026-03-28T05:11:47.287747+00:00 SEV-2 WARN: test_graph_traceability.py — mock_usage:import
2026-03-28T05:11:47.287749+00:00 SEV-2 WARN: test_linkedin_narrative_regen.py — mock_usage:import
2026-03-28T05:11:47.287751+00:00 SEV-2 WARN: test_ml_feedback_loop.py — mock_usage:instantiation
2026-03-28T05:11:47.287753+00:00 SEV-2 WARN: test_ml_feedback_loop.py — mock_usage:import
2026-03-28T05:11:47.287754+00:00 SEV-2 WARN: test_p0b_ftal_integration.py — mock_usage:instantiation
2026-03-28T05:11:47.287756+00:00 SEV-2 WARN: test_p0b_ftal_integration.py — mock_usage:import
2026-03-28T05:11:47.287758+00:00 SEV-2 WARN: test_p1a_sqlite_hardening.py — mock_usage:import
2026-03-28T05:11:47.287760+00:00 SEV-2 WARN: test_p3a_security.py — mock_usage:instantiation
2026-03-28T05:11:47.287762+00:00 SEV-2 WARN: test_p3a_security.py — mock_usage:import
2026-03-28T05:11:47.287764+00:00 SEV-2 WARN: test_parallel_orchestrator.py — mock_usage:import
2026-03-28T05:11:47.287766+00:00 SEV-2 WARN: test_persona_seed.py — mock_usage:instantiation
2026-03-28T05:11:47.287768+00:00 SEV-2 WARN: test_persona_seed.py — mock_usage:import
2026-03-28T05:11:47.287770+00:00 SEV-2 WARN: test_personaforge_client.py — mock_usage:instantiation
2026-03-28T05:11:47.287772+00:00 SEV-2 WARN: test_personaforge_client.py — mock_usage:import
2026-03-28T05:11:47.287773+00:00 SEV-2 WARN: test_pg_migration.py — silent_pass:test_pdf_download_name_contains_id
2026-03-28T05:11:47.287775+00:00 SEV-2 WARN: test_pg_migration.py — mock_usage:instantiation
2026-03-28T05:27:53.570752+00:00 SEV-2 WARN: test_deep_profile_staleness.py — silent_pass:test_status_200_has_required_fields
2026-03-28T05:27:53.570758+00:00 SEV-2 WARN: test_deep_profile_staleness.py — mock_usage:import
2026-03-28T05:27:53.570759+00:00 SEV-2 WARN: test_feedback_loop.py — silent_pass:test_correlations_200_has_required_fields
2026-03-28T05:27:53.570761+00:00 SEV-2 WARN: test_feedback_loop.py — silent_pass:test_feedback_summary_200_has_counts
2026-03-28T05:27:53.570762+00:00 SEV-2 WARN: test_feedback_loop.py — mock_usage:instantiation
2026-03-28T05:27:53.570763+00:00 SEV-2 WARN: test_feedback_loop.py — mock_usage:import
2026-03-28T05:27:53.570764+00:00 SEV-2 WARN: test_graph_traceability.py — silent_pass:test_coverage_200_has_required_fields
2026-03-28T05:27:53.570765+00:00 SEV-2 WARN: test_graph_traceability.py — silent_pass:test_coverage_pct_between_0_and_100
2026-03-28T05:27:53.570766+00:00 SEV-2 WARN: test_graph_traceability.py — mock_usage:instantiation
2026-03-28T05:27:53.570767+00:00 SEV-2 WARN: test_graph_traceability.py — mock_usage:import
2026-03-28T05:27:53.570768+00:00 SEV-2 WARN: test_linkedin_narrative_regen.py — mock_usage:import
2026-03-28T05:27:53.570769+00:00 SEV-2 WARN: test_ml_feedback_loop.py — mock_usage:instantiation
2026-03-28T05:27:53.570770+00:00 SEV-2 WARN: test_ml_feedback_loop.py — mock_usage:import
2026-03-28T05:27:53.570771+00:00 SEV-2 WARN: test_p0b_ftal_integration.py — mock_usage:instantiation
2026-03-28T05:27:53.570773+00:00 SEV-2 WARN: test_p0b_ftal_integration.py — mock_usage:import
2026-03-28T05:27:53.570774+00:00 SEV-2 WARN: test_p1a_sqlite_hardening.py — mock_usage:import
2026-03-28T05:27:53.570775+00:00 SEV-2 WARN: test_p3a_security.py — mock_usage:instantiation
2026-03-28T05:27:53.570776+00:00 SEV-2 WARN: test_p3a_security.py — mock_usage:import
2026-03-28T05:27:53.570777+00:00 SEV-2 WARN: test_parallel_orchestrator.py — mock_usage:import
2026-03-28T05:27:53.570778+00:00 SEV-2 WARN: test_persona_seed.py — mock_usage:instantiation
2026-03-28T05:27:53.570779+00:00 SEV-2 WARN: test_persona_seed.py — mock_usage:import
2026-03-28T05:27:53.570780+00:00 SEV-2 WARN: test_personaforge_client.py — mock_usage:instantiation
2026-03-28T05:27:53.570781+00:00 SEV-2 WARN: test_personaforge_client.py — mock_usage:import
2026-03-28T05:27:53.570782+00:00 SEV-2 WARN: test_pg_migration.py — silent_pass:test_pdf_download_name_contains_id
2026-03-28T05:27:53.570783+00:00 SEV-2 WARN: test_pg_migration.py — mock_usage:instantiation
2026-03-28T05:27:54.520274+00:00 SEV-2 WARN: test_deep_profile_staleness.py — silent_pass:test_status_200_has_required_fields
2026-03-28T05:27:54.520278+00:00 SEV-2 WARN: test_deep_profile_staleness.py — mock_usage:import
2026-03-28T05:27:54.520279+00:00 SEV-2 WARN: test_feedback_loop.py — silent_pass:test_correlations_200_has_required_fields
2026-03-28T05:27:54.520280+00:00 SEV-2 WARN: test_feedback_loop.py — silent_pass:test_feedback_summary_200_has_counts
2026-03-28T05:27:54.520281+00:00 SEV-2 WARN: test_feedback_loop.py — mock_usage:instantiation
2026-03-28T05:27:54.520282+00:00 SEV-2 WARN: test_feedback_loop.py — mock_usage:import
2026-03-28T05:27:54.520283+00:00 SEV-2 WARN: test_graph_traceability.py — silent_pass:test_coverage_200_has_required_fields
2026-03-28T05:27:54.520284+00:00 SEV-2 WARN: test_graph_traceability.py — silent_pass:test_coverage_pct_between_0_and_100
2026-03-28T05:27:54.520285+00:00 SEV-2 WARN: test_graph_traceability.py — mock_usage:instantiation
2026-03-28T05:27:54.520286+00:00 SEV-2 WARN: test_graph_traceability.py — mock_usage:import
2026-03-28T05:27:54.520287+00:00 SEV-2 WARN: test_linkedin_narrative_regen.py — mock_usage:import
2026-03-28T05:27:54.520288+00:00 SEV-2 WARN: test_ml_feedback_loop.py — mock_usage:instantiation
2026-03-28T05:27:54.520289+00:00 SEV-2 WARN: test_ml_feedback_loop.py — mock_usage:import
2026-03-28T05:27:54.520289+00:00 SEV-2 WARN: test_p0b_ftal_integration.py — mock_usage:instantiation
2026-03-28T05:27:54.520290+00:00 SEV-2 WARN: test_p0b_ftal_integration.py — mock_usage:import
2026-03-28T05:27:54.520291+00:00 SEV-2 WARN: test_p1a_sqlite_hardening.py — mock_usage:import
2026-03-28T05:27:54.520292+00:00 SEV-2 WARN: test_p3a_security.py — mock_usage:instantiation
2026-03-28T05:27:54.520293+00:00 SEV-2 WARN: test_p3a_security.py — mock_usage:import
2026-03-28T05:27:54.520294+00:00 SEV-2 WARN: test_parallel_orchestrator.py — mock_usage:import
2026-03-28T05:27:54.520295+00:00 SEV-2 WARN: test_persona_seed.py — mock_usage:instantiation
2026-03-28T05:27:54.520295+00:00 SEV-2 WARN: test_persona_seed.py — mock_usage:import
2026-03-28T05:27:54.520296+00:00 SEV-2 WARN: test_personaforge_client.py — mock_usage:instantiation
2026-03-28T05:27:54.520297+00:00 SEV-2 WARN: test_personaforge_client.py — mock_usage:import
2026-03-28T05:27:54.520298+00:00 SEV-2 WARN: test_pg_migration.py — silent_pass:test_pdf_download_name_contains_id
2026-03-28T05:27:54.520299+00:00 SEV-2 WARN: test_pg_migration.py — mock_usage:instantiation
2026-03-28T05:27:55.191214+00:00 SEV-2 WARN: test_deep_profile_staleness.py — silent_pass:test_status_200_has_required_fields
2026-03-28T05:27:55.191218+00:00 SEV-2 WARN: test_deep_profile_staleness.py — mock_usage:import
2026-03-28T05:27:55.191219+00:00 SEV-2 WARN: test_feedback_loop.py — silent_pass:test_correlations_200_has_required_fields
2026-03-28T05:27:55.191220+00:00 SEV-2 WARN: test_feedback_loop.py — silent_pass:test_feedback_summary_200_has_counts
2026-03-28T05:27:55.191221+00:00 SEV-2 WARN: test_feedback_loop.py — mock_usage:instantiation
2026-03-28T05:27:55.191222+00:00 SEV-2 WARN: test_feedback_loop.py — mock_usage:import
2026-03-28T05:27:55.191223+00:00 SEV-2 WARN: test_graph_traceability.py — silent_pass:test_coverage_200_has_required_fields
2026-03-28T05:27:55.191224+00:00 SEV-2 WARN: test_graph_traceability.py — silent_pass:test_coverage_pct_between_0_and_100
2026-03-28T05:27:55.191225+00:00 SEV-2 WARN: test_graph_traceability.py — mock_usage:instantiation
2026-03-28T05:27:55.191226+00:00 SEV-2 WARN: test_graph_traceability.py — mock_usage:import
2026-03-28T05:27:55.191227+00:00 SEV-2 WARN: test_linkedin_narrative_regen.py — mock_usage:import
2026-03-28T05:27:55.191227+00:00 SEV-2 WARN: test_ml_feedback_loop.py — mock_usage:instantiation
2026-03-28T05:27:55.191228+00:00 SEV-2 WARN: test_ml_feedback_loop.py — mock_usage:import
2026-03-28T05:27:55.191229+00:00 SEV-2 WARN: test_p0b_ftal_integration.py — mock_usage:instantiation
2026-03-28T05:27:55.191230+00:00 SEV-2 WARN: test_p0b_ftal_integration.py — mock_usage:import
2026-03-28T05:27:55.191231+00:00 SEV-2 WARN: test_p1a_sqlite_hardening.py — mock_usage:import
2026-03-28T05:27:55.191232+00:00 SEV-2 WARN: test_p3a_security.py — mock_usage:instantiation
2026-03-28T05:27:55.191233+00:00 SEV-2 WARN: test_p3a_security.py — mock_usage:import
2026-03-28T05:27:55.191233+00:00 SEV-2 WARN: test_parallel_orchestrator.py — mock_usage:import
2026-03-28T05:27:55.191234+00:00 SEV-2 WARN: test_persona_seed.py — mock_usage:instantiation
2026-03-28T05:27:55.191235+00:00 SEV-2 WARN: test_persona_seed.py — mock_usage:import
2026-03-28T05:27:55.191236+00:00 SEV-2 WARN: test_personaforge_client.py — mock_usage:instantiation
2026-03-28T05:27:55.191237+00:00 SEV-2 WARN: test_personaforge_client.py — mock_usage:import
2026-03-28T05:27:55.191238+00:00 SEV-2 WARN: test_pg_migration.py — silent_pass:test_pdf_download_name_contains_id
2026-03-28T05:27:55.191239+00:00 SEV-2 WARN: test_pg_migration.py — mock_usage:instantiation
2026-03-28T05:27:55.991639+00:00 SEV-2 WARN: test_deep_profile_staleness.py — silent_pass:test_status_200_has_required_fields
2026-03-28T05:27:55.991643+00:00 SEV-2 WARN: test_deep_profile_staleness.py — mock_usage:import
2026-03-28T05:27:55.991645+00:00 SEV-2 WARN: test_feedback_loop.py — silent_pass:test_correlations_200_has_required_fields
2026-03-28T05:27:55.991646+00:00 SEV-2 WARN: test_feedback_loop.py — silent_pass:test_feedback_summary_200_has_counts
2026-03-28T05:27:55.991647+00:00 SEV-2 WARN: test_feedback_loop.py — mock_usage:instantiation
2026-03-28T05:27:55.991648+00:00 SEV-2 WARN: test_feedback_loop.py — mock_usage:import
2026-03-28T05:27:55.991648+00:00 SEV-2 WARN: test_graph_traceability.py — silent_pass:test_coverage_200_has_required_fields
2026-03-28T05:27:55.991649+00:00 SEV-2 WARN: test_graph_traceability.py — silent_pass:test_coverage_pct_between_0_and_100
2026-03-28T05:27:55.991650+00:00 SEV-2 WARN: test_graph_traceability.py — mock_usage:instantiation
2026-03-28T05:27:55.991651+00:00 SEV-2 WARN: test_graph_traceability.py — mock_usage:import
2026-03-28T05:27:55.991652+00:00 SEV-2 WARN: test_linkedin_narrative_regen.py — mock_usage:import
2026-03-28T05:27:55.991653+00:00 SEV-2 WARN: test_ml_feedback_loop.py — mock_usage:instantiation
2026-03-28T05:27:55.991654+00:00 SEV-2 WARN: test_ml_feedback_loop.py — mock_usage:import
2026-03-28T05:27:55.991655+00:00 SEV-2 WARN: test_p0b_ftal_integration.py — mock_usage:instantiation
2026-03-28T05:27:55.991655+00:00 SEV-2 WARN: test_p0b_ftal_integration.py — mock_usage:import
2026-03-28T05:27:55.991656+00:00 SEV-2 WARN: test_p1a_sqlite_hardening.py — mock_usage:import
2026-03-28T05:27:55.991657+00:00 SEV-2 WARN: test_p3a_security.py — mock_usage:instantiation
2026-03-28T05:27:55.991658+00:00 SEV-2 WARN: test_p3a_security.py — mock_usage:import
2026-03-28T05:27:55.991659+00:00 SEV-2 WARN: test_parallel_orchestrator.py — mock_usage:import
2026-03-28T05:27:55.991660+00:00 SEV-2 WARN: test_persona_seed.py — mock_usage:instantiation
2026-03-28T05:27:55.991660+00:00 SEV-2 WARN: test_persona_seed.py — mock_usage:import
2026-03-28T05:27:55.991661+00:00 SEV-2 WARN: test_personaforge_client.py — mock_usage:instantiation
2026-03-28T05:27:55.991662+00:00 SEV-2 WARN: test_personaforge_client.py — mock_usage:import
2026-03-28T05:27:55.991663+00:00 SEV-2 WARN: test_pg_migration.py — silent_pass:test_pdf_download_name_contains_id
2026-03-28T05:27:55.991664+00:00 SEV-2 WARN: test_pg_migration.py — mock_usage:instantiation
2026-03-28T05:27:57.455746+00:00 SEV-2 WARN: test_deep_profile_staleness.py — silent_pass:test_status_200_has_required_fields
2026-03-28T05:27:57.455750+00:00 SEV-2 WARN: test_deep_profile_staleness.py — mock_usage:import
2026-03-28T05:27:57.455751+00:00 SEV-2 WARN: test_feedback_loop.py — silent_pass:test_correlations_200_has_required_fields
2026-03-28T05:27:57.455752+00:00 SEV-2 WARN: test_feedback_loop.py — silent_pass:test_feedback_summary_200_has_counts
2026-03-28T05:27:57.455753+00:00 SEV-2 WARN: test_feedback_loop.py — mock_usage:instantiation
2026-03-28T05:27:57.455754+00:00 SEV-2 WARN: test_feedback_loop.py — mock_usage:import
2026-03-28T05:27:57.455755+00:00 SEV-2 WARN: test_graph_traceability.py — silent_pass:test_coverage_200_has_required_fields
2026-03-28T05:27:57.455756+00:00 SEV-2 WARN: test_graph_traceability.py — silent_pass:test_coverage_pct_between_0_and_100
2026-03-28T05:27:57.455757+00:00 SEV-2 WARN: test_graph_traceability.py — mock_usage:instantiation
2026-03-28T05:27:57.455758+00:00 SEV-2 WARN: test_graph_traceability.py — mock_usage:import
2026-03-28T05:27:57.455759+00:00 SEV-2 WARN: test_linkedin_narrative_regen.py — mock_usage:import
2026-03-28T05:27:57.455760+00:00 SEV-2 WARN: test_ml_feedback_loop.py — mock_usage:instantiation
2026-03-28T05:27:57.455761+00:00 SEV-2 WARN: test_ml_feedback_loop.py — mock_usage:import
2026-03-28T05:27:57.455762+00:00 SEV-2 WARN: test_p0b_ftal_integration.py — mock_usage:instantiation
2026-03-28T05:27:57.455762+00:00 SEV-2 WARN: test_p0b_ftal_integration.py — mock_usage:import
2026-03-28T05:27:57.455763+00:00 SEV-2 WARN: test_p1a_sqlite_hardening.py — mock_usage:import
2026-03-28T05:27:57.455764+00:00 SEV-2 WARN: test_p3a_security.py — mock_usage:instantiation
2026-03-28T05:27:57.455765+00:00 SEV-2 WARN: test_p3a_security.py — mock_usage:import
2026-03-28T05:27:57.455766+00:00 SEV-2 WARN: test_parallel_orchestrator.py — mock_usage:import
2026-03-28T05:27:57.455767+00:00 SEV-2 WARN: test_persona_seed.py — mock_usage:instantiation
2026-03-28T05:27:57.455768+00:00 SEV-2 WARN: test_persona_seed.py — mock_usage:import
2026-03-28T05:27:57.455769+00:00 SEV-2 WARN: test_personaforge_client.py — mock_usage:instantiation
2026-03-28T05:27:57.455770+00:00 SEV-2 WARN: test_personaforge_client.py — mock_usage:import
2026-03-28T05:27:57.455771+00:00 SEV-2 WARN: test_pg_migration.py — silent_pass:test_pdf_download_name_contains_id
2026-03-28T05:27:57.455772+00:00 SEV-2 WARN: test_pg_migration.py — mock_usage:instantiation
2026-03-28T06:12:59.913309+00:00 SEV-2 WARN: test_deep_profile_staleness.py — silent_pass:test_status_200_has_required_fields
2026-03-28T06:12:59.913313+00:00 SEV-2 WARN: test_deep_profile_staleness.py — mock_usage:import
2026-03-28T06:12:59.913314+00:00 SEV-2 WARN: test_feedback_loop.py — silent_pass:test_correlations_200_has_required_fields
2026-03-28T06:12:59.913315+00:00 SEV-2 WARN: test_feedback_loop.py — silent_pass:test_feedback_summary_200_has_counts
2026-03-28T06:12:59.913316+00:00 SEV-2 WARN: test_feedback_loop.py — mock_usage:import
2026-03-28T06:12:59.913317+00:00 SEV-2 WARN: test_feedback_loop.py — mock_usage:instantiation
2026-03-28T06:12:59.913317+00:00 SEV-2 WARN: test_graph_traceability.py — silent_pass:test_coverage_200_has_required_fields
2026-03-28T06:12:59.913318+00:00 SEV-2 WARN: test_graph_traceability.py — silent_pass:test_coverage_pct_between_0_and_100
2026-03-28T06:12:59.913319+00:00 SEV-2 WARN: test_graph_traceability.py — mock_usage:import
2026-03-28T06:12:59.913319+00:00 SEV-2 WARN: test_graph_traceability.py — mock_usage:instantiation
2026-03-28T06:12:59.913320+00:00 SEV-2 WARN: test_linkedin_narrative_regen.py — mock_usage:import
2026-03-28T06:12:59.913321+00:00 SEV-2 WARN: test_ml_feedback_loop.py — mock_usage:import
2026-03-28T06:12:59.913322+00:00 SEV-2 WARN: test_ml_feedback_loop.py — mock_usage:instantiation
2026-03-28T06:12:59.913322+00:00 SEV-2 WARN: test_p0b_ftal_integration.py — mock_usage:import
2026-03-28T06:12:59.913323+00:00 SEV-2 WARN: test_p0b_ftal_integration.py — mock_usage:instantiation
2026-03-28T06:12:59.913324+00:00 SEV-2 WARN: test_p1a_sqlite_hardening.py — mock_usage:import
2026-03-28T06:12:59.913325+00:00 SEV-2 WARN: test_p3a_security.py — mock_usage:import
2026-03-28T06:12:59.913325+00:00 SEV-2 WARN: test_p3a_security.py — mock_usage:instantiation
2026-03-28T06:12:59.913326+00:00 SEV-2 WARN: test_parallel_orchestrator.py — mock_usage:import
2026-03-28T06:12:59.913327+00:00 SEV-2 WARN: test_persona_seed.py — mock_usage:import
2026-03-28T06:12:59.913328+00:00 SEV-2 WARN: test_persona_seed.py — mock_usage:instantiation
2026-03-28T06:12:59.913328+00:00 SEV-2 WARN: test_personaforge_client.py — mock_usage:import
2026-03-28T06:12:59.913329+00:00 SEV-2 WARN: test_personaforge_client.py — mock_usage:instantiation
2026-03-28T06:12:59.913330+00:00 SEV-2 WARN: test_pg_migration.py — silent_pass:test_pdf_download_name_contains_id
2026-03-28T06:12:59.913330+00:00 SEV-2 WARN: test_pg_migration.py — mock_usage:instantiation
2026-03-28T06:13:00.743079+00:00 SEV-2 WARN: test_deep_profile_staleness.py — silent_pass:test_status_200_has_required_fields
2026-03-28T06:13:00.743083+00:00 SEV-2 WARN: test_deep_profile_staleness.py — mock_usage:import
2026-03-28T06:13:00.743085+00:00 SEV-2 WARN: test_feedback_loop.py — silent_pass:test_correlations_200_has_required_fields
2026-03-28T06:13:00.743086+00:00 SEV-2 WARN: test_feedback_loop.py — silent_pass:test_feedback_summary_200_has_counts
2026-03-28T06:13:00.743087+00:00 SEV-2 WARN: test_feedback_loop.py — mock_usage:import
2026-03-28T06:13:00.743087+00:00 SEV-2 WARN: test_feedback_loop.py — mock_usage:instantiation
2026-03-28T06:13:00.743088+00:00 SEV-2 WARN: test_graph_traceability.py — silent_pass:test_coverage_200_has_required_fields
2026-03-28T06:13:00.743089+00:00 SEV-2 WARN: test_graph_traceability.py — silent_pass:test_coverage_pct_between_0_and_100
2026-03-28T06:13:00.743090+00:00 SEV-2 WARN: test_graph_traceability.py — mock_usage:import
2026-03-28T06:13:00.743090+00:00 SEV-2 WARN: test_graph_traceability.py — mock_usage:instantiation
2026-03-28T06:13:00.743091+00:00 SEV-2 WARN: test_linkedin_narrative_regen.py — mock_usage:import
2026-03-28T06:13:00.743092+00:00 SEV-2 WARN: test_ml_feedback_loop.py — mock_usage:import
2026-03-28T06:13:00.743092+00:00 SEV-2 WARN: test_ml_feedback_loop.py — mock_usage:instantiation
2026-03-28T06:13:00.743093+00:00 SEV-2 WARN: test_p0b_ftal_integration.py — mock_usage:import
2026-03-28T06:13:00.743094+00:00 SEV-2 WARN: test_p0b_ftal_integration.py — mock_usage:instantiation
2026-03-28T06:13:00.743094+00:00 SEV-2 WARN: test_p1a_sqlite_hardening.py — mock_usage:import
2026-03-28T06:13:00.743095+00:00 SEV-2 WARN: test_p3a_security.py — mock_usage:import
2026-03-28T06:13:00.743096+00:00 SEV-2 WARN: test_p3a_security.py — mock_usage:instantiation
2026-03-28T06:13:00.743097+00:00 SEV-2 WARN: test_parallel_orchestrator.py — mock_usage:import
2026-03-28T06:13:00.743098+00:00 SEV-2 WARN: test_persona_seed.py — mock_usage:import
2026-03-28T06:13:00.743098+00:00 SEV-2 WARN: test_persona_seed.py — mock_usage:instantiation
2026-03-28T06:13:00.743099+00:00 SEV-2 WARN: test_personaforge_client.py — mock_usage:import
2026-03-28T06:13:00.743100+00:00 SEV-2 WARN: test_personaforge_client.py — mock_usage:instantiation
2026-03-28T06:13:00.743100+00:00 SEV-2 WARN: test_pg_migration.py — silent_pass:test_pdf_download_name_contains_id
2026-03-28T06:13:00.743101+00:00 SEV-2 WARN: test_pg_migration.py — mock_usage:instantiation
2026-03-28T06:22:31.701668+00:00 SEV-2 WARN: test_deep_profile_staleness.py — silent_pass:test_status_200_has_required_fields
2026-03-28T06:22:31.701673+00:00 SEV-2 WARN: test_deep_profile_staleness.py — mock_usage:import
2026-03-28T06:22:31.701675+00:00 SEV-2 WARN: test_feedback_loop.py — silent_pass:test_correlations_200_has_required_fields
2026-03-28T06:22:31.701676+00:00 SEV-2 WARN: test_feedback_loop.py — silent_pass:test_feedback_summary_200_has_counts
2026-03-28T06:22:31.701676+00:00 SEV-2 WARN: test_feedback_loop.py — mock_usage:import
2026-03-28T06:22:31.701677+00:00 SEV-2 WARN: test_feedback_loop.py — mock_usage:instantiation
2026-03-28T06:22:31.701678+00:00 SEV-2 WARN: test_graph_traceability.py — silent_pass:test_coverage_200_has_required_fields
2026-03-28T06:22:31.701678+00:00 SEV-2 WARN: test_graph_traceability.py — silent_pass:test_coverage_pct_between_0_and_100
2026-03-28T06:22:31.701679+00:00 SEV-2 WARN: test_graph_traceability.py — mock_usage:import
2026-03-28T06:22:31.701680+00:00 SEV-2 WARN: test_graph_traceability.py — mock_usage:instantiation
2026-03-28T06:22:31.701681+00:00 SEV-2 WARN: test_linkedin_narrative_regen.py — mock_usage:import
2026-03-28T06:22:31.701681+00:00 SEV-2 WARN: test_ml_feedback_loop.py — mock_usage:import
2026-03-28T06:22:31.701682+00:00 SEV-2 WARN: test_ml_feedback_loop.py — mock_usage:instantiation
2026-03-28T06:22:31.701683+00:00 SEV-2 WARN: test_p0b_ftal_integration.py — mock_usage:import
2026-03-28T06:22:31.701684+00:00 SEV-2 WARN: test_p0b_ftal_integration.py — mock_usage:instantiation
2026-03-28T06:22:31.701684+00:00 SEV-2 WARN: test_p1a_sqlite_hardening.py — mock_usage:import
2026-03-28T06:22:31.701685+00:00 SEV-2 WARN: test_p3a_security.py — mock_usage:import
2026-03-28T06:22:31.701686+00:00 SEV-2 WARN: test_p3a_security.py — mock_usage:instantiation
2026-03-28T06:22:31.701687+00:00 SEV-2 WARN: test_parallel_orchestrator.py — mock_usage:import
2026-03-28T06:22:31.701687+00:00 SEV-2 WARN: test_persona_seed.py — mock_usage:import
2026-03-28T06:22:31.701688+00:00 SEV-2 WARN: test_persona_seed.py — mock_usage:instantiation
2026-03-28T06:22:31.701689+00:00 SEV-2 WARN: test_personaforge_client.py — mock_usage:import
2026-03-28T06:22:31.701689+00:00 SEV-2 WARN: test_personaforge_client.py — mock_usage:instantiation
2026-03-28T06:22:31.701690+00:00 SEV-2 WARN: test_pg_migration.py — silent_pass:test_pdf_download_name_contains_id
2026-03-28T06:22:31.701691+00:00 SEV-2 WARN: test_pg_migration.py — mock_usage:instantiation
2026-03-28T06:22:32.425003+00:00 SEV-2 WARN: test_deep_profile_staleness.py — silent_pass:test_status_200_has_required_fields
2026-03-28T06:22:32.425008+00:00 SEV-2 WARN: test_deep_profile_staleness.py — mock_usage:import
2026-03-28T06:22:32.425010+00:00 SEV-2 WARN: test_feedback_loop.py — silent_pass:test_correlations_200_has_required_fields
2026-03-28T06:22:32.425011+00:00 SEV-2 WARN: test_feedback_loop.py — silent_pass:test_feedback_summary_200_has_counts
2026-03-28T06:22:32.425011+00:00 SEV-2 WARN: test_feedback_loop.py — mock_usage:import
2026-03-28T06:22:32.425012+00:00 SEV-2 WARN: test_feedback_loop.py — mock_usage:instantiation
2026-03-28T06:22:32.425013+00:00 SEV-2 WARN: test_graph_traceability.py — silent_pass:test_coverage_200_has_required_fields
2026-03-28T06:22:32.425014+00:00 SEV-2 WARN: test_graph_traceability.py — silent_pass:test_coverage_pct_between_0_and_100
2026-03-28T06:22:32.425014+00:00 SEV-2 WARN: test_graph_traceability.py — mock_usage:import
2026-03-28T06:22:32.425015+00:00 SEV-2 WARN: test_graph_traceability.py — mock_usage:instantiation
2026-03-28T06:22:32.425016+00:00 SEV-2 WARN: test_linkedin_narrative_regen.py — mock_usage:import
2026-03-28T06:22:32.425017+00:00 SEV-2 WARN: test_ml_feedback_loop.py — mock_usage:import
2026-03-28T06:22:32.425018+00:00 SEV-2 WARN: test_ml_feedback_loop.py — mock_usage:instantiation
2026-03-28T06:22:32.425018+00:00 SEV-2 WARN: test_p0b_ftal_integration.py — mock_usage:import
2026-03-28T06:22:32.425019+00:00 SEV-2 WARN: test_p0b_ftal_integration.py — mock_usage:instantiation
2026-03-28T06:22:32.425020+00:00 SEV-2 WARN: test_p1a_sqlite_hardening.py — mock_usage:import
2026-03-28T06:22:32.425021+00:00 SEV-2 WARN: test_p3a_security.py — mock_usage:import
2026-03-28T06:22:32.425022+00:00 SEV-2 WARN: test_p3a_security.py — mock_usage:instantiation
2026-03-28T06:22:32.425022+00:00 SEV-2 WARN: test_parallel_orchestrator.py — mock_usage:import
2026-03-28T06:22:32.425023+00:00 SEV-2 WARN: test_persona_seed.py — mock_usage:import
2026-03-28T06:22:32.425024+00:00 SEV-2 WARN: test_persona_seed.py — mock_usage:instantiation
2026-03-28T06:22:32.425025+00:00 SEV-2 WARN: test_personaforge_client.py — mock_usage:import
2026-03-28T06:22:32.425025+00:00 SEV-2 WARN: test_personaforge_client.py — mock_usage:instantiation
2026-03-28T06:22:32.425026+00:00 SEV-2 WARN: test_pg_migration.py — silent_pass:test_pdf_download_name_contains_id
2026-03-28T06:22:32.425027+00:00 SEV-2 WARN: test_pg_migration.py — mock_usage:instantiation
2026-03-28T06:35:06.025269+00:00 SEV-2 WARN: test_deep_profile_staleness.py — silent_pass:test_status_200_has_required_fields
2026-03-28T06:35:06.025275+00:00 SEV-2 WARN: test_deep_profile_staleness.py — mock_usage:import
2026-03-28T06:35:06.025278+00:00 SEV-2 WARN: test_feedback_loop.py — silent_pass:test_correlations_200_has_required_fields
2026-03-28T06:35:06.025280+00:00 SEV-2 WARN: test_feedback_loop.py — silent_pass:test_feedback_summary_200_has_counts
2026-03-28T06:35:06.025282+00:00 SEV-2 WARN: test_feedback_loop.py — mock_usage:instantiation
2026-03-28T06:35:06.025283+00:00 SEV-2 WARN: test_feedback_loop.py — mock_usage:import
2026-03-28T06:35:06.025285+00:00 SEV-2 WARN: test_graph_traceability.py — silent_pass:test_coverage_200_has_required_fields
2026-03-28T06:35:06.025286+00:00 SEV-2 WARN: test_graph_traceability.py — silent_pass:test_coverage_pct_between_0_and_100
2026-03-28T06:35:06.025288+00:00 SEV-2 WARN: test_graph_traceability.py — mock_usage:instantiation
2026-03-28T06:35:06.025289+00:00 SEV-2 WARN: test_graph_traceability.py — mock_usage:import
2026-03-28T06:35:06.025291+00:00 SEV-2 WARN: test_linkedin_narrative_regen.py — mock_usage:import
2026-03-28T06:35:06.025292+00:00 SEV-2 WARN: test_ml_feedback_loop.py — mock_usage:instantiation
2026-03-28T06:35:06.025293+00:00 SEV-2 WARN: test_ml_feedback_loop.py — mock_usage:import
2026-03-28T06:35:06.025295+00:00 SEV-2 WARN: test_p0b_ftal_integration.py — mock_usage:instantiation
2026-03-28T06:35:06.025296+00:00 SEV-2 WARN: test_p0b_ftal_integration.py — mock_usage:import
2026-03-28T06:35:06.025297+00:00 SEV-2 WARN: test_p1a_sqlite_hardening.py — mock_usage:import
2026-03-28T06:35:06.025299+00:00 SEV-2 WARN: test_p3a_security.py — mock_usage:instantiation
2026-03-28T06:35:06.025300+00:00 SEV-2 WARN: test_p3a_security.py — mock_usage:import
2026-03-28T06:35:06.025301+00:00 SEV-2 WARN: test_parallel_orchestrator.py — mock_usage:import
2026-03-28T06:35:06.025303+00:00 SEV-2 WARN: test_persona_seed.py — mock_usage:instantiation
2026-03-28T06:35:06.025304+00:00 SEV-2 WARN: test_persona_seed.py — mock_usage:import
2026-03-28T06:35:06.025305+00:00 SEV-2 WARN: test_personaforge_client.py — mock_usage:instantiation
2026-03-28T06:35:06.025307+00:00 SEV-2 WARN: test_personaforge_client.py — mock_usage:import
2026-03-28T06:35:06.025308+00:00 SEV-2 WARN: test_pg_migration.py — silent_pass:test_pdf_download_name_contains_id
2026-03-28T06:35:06.025309+00:00 SEV-2 WARN: test_pg_migration.py — mock_usage:instantiation
2026-03-28T06:35:06.946157+00:00 SEV-2 WARN: test_deep_profile_staleness.py — silent_pass:test_status_200_has_required_fields
2026-03-28T06:35:06.946162+00:00 SEV-2 WARN: test_deep_profile_staleness.py — mock_usage:import
2026-03-28T06:35:06.946163+00:00 SEV-2 WARN: test_feedback_loop.py — silent_pass:test_correlations_200_has_required_fields
2026-03-28T06:35:06.946164+00:00 SEV-2 WARN: test_feedback_loop.py — silent_pass:test_feedback_summary_200_has_counts
2026-03-28T06:35:06.946165+00:00 SEV-2 WARN: test_feedback_loop.py — mock_usage:import
2026-03-28T06:35:06.946166+00:00 SEV-2 WARN: test_feedback_loop.py — mock_usage:instantiation
2026-03-28T06:35:06.946167+00:00 SEV-2 WARN: test_graph_traceability.py — silent_pass:test_coverage_200_has_required_fields
2026-03-28T06:35:06.946167+00:00 SEV-2 WARN: test_graph_traceability.py — silent_pass:test_coverage_pct_between_0_and_100
2026-03-28T06:35:06.946168+00:00 SEV-2 WARN: test_graph_traceability.py — mock_usage:import
2026-03-28T06:35:06.946169+00:00 SEV-2 WARN: test_graph_traceability.py — mock_usage:instantiation
2026-03-28T06:35:06.946170+00:00 SEV-2 WARN: test_linkedin_narrative_regen.py — mock_usage:import
2026-03-28T06:35:06.946170+00:00 SEV-2 WARN: test_ml_feedback_loop.py — mock_usage:import
2026-03-28T06:35:06.946171+00:00 SEV-2 WARN: test_ml_feedback_loop.py — mock_usage:instantiation
2026-03-28T06:35:06.946172+00:00 SEV-2 WARN: test_p0b_ftal_integration.py — mock_usage:import
2026-03-28T06:35:06.946173+00:00 SEV-2 WARN: test_p0b_ftal_integration.py — mock_usage:instantiation
2026-03-28T06:35:06.946174+00:00 SEV-2 WARN: test_p1a_sqlite_hardening.py — mock_usage:import
2026-03-28T06:35:06.946175+00:00 SEV-2 WARN: test_p3a_security.py — mock_usage:import
2026-03-28T06:35:06.946175+00:00 SEV-2 WARN: test_p3a_security.py — mock_usage:instantiation
2026-03-28T06:35:06.946176+00:00 SEV-2 WARN: test_parallel_orchestrator.py — mock_usage:import
2026-03-28T06:35:06.946177+00:00 SEV-2 WARN: test_persona_seed.py — mock_usage:import
2026-03-28T06:35:06.946177+00:00 SEV-2 WARN: test_persona_seed.py — mock_usage:instantiation
2026-03-28T06:35:06.946178+00:00 SEV-2 WARN: test_personaforge_client.py — mock_usage:import
2026-03-28T06:35:06.946179+00:00 SEV-2 WARN: test_personaforge_client.py — mock_usage:instantiation
2026-03-28T06:35:06.946180+00:00 SEV-2 WARN: test_pg_migration.py — silent_pass:test_pdf_download_name_contains_id
2026-03-28T06:35:06.946180+00:00 SEV-2 WARN: test_pg_migration.py — mock_usage:instantiation
2026-03-28T15:34:18.318904+00:00 SEV-2 WARN: test_deep_profile_staleness.py — silent_pass:test_status_200_has_required_fields
2026-03-28T15:34:18.318909+00:00 SEV-2 WARN: test_deep_profile_staleness.py — mock_usage:import
2026-03-28T15:34:18.318911+00:00 SEV-2 WARN: test_feedback_loop.py — silent_pass:test_correlations_200_has_required_fields
2026-03-28T15:34:18.318912+00:00 SEV-2 WARN: test_feedback_loop.py — silent_pass:test_feedback_summary_200_has_counts
2026-03-28T15:34:18.318913+00:00 SEV-2 WARN: test_feedback_loop.py — mock_usage:import
2026-03-28T15:34:18.318914+00:00 SEV-2 WARN: test_feedback_loop.py — mock_usage:instantiation
2026-03-28T15:34:18.318915+00:00 SEV-2 WARN: test_graph_traceability.py — silent_pass:test_coverage_200_has_required_fields
2026-03-28T15:34:18.318916+00:00 SEV-2 WARN: test_graph_traceability.py — silent_pass:test_coverage_pct_between_0_and_100
2026-03-28T15:34:18.318917+00:00 SEV-2 WARN: test_graph_traceability.py — mock_usage:import
2026-03-28T15:34:18.318919+00:00 SEV-2 WARN: test_graph_traceability.py — mock_usage:instantiation
2026-03-28T15:34:18.318920+00:00 SEV-2 WARN: test_linkedin_narrative_regen.py — mock_usage:import
2026-03-28T15:34:18.318920+00:00 SEV-2 WARN: test_ml_feedback_loop.py — mock_usage:import
2026-03-28T15:34:18.318921+00:00 SEV-2 WARN: test_ml_feedback_loop.py — mock_usage:instantiation
2026-03-28T15:34:18.318923+00:00 SEV-2 WARN: test_p0b_ftal_integration.py — mock_usage:import
2026-03-28T15:34:18.318924+00:00 SEV-2 WARN: test_p0b_ftal_integration.py — mock_usage:instantiation
2026-03-28T15:34:18.318925+00:00 SEV-2 WARN: test_p1a_sqlite_hardening.py — mock_usage:import
2026-03-28T15:34:18.318925+00:00 SEV-2 WARN: test_p3a_security.py — mock_usage:import
2026-03-28T15:34:18.318927+00:00 SEV-2 WARN: test_p3a_security.py — mock_usage:instantiation
2026-03-28T15:34:18.318928+00:00 SEV-2 WARN: test_parallel_orchestrator.py — mock_usage:import
2026-03-28T15:34:18.318929+00:00 SEV-2 WARN: test_persona_seed.py — mock_usage:import
2026-03-28T15:34:18.318930+00:00 SEV-2 WARN: test_persona_seed.py — mock_usage:instantiation
2026-03-28T15:34:18.318931+00:00 SEV-2 WARN: test_personaforge_client.py — mock_usage:import
2026-03-28T15:34:18.318932+00:00 SEV-2 WARN: test_personaforge_client.py — mock_usage:instantiation
2026-03-28T15:34:18.318933+00:00 SEV-2 WARN: test_pg_migration.py — silent_pass:test_pdf_download_name_contains_id
2026-03-28T15:34:18.318934+00:00 SEV-2 WARN: test_pg_migration.py — mock_usage:instantiation
2026-03-28T15:34:19.009592+00:00 SEV-2 WARN: test_deep_profile_staleness.py — silent_pass:test_status_200_has_required_fields
2026-03-28T15:34:19.009596+00:00 SEV-2 WARN: test_deep_profile_staleness.py — mock_usage:import
2026-03-28T15:34:19.009598+00:00 SEV-2 WARN: test_feedback_loop.py — silent_pass:test_correlations_200_has_required_fields
2026-03-28T15:34:19.009599+00:00 SEV-2 WARN: test_feedback_loop.py — silent_pass:test_feedback_summary_200_has_counts
2026-03-28T15:34:19.009600+00:00 SEV-2 WARN: test_feedback_loop.py — mock_usage:import
2026-03-28T15:34:19.009601+00:00 SEV-2 WARN: test_feedback_loop.py — mock_usage:instantiation
2026-03-28T15:34:19.009602+00:00 SEV-2 WARN: test_graph_traceability.py — silent_pass:test_coverage_200_has_required_fields
2026-03-28T15:34:19.009603+00:00 SEV-2 WARN: test_graph_traceability.py — silent_pass:test_coverage_pct_between_0_and_100
2026-03-28T15:34:19.009604+00:00 SEV-2 WARN: test_graph_traceability.py — mock_usage:import
2026-03-28T15:34:19.009606+00:00 SEV-2 WARN: test_graph_traceability.py — mock_usage:instantiation
2026-03-28T15:34:19.009607+00:00 SEV-2 WARN: test_linkedin_narrative_regen.py — mock_usage:import
2026-03-28T15:34:19.009607+00:00 SEV-2 WARN: test_ml_feedback_loop.py — mock_usage:import
2026-03-28T15:34:19.009609+00:00 SEV-2 WARN: test_ml_feedback_loop.py — mock_usage:instantiation
2026-03-28T15:34:19.009609+00:00 SEV-2 WARN: test_p0b_ftal_integration.py — mock_usage:import
2026-03-28T15:34:19.009610+00:00 SEV-2 WARN: test_p0b_ftal_integration.py — mock_usage:instantiation
2026-03-28T15:34:19.009611+00:00 SEV-2 WARN: test_p1a_sqlite_hardening.py — mock_usage:import
2026-03-28T15:34:19.009612+00:00 SEV-2 WARN: test_p3a_security.py — mock_usage:import
2026-03-28T15:34:19.009613+00:00 SEV-2 WARN: test_p3a_security.py — mock_usage:instantiation
2026-03-28T15:34:19.009614+00:00 SEV-2 WARN: test_parallel_orchestrator.py — mock_usage:import
2026-03-28T15:34:19.009615+00:00 SEV-2 WARN: test_persona_seed.py — mock_usage:import
2026-03-28T15:34:19.009616+00:00 SEV-2 WARN: test_persona_seed.py — mock_usage:instantiation
2026-03-28T15:34:19.009617+00:00 SEV-2 WARN: test_personaforge_client.py — mock_usage:import
2026-03-28T15:34:19.009618+00:00 SEV-2 WARN: test_personaforge_client.py — mock_usage:instantiation
2026-03-28T15:34:19.009620+00:00 SEV-2 WARN: test_pg_migration.py — silent_pass:test_pdf_download_name_contains_id
2026-03-28T15:34:19.009621+00:00 SEV-2 WARN: test_pg_migration.py — mock_usage:instantiation
2026-03-28T15:34:19.838973+00:00 SEV-2 WARN: test_deep_profile_staleness.py — silent_pass:test_status_200_has_required_fields
2026-03-28T15:34:19.838977+00:00 SEV-2 WARN: test_deep_profile_staleness.py — mock_usage:import
2026-03-28T15:34:19.838978+00:00 SEV-2 WARN: test_feedback_loop.py — silent_pass:test_correlations_200_has_required_fields
2026-03-28T15:34:19.838980+00:00 SEV-2 WARN: test_feedback_loop.py — silent_pass:test_feedback_summary_200_has_counts
2026-03-28T15:34:19.838981+00:00 SEV-2 WARN: test_feedback_loop.py — mock_usage:import
2026-03-28T15:34:19.838982+00:00 SEV-2 WARN: test_feedback_loop.py — mock_usage:instantiation
2026-03-28T15:34:19.838983+00:00 SEV-2 WARN: test_graph_traceability.py — silent_pass:test_coverage_200_has_required_fields
2026-03-28T15:34:19.838984+00:00 SEV-2 WARN: test_graph_traceability.py — silent_pass:test_coverage_pct_between_0_and_100
2026-03-28T15:34:19.838985+00:00 SEV-2 WARN: test_graph_traceability.py — mock_usage:import
2026-03-28T15:34:19.838987+00:00 SEV-2 WARN: test_graph_traceability.py — mock_usage:instantiation
2026-03-28T15:34:19.838988+00:00 SEV-2 WARN: test_linkedin_narrative_regen.py — mock_usage:import
2026-03-28T15:34:19.838988+00:00 SEV-2 WARN: test_ml_feedback_loop.py — mock_usage:import
2026-03-28T15:34:19.838989+00:00 SEV-2 WARN: test_ml_feedback_loop.py — mock_usage:instantiation
2026-03-28T15:34:19.838991+00:00 SEV-2 WARN: test_p0b_ftal_integration.py — mock_usage:import
2026-03-28T15:34:19.838992+00:00 SEV-2 WARN: test_p0b_ftal_integration.py — mock_usage:instantiation
2026-03-28T15:34:19.838993+00:00 SEV-2 WARN: test_p1a_sqlite_hardening.py — mock_usage:import
2026-03-28T15:34:19.838994+00:00 SEV-2 WARN: test_p3a_security.py — mock_usage:import
2026-03-28T15:34:19.838994+00:00 SEV-2 WARN: test_p3a_security.py — mock_usage:instantiation
2026-03-28T15:34:19.838995+00:00 SEV-2 WARN: test_parallel_orchestrator.py — mock_usage:import
2026-03-28T15:34:19.838996+00:00 SEV-2 WARN: test_persona_seed.py — mock_usage:import
2026-03-28T15:34:19.838997+00:00 SEV-2 WARN: test_persona_seed.py — mock_usage:instantiation
2026-03-28T15:34:19.838999+00:00 SEV-2 WARN: test_personaforge_client.py — mock_usage:import
2026-03-28T15:34:19.839000+00:00 SEV-2 WARN: test_personaforge_client.py — mock_usage:instantiation
2026-03-28T15:34:19.839001+00:00 SEV-2 WARN: test_pg_migration.py — silent_pass:test_pdf_download_name_contains_id
2026-03-28T15:34:19.839002+00:00 SEV-2 WARN: test_pg_migration.py — mock_usage:instantiation
2026-03-28T15:34:20.525577+00:00 SEV-2 WARN: test_deep_profile_staleness.py — silent_pass:test_status_200_has_required_fields
2026-03-28T15:34:20.525581+00:00 SEV-2 WARN: test_deep_profile_staleness.py — mock_usage:import
2026-03-28T15:34:20.525583+00:00 SEV-2 WARN: test_feedback_loop.py — silent_pass:test_correlations_200_has_required_fields
2026-03-28T15:34:20.525584+00:00 SEV-2 WARN: test_feedback_loop.py — silent_pass:test_feedback_summary_200_has_counts
2026-03-28T15:34:20.525585+00:00 SEV-2 WARN: test_feedback_loop.py — mock_usage:import
2026-03-28T15:34:20.525586+00:00 SEV-2 WARN: test_feedback_loop.py — mock_usage:instantiation
2026-03-28T15:34:20.525587+00:00 SEV-2 WARN: test_graph_traceability.py — silent_pass:test_coverage_200_has_required_fields
2026-03-28T15:34:20.525589+00:00 SEV-2 WARN: test_graph_traceability.py — silent_pass:test_coverage_pct_between_0_and_100
2026-03-28T15:34:20.525590+00:00 SEV-2 WARN: test_graph_traceability.py — mock_usage:import
2026-03-28T15:34:20.525591+00:00 SEV-2 WARN: test_graph_traceability.py — mock_usage:instantiation
2026-03-28T15:34:20.525592+00:00 SEV-2 WARN: test_linkedin_narrative_regen.py — mock_usage:import
2026-03-28T15:34:20.525593+00:00 SEV-2 WARN: test_ml_feedback_loop.py — mock_usage:import
2026-03-28T15:34:20.525594+00:00 SEV-2 WARN: test_ml_feedback_loop.py — mock_usage:instantiation
2026-03-28T15:34:20.525594+00:00 SEV-2 WARN: test_p0b_ftal_integration.py — mock_usage:import
2026-03-28T15:34:20.525596+00:00 SEV-2 WARN: test_p0b_ftal_integration.py — mock_usage:instantiation
2026-03-28T15:34:20.525596+00:00 SEV-2 WARN: test_p1a_sqlite_hardening.py — mock_usage:import
2026-03-28T15:34:20.525597+00:00 SEV-2 WARN: test_p3a_security.py — mock_usage:import
2026-03-28T15:34:20.525598+00:00 SEV-2 WARN: test_p3a_security.py — mock_usage:instantiation
2026-03-28T15:34:20.525599+00:00 SEV-2 WARN: test_parallel_orchestrator.py — mock_usage:import
2026-03-28T15:34:20.525600+00:00 SEV-2 WARN: test_persona_seed.py — mock_usage:import
2026-03-28T15:34:20.525601+00:00 SEV-2 WARN: test_persona_seed.py — mock_usage:instantiation
2026-03-28T15:34:20.525602+00:00 SEV-2 WARN: test_personaforge_client.py — mock_usage:import
2026-03-28T15:34:20.525603+00:00 SEV-2 WARN: test_personaforge_client.py — mock_usage:instantiation
2026-03-28T15:34:20.525604+00:00 SEV-2 WARN: test_pg_migration.py — silent_pass:test_pdf_download_name_contains_id
2026-03-28T15:34:20.525605+00:00 SEV-2 WARN: test_pg_migration.py — mock_usage:instantiation
2026-03-28T15:34:22.004283+00:00 SEV-2 WARN: test_deep_profile_staleness.py — silent_pass:test_status_200_has_required_fields
2026-03-28T15:34:22.004287+00:00 SEV-2 WARN: test_deep_profile_staleness.py — mock_usage:import
2026-03-28T15:34:22.004289+00:00 SEV-2 WARN: test_feedback_loop.py — silent_pass:test_correlations_200_has_required_fields
2026-03-28T15:34:22.004290+00:00 SEV-2 WARN: test_feedback_loop.py — silent_pass:test_feedback_summary_200_has_counts
2026-03-28T15:34:22.004291+00:00 SEV-2 WARN: test_feedback_loop.py — mock_usage:import
2026-03-28T15:34:22.004292+00:00 SEV-2 WARN: test_feedback_loop.py — mock_usage:instantiation
2026-03-28T15:34:22.004293+00:00 SEV-2 WARN: test_graph_traceability.py — silent_pass:test_coverage_200_has_required_fields
2026-03-28T15:34:22.004294+00:00 SEV-2 WARN: test_graph_traceability.py — silent_pass:test_coverage_pct_between_0_and_100
2026-03-28T15:34:22.004295+00:00 SEV-2 WARN: test_graph_traceability.py — mock_usage:import
2026-03-28T15:34:22.004296+00:00 SEV-2 WARN: test_graph_traceability.py — mock_usage:instantiation
2026-03-28T15:34:22.004297+00:00 SEV-2 WARN: test_linkedin_narrative_regen.py — mock_usage:import
2026-03-28T15:34:22.004298+00:00 SEV-2 WARN: test_ml_feedback_loop.py — mock_usage:import
2026-03-28T15:34:22.004299+00:00 SEV-2 WARN: test_ml_feedback_loop.py — mock_usage:instantiation
2026-03-28T15:34:22.004300+00:00 SEV-2 WARN: test_p0b_ftal_integration.py — mock_usage:import
2026-03-28T15:34:22.004301+00:00 SEV-2 WARN: test_p0b_ftal_integration.py — mock_usage:instantiation
2026-03-28T15:34:22.004302+00:00 SEV-2 WARN: test_p1a_sqlite_hardening.py — mock_usage:import
2026-03-28T15:34:22.004303+00:00 SEV-2 WARN: test_p3a_security.py — mock_usage:import
2026-03-28T15:34:22.004304+00:00 SEV-2 WARN: test_p3a_security.py — mock_usage:instantiation
2026-03-28T15:34:22.004305+00:00 SEV-2 WARN: test_parallel_orchestrator.py — mock_usage:import
2026-03-28T15:34:22.004306+00:00 SEV-2 WARN: test_persona_seed.py — mock_usage:import
2026-03-28T15:34:22.004307+00:00 SEV-2 WARN: test_persona_seed.py — mock_usage:instantiation
2026-03-28T15:34:22.004308+00:00 SEV-2 WARN: test_personaforge_client.py — mock_usage:import
2026-03-28T15:34:22.004309+00:00 SEV-2 WARN: test_personaforge_client.py — mock_usage:instantiation
2026-03-28T15:34:22.004310+00:00 SEV-2 WARN: test_pg_migration.py — silent_pass:test_pdf_download_name_contains_id
2026-03-28T15:34:22.004311+00:00 SEV-2 WARN: test_pg_migration.py — mock_usage:instantiation
2026-03-28T16:29:48.213017+00:00 SEV-2 WARN: test_deep_profile_staleness.py — silent_pass:test_status_200_has_required_fields
2026-03-28T16:29:48.213023+00:00 SEV-2 WARN: test_deep_profile_staleness.py — mock_usage:import
2026-03-28T16:29:48.213024+00:00 SEV-2 WARN: test_feedback_loop.py — silent_pass:test_correlations_200_has_required_fields
2026-03-28T16:29:48.213026+00:00 SEV-2 WARN: test_feedback_loop.py — silent_pass:test_feedback_summary_200_has_counts
2026-03-28T16:29:48.213027+00:00 SEV-2 WARN: test_feedback_loop.py — mock_usage:instantiation
2026-03-28T16:29:48.213028+00:00 SEV-2 WARN: test_feedback_loop.py — mock_usage:import
2026-03-28T16:29:48.213029+00:00 SEV-2 WARN: test_graph_traceability.py — silent_pass:test_coverage_200_has_required_fields
2026-03-28T16:29:48.213030+00:00 SEV-2 WARN: test_graph_traceability.py — silent_pass:test_coverage_pct_between_0_and_100
2026-03-28T16:29:48.213031+00:00 SEV-2 WARN: test_graph_traceability.py — mock_usage:instantiation
2026-03-28T16:29:48.213032+00:00 SEV-2 WARN: test_graph_traceability.py — mock_usage:import
2026-03-28T16:29:48.213033+00:00 SEV-2 WARN: test_linkedin_narrative_regen.py — mock_usage:import
2026-03-28T16:29:48.213034+00:00 SEV-2 WARN: test_ml_feedback_loop.py — mock_usage:instantiation
2026-03-28T16:29:48.213035+00:00 SEV-2 WARN: test_ml_feedback_loop.py — mock_usage:import
2026-03-28T16:29:48.213036+00:00 SEV-2 WARN: test_p0b_ftal_integration.py — mock_usage:instantiation
2026-03-28T16:29:48.213037+00:00 SEV-2 WARN: test_p0b_ftal_integration.py — mock_usage:import
2026-03-28T16:29:48.213039+00:00 SEV-2 WARN: test_p1a_sqlite_hardening.py — mock_usage:import
2026-03-28T16:29:48.213040+00:00 SEV-2 WARN: test_p3a_security.py — mock_usage:instantiation
2026-03-28T16:29:48.213040+00:00 SEV-2 WARN: test_p3a_security.py — mock_usage:import
2026-03-28T16:29:48.213041+00:00 SEV-2 WARN: test_parallel_orchestrator.py — mock_usage:import
2026-03-28T16:29:48.213042+00:00 SEV-2 WARN: test_persona_seed.py — mock_usage:instantiation
2026-03-28T16:29:48.213043+00:00 SEV-2 WARN: test_persona_seed.py — mock_usage:import
2026-03-28T16:29:48.213044+00:00 SEV-2 WARN: test_personaforge_client.py — mock_usage:instantiation
2026-03-28T16:29:48.213045+00:00 SEV-2 WARN: test_personaforge_client.py — mock_usage:import
2026-03-28T16:29:48.213046+00:00 SEV-2 WARN: test_pg_migration.py — silent_pass:test_pdf_download_name_contains_id
2026-03-28T16:29:48.213047+00:00 SEV-2 WARN: test_pg_migration.py — mock_usage:instantiation
2026-03-28T16:29:49.050432+00:00 SEV-2 WARN: test_deep_profile_staleness.py — silent_pass:test_status_200_has_required_fields
2026-03-28T16:29:49.050436+00:00 SEV-2 WARN: test_deep_profile_staleness.py — mock_usage:import
2026-03-28T16:29:49.050438+00:00 SEV-2 WARN: test_feedback_loop.py — silent_pass:test_correlations_200_has_required_fields
2026-03-28T16:29:49.050439+00:00 SEV-2 WARN: test_feedback_loop.py — silent_pass:test_feedback_summary_200_has_counts
2026-03-28T16:29:49.050440+00:00 SEV-2 WARN: test_feedback_loop.py — mock_usage:instantiation
2026-03-28T16:29:49.050441+00:00 SEV-2 WARN: test_feedback_loop.py — mock_usage:import
2026-03-28T16:29:49.050442+00:00 SEV-2 WARN: test_graph_traceability.py — silent_pass:test_coverage_200_has_required_fields
2026-03-28T16:29:49.050443+00:00 SEV-2 WARN: test_graph_traceability.py — silent_pass:test_coverage_pct_between_0_and_100
2026-03-28T16:29:49.050444+00:00 SEV-2 WARN: test_graph_traceability.py — mock_usage:instantiation
2026-03-28T16:29:49.050445+00:00 SEV-2 WARN: test_graph_traceability.py — mock_usage:import
2026-03-28T16:29:49.050446+00:00 SEV-2 WARN: test_linkedin_narrative_regen.py — mock_usage:import
2026-03-28T16:29:49.050447+00:00 SEV-2 WARN: test_ml_feedback_loop.py — mock_usage:instantiation
2026-03-28T16:29:49.050448+00:00 SEV-2 WARN: test_ml_feedback_loop.py — mock_usage:import
2026-03-28T16:29:49.050449+00:00 SEV-2 WARN: test_p0b_ftal_integration.py — mock_usage:instantiation
2026-03-28T16:29:49.050450+00:00 SEV-2 WARN: test_p0b_ftal_integration.py — mock_usage:import
2026-03-28T16:29:49.050451+00:00 SEV-2 WARN: test_p1a_sqlite_hardening.py — mock_usage:import
2026-03-28T16:29:49.050451+00:00 SEV-2 WARN: test_p3a_security.py — mock_usage:instantiation
2026-03-28T16:29:49.050453+00:00 SEV-2 WARN: test_p3a_security.py — mock_usage:import
2026-03-28T16:29:49.050454+00:00 SEV-2 WARN: test_parallel_orchestrator.py — mock_usage:import
2026-03-28T16:29:49.050454+00:00 SEV-2 WARN: test_persona_seed.py — mock_usage:instantiation
2026-03-28T16:29:49.050455+00:00 SEV-2 WARN: test_persona_seed.py — mock_usage:import
2026-03-28T16:29:49.050456+00:00 SEV-2 WARN: test_personaforge_client.py — mock_usage:instantiation
2026-03-28T16:29:49.050457+00:00 SEV-2 WARN: test_personaforge_client.py — mock_usage:import
2026-03-28T16:29:49.050458+00:00 SEV-2 WARN: test_pg_migration.py — silent_pass:test_pdf_download_name_contains_id
2026-03-28T16:29:49.050459+00:00 SEV-2 WARN: test_pg_migration.py — mock_usage:instantiation
2026-03-28T16:29:49.730443+00:00 SEV-2 WARN: test_deep_profile_staleness.py — silent_pass:test_status_200_has_required_fields
2026-03-28T16:29:49.730448+00:00 SEV-2 WARN: test_deep_profile_staleness.py — mock_usage:import
2026-03-28T16:29:49.730449+00:00 SEV-2 WARN: test_feedback_loop.py — silent_pass:test_correlations_200_has_required_fields
2026-03-28T16:29:49.730451+00:00 SEV-2 WARN: test_feedback_loop.py — silent_pass:test_feedback_summary_200_has_counts
2026-03-28T16:29:49.730452+00:00 SEV-2 WARN: test_feedback_loop.py — mock_usage:instantiation
2026-03-28T16:29:49.730453+00:00 SEV-2 WARN: test_feedback_loop.py — mock_usage:import
2026-03-28T16:29:49.730454+00:00 SEV-2 WARN: test_graph_traceability.py — silent_pass:test_coverage_200_has_required_fields
2026-03-28T16:29:49.730455+00:00 SEV-2 WARN: test_graph_traceability.py — silent_pass:test_coverage_pct_between_0_and_100
2026-03-28T16:29:49.730456+00:00 SEV-2 WARN: test_graph_traceability.py — mock_usage:instantiation
2026-03-28T16:29:49.730457+00:00 SEV-2 WARN: test_graph_traceability.py — mock_usage:import
2026-03-28T16:29:49.730458+00:00 SEV-2 WARN: test_linkedin_narrative_regen.py — mock_usage:import
2026-03-28T16:29:49.730459+00:00 SEV-2 WARN: test_ml_feedback_loop.py — mock_usage:instantiation
2026-03-28T16:29:49.730460+00:00 SEV-2 WARN: test_ml_feedback_loop.py — mock_usage:import
2026-03-28T16:29:49.730461+00:00 SEV-2 WARN: test_p0b_ftal_integration.py — mock_usage:instantiation
2026-03-28T16:29:49.730462+00:00 SEV-2 WARN: test_p0b_ftal_integration.py — mock_usage:import
2026-03-28T16:29:49.730463+00:00 SEV-2 WARN: test_p1a_sqlite_hardening.py — mock_usage:import
2026-03-28T16:29:49.730464+00:00 SEV-2 WARN: test_p3a_security.py — mock_usage:instantiation
2026-03-28T16:29:49.730465+00:00 SEV-2 WARN: test_p3a_security.py — mock_usage:import
2026-03-28T16:29:49.730466+00:00 SEV-2 WARN: test_parallel_orchestrator.py — mock_usage:import
2026-03-28T16:29:49.730467+00:00 SEV-2 WARN: test_persona_seed.py — mock_usage:instantiation
2026-03-28T16:29:49.730468+00:00 SEV-2 WARN: test_persona_seed.py — mock_usage:import
2026-03-28T16:29:49.730470+00:00 SEV-2 WARN: test_personaforge_client.py — mock_usage:instantiation
2026-03-28T16:29:49.730471+00:00 SEV-2 WARN: test_personaforge_client.py — mock_usage:import
2026-03-28T16:29:49.730472+00:00 SEV-2 WARN: test_pg_migration.py — silent_pass:test_pdf_download_name_contains_id
2026-03-28T16:29:49.730473+00:00 SEV-2 WARN: test_pg_migration.py — mock_usage:instantiation
2026-03-28T16:29:50.414364+00:00 SEV-2 WARN: test_deep_profile_staleness.py — silent_pass:test_status_200_has_required_fields
2026-03-28T16:29:50.414368+00:00 SEV-2 WARN: test_deep_profile_staleness.py — mock_usage:import
2026-03-28T16:29:50.414369+00:00 SEV-2 WARN: test_feedback_loop.py — silent_pass:test_correlations_200_has_required_fields
2026-03-28T16:29:50.414370+00:00 SEV-2 WARN: test_feedback_loop.py — silent_pass:test_feedback_summary_200_has_counts
2026-03-28T16:29:50.414371+00:00 SEV-2 WARN: test_feedback_loop.py — mock_usage:instantiation
2026-03-28T16:29:50.414372+00:00 SEV-2 WARN: test_feedback_loop.py — mock_usage:import
2026-03-28T16:29:50.414373+00:00 SEV-2 WARN: test_graph_traceability.py — silent_pass:test_coverage_200_has_required_fields
2026-03-28T16:29:50.414374+00:00 SEV-2 WARN: test_graph_traceability.py — silent_pass:test_coverage_pct_between_0_and_100
2026-03-28T16:29:50.414375+00:00 SEV-2 WARN: test_graph_traceability.py — mock_usage:instantiation
2026-03-28T16:29:50.414376+00:00 SEV-2 WARN: test_graph_traceability.py — mock_usage:import
2026-03-28T16:29:50.414377+00:00 SEV-2 WARN: test_linkedin_narrative_regen.py — mock_usage:import
2026-03-28T16:29:50.414378+00:00 SEV-2 WARN: test_ml_feedback_loop.py — mock_usage:instantiation
2026-03-28T16:29:50.414379+00:00 SEV-2 WARN: test_ml_feedback_loop.py — mock_usage:import
2026-03-28T16:29:50.414380+00:00 SEV-2 WARN: test_p0b_ftal_integration.py — mock_usage:instantiation
2026-03-28T16:29:50.414381+00:00 SEV-2 WARN: test_p0b_ftal_integration.py — mock_usage:import
2026-03-28T16:29:50.414382+00:00 SEV-2 WARN: test_p1a_sqlite_hardening.py — mock_usage:import
2026-03-28T16:29:50.414384+00:00 SEV-2 WARN: test_p3a_security.py — mock_usage:instantiation
2026-03-28T16:29:50.414385+00:00 SEV-2 WARN: test_p3a_security.py — mock_usage:import
2026-03-28T16:29:50.414386+00:00 SEV-2 WARN: test_parallel_orchestrator.py — mock_usage:import
2026-03-28T16:29:50.414387+00:00 SEV-2 WARN: test_persona_seed.py — mock_usage:instantiation
2026-03-28T16:29:50.414388+00:00 SEV-2 WARN: test_persona_seed.py — mock_usage:import
2026-03-28T16:29:50.414389+00:00 SEV-2 WARN: test_personaforge_client.py — mock_usage:instantiation
2026-03-28T16:29:50.414390+00:00 SEV-2 WARN: test_personaforge_client.py — mock_usage:import
2026-03-28T16:29:50.414391+00:00 SEV-2 WARN: test_pg_migration.py — silent_pass:test_pdf_download_name_contains_id
2026-03-28T16:29:50.414392+00:00 SEV-2 WARN: test_pg_migration.py — mock_usage:instantiation
2026-03-28T16:29:51.921549+00:00 SEV-2 WARN: test_deep_profile_staleness.py — silent_pass:test_status_200_has_required_fields
2026-03-28T16:29:51.921554+00:00 SEV-2 WARN: test_deep_profile_staleness.py — mock_usage:import
2026-03-28T16:29:51.921555+00:00 SEV-2 WARN: test_feedback_loop.py — silent_pass:test_correlations_200_has_required_fields
2026-03-28T16:29:51.921556+00:00 SEV-2 WARN: test_feedback_loop.py — silent_pass:test_feedback_summary_200_has_counts
2026-03-28T16:29:51.921557+00:00 SEV-2 WARN: test_feedback_loop.py — mock_usage:instantiation
2026-03-28T16:29:51.921558+00:00 SEV-2 WARN: test_feedback_loop.py — mock_usage:import
2026-03-28T16:29:51.921559+00:00 SEV-2 WARN: test_graph_traceability.py — silent_pass:test_coverage_200_has_required_fields
2026-03-28T16:29:51.921560+00:00 SEV-2 WARN: test_graph_traceability.py — silent_pass:test_coverage_pct_between_0_and_100
2026-03-28T16:29:51.921562+00:00 SEV-2 WARN: test_graph_traceability.py — mock_usage:instantiation
2026-03-28T16:29:51.921563+00:00 SEV-2 WARN: test_graph_traceability.py — mock_usage:import
2026-03-28T16:29:51.921564+00:00 SEV-2 WARN: test_linkedin_narrative_regen.py — mock_usage:import
2026-03-28T16:29:51.921565+00:00 SEV-2 WARN: test_ml_feedback_loop.py — mock_usage:instantiation
2026-03-28T16:29:51.921566+00:00 SEV-2 WARN: test_ml_feedback_loop.py — mock_usage:import
2026-03-28T16:29:51.921567+00:00 SEV-2 WARN: test_p0b_ftal_integration.py — mock_usage:instantiation
2026-03-28T16:29:51.921568+00:00 SEV-2 WARN: test_p0b_ftal_integration.py — mock_usage:import
2026-03-28T16:29:51.921569+00:00 SEV-2 WARN: test_p1a_sqlite_hardening.py — mock_usage:import
2026-03-28T16:29:51.921570+00:00 SEV-2 WARN: test_p3a_security.py — mock_usage:instantiation
2026-03-28T16:29:51.921571+00:00 SEV-2 WARN: test_p3a_security.py — mock_usage:import
2026-03-28T16:29:51.921572+00:00 SEV-2 WARN: test_parallel_orchestrator.py — mock_usage:import
2026-03-28T16:29:51.921573+00:00 SEV-2 WARN: test_persona_seed.py — mock_usage:instantiation
2026-03-28T16:29:51.921574+00:00 SEV-2 WARN: test_persona_seed.py — mock_usage:import
2026-03-28T16:29:51.921575+00:00 SEV-2 WARN: test_personaforge_client.py — mock_usage:instantiation
2026-03-28T16:29:51.921576+00:00 SEV-2 WARN: test_personaforge_client.py — mock_usage:import
2026-03-28T16:29:51.921577+00:00 SEV-2 WARN: test_pg_migration.py — silent_pass:test_pdf_download_name_contains_id
2026-03-28T16:29:51.921578+00:00 SEV-2 WARN: test_pg_migration.py — mock_usage:instantiation
2026-03-28T16:35:04.214756+00:00 SEV-2 WARN: test_deep_profile_staleness.py — silent_pass:test_status_200_has_required_fields
2026-03-28T16:35:04.214768+00:00 SEV-2 WARN: test_deep_profile_staleness.py — mock_usage:import
2026-03-28T16:35:04.214771+00:00 SEV-2 WARN: test_feedback_loop.py — silent_pass:test_correlations_200_has_required_fields
2026-03-28T16:35:04.214773+00:00 SEV-2 WARN: test_feedback_loop.py — silent_pass:test_feedback_summary_200_has_counts
2026-03-28T16:35:04.214774+00:00 SEV-2 WARN: test_feedback_loop.py — mock_usage:import
2026-03-28T16:35:04.214776+00:00 SEV-2 WARN: test_feedback_loop.py — mock_usage:instantiation
2026-03-28T16:35:04.214778+00:00 SEV-2 WARN: test_graph_traceability.py — silent_pass:test_coverage_200_has_required_fields
2026-03-28T16:35:04.214780+00:00 SEV-2 WARN: test_graph_traceability.py — silent_pass:test_coverage_pct_between_0_and_100
2026-03-28T16:35:04.214782+00:00 SEV-2 WARN: test_graph_traceability.py — mock_usage:import
2026-03-28T16:35:04.214785+00:00 SEV-2 WARN: test_graph_traceability.py — mock_usage:instantiation
2026-03-28T16:35:04.214787+00:00 SEV-2 WARN: test_linkedin_narrative_regen.py — mock_usage:import
2026-03-28T16:35:04.214789+00:00 SEV-2 WARN: test_ml_feedback_loop.py — mock_usage:import
2026-03-28T16:35:04.214791+00:00 SEV-2 WARN: test_ml_feedback_loop.py — mock_usage:instantiation
2026-03-28T16:35:04.214793+00:00 SEV-2 WARN: test_p0b_ftal_integration.py — mock_usage:import
2026-03-28T16:35:04.214795+00:00 SEV-2 WARN: test_p0b_ftal_integration.py — mock_usage:instantiation
2026-03-28T16:35:04.214798+00:00 SEV-2 WARN: test_p1a_sqlite_hardening.py — mock_usage:import
2026-03-28T16:35:04.214800+00:00 SEV-2 WARN: test_p3a_security.py — mock_usage:import
2026-03-28T16:35:04.214802+00:00 SEV-2 WARN: test_p3a_security.py — mock_usage:instantiation
2026-03-28T16:35:04.214804+00:00 SEV-2 WARN: test_parallel_orchestrator.py — mock_usage:import
2026-03-28T16:35:04.214806+00:00 SEV-2 WARN: test_persona_seed.py — mock_usage:import
2026-03-28T16:35:04.214807+00:00 SEV-2 WARN: test_persona_seed.py — mock_usage:instantiation
2026-03-28T16:35:04.214809+00:00 SEV-2 WARN: test_personaforge_client.py — mock_usage:import
2026-03-28T16:35:04.214811+00:00 SEV-2 WARN: test_personaforge_client.py — mock_usage:instantiation
2026-03-28T16:35:04.214813+00:00 SEV-2 WARN: test_pg_migration.py — silent_pass:test_pdf_download_name_contains_id
2026-03-28T16:35:04.214815+00:00 SEV-2 WARN: test_pg_migration.py — mock_usage:instantiation
2026-03-28T16:35:05.200488+00:00 SEV-2 WARN: test_deep_profile_staleness.py — silent_pass:test_status_200_has_required_fields
2026-03-28T16:35:05.200495+00:00 SEV-2 WARN: test_deep_profile_staleness.py — mock_usage:import
2026-03-28T16:35:05.200498+00:00 SEV-2 WARN: test_feedback_loop.py — silent_pass:test_correlations_200_has_required_fields
2026-03-28T16:35:05.200500+00:00 SEV-2 WARN: test_feedback_loop.py — silent_pass:test_feedback_summary_200_has_counts
2026-03-28T16:35:05.200502+00:00 SEV-2 WARN: test_feedback_loop.py — mock_usage:import
2026-03-28T16:35:05.200504+00:00 SEV-2 WARN: test_feedback_loop.py — mock_usage:instantiation
2026-03-28T16:35:05.200505+00:00 SEV-2 WARN: test_graph_traceability.py — silent_pass:test_coverage_200_has_required_fields
2026-03-28T16:35:05.200507+00:00 SEV-2 WARN: test_graph_traceability.py — silent_pass:test_coverage_pct_between_0_and_100
2026-03-28T16:35:05.200509+00:00 SEV-2 WARN: test_graph_traceability.py — mock_usage:import
2026-03-28T16:35:05.200511+00:00 SEV-2 WARN: test_graph_traceability.py — mock_usage:instantiation
2026-03-28T16:35:05.200513+00:00 SEV-2 WARN: test_linkedin_narrative_regen.py — mock_usage:import
2026-03-28T16:35:05.200515+00:00 SEV-2 WARN: test_ml_feedback_loop.py — mock_usage:import
2026-03-28T16:35:05.200516+00:00 SEV-2 WARN: test_ml_feedback_loop.py — mock_usage:instantiation
2026-03-28T16:35:05.200518+00:00 SEV-2 WARN: test_p0b_ftal_integration.py — mock_usage:import
2026-03-28T16:35:05.200520+00:00 SEV-2 WARN: test_p0b_ftal_integration.py — mock_usage:instantiation
2026-03-28T16:35:05.200522+00:00 SEV-2 WARN: test_p1a_sqlite_hardening.py — mock_usage:import
2026-03-28T16:35:05.200523+00:00 SEV-2 WARN: test_p3a_security.py — mock_usage:import
2026-03-28T16:35:05.200525+00:00 SEV-2 WARN: test_p3a_security.py — mock_usage:instantiation
2026-03-28T16:35:05.200527+00:00 SEV-2 WARN: test_parallel_orchestrator.py — mock_usage:import
2026-03-28T16:35:05.200528+00:00 SEV-2 WARN: test_persona_seed.py — mock_usage:import
2026-03-28T16:35:05.200530+00:00 SEV-2 WARN: test_persona_seed.py — mock_usage:instantiation
2026-03-28T16:35:05.200531+00:00 SEV-2 WARN: test_personaforge_client.py — mock_usage:import
2026-03-28T16:35:05.200533+00:00 SEV-2 WARN: test_personaforge_client.py — mock_usage:instantiation
2026-03-28T16:35:05.200534+00:00 SEV-2 WARN: test_pg_migration.py — silent_pass:test_pdf_download_name_contains_id
2026-03-28T16:35:05.200536+00:00 SEV-2 WARN: test_pg_migration.py — mock_usage:instantiation
2026-03-28T16:35:06.207187+00:00 SEV-2 WARN: test_deep_profile_staleness.py — silent_pass:test_status_200_has_required_fields
2026-03-28T16:35:06.207192+00:00 SEV-2 WARN: test_deep_profile_staleness.py — mock_usage:import
2026-03-28T16:35:06.207193+00:00 SEV-2 WARN: test_feedback_loop.py — silent_pass:test_correlations_200_has_required_fields
2026-03-28T16:35:06.207195+00:00 SEV-2 WARN: test_feedback_loop.py — silent_pass:test_feedback_summary_200_has_counts
2026-03-28T16:35:06.207196+00:00 SEV-2 WARN: test_feedback_loop.py — mock_usage:import
2026-03-28T16:35:06.207197+00:00 SEV-2 WARN: test_feedback_loop.py — mock_usage:instantiation
2026-03-28T16:35:06.207197+00:00 SEV-2 WARN: test_graph_traceability.py — silent_pass:test_coverage_200_has_required_fields
2026-03-28T16:35:06.207199+00:00 SEV-2 WARN: test_graph_traceability.py — silent_pass:test_coverage_pct_between_0_and_100
2026-03-28T16:35:06.207200+00:00 SEV-2 WARN: test_graph_traceability.py — mock_usage:import
2026-03-28T16:35:06.207201+00:00 SEV-2 WARN: test_graph_traceability.py — mock_usage:instantiation
2026-03-28T16:35:06.207202+00:00 SEV-2 WARN: test_linkedin_narrative_regen.py — mock_usage:import
2026-03-28T16:35:06.207203+00:00 SEV-2 WARN: test_ml_feedback_loop.py — mock_usage:import
2026-03-28T16:35:06.207203+00:00 SEV-2 WARN: test_ml_feedback_loop.py — mock_usage:instantiation
2026-03-28T16:35:06.207204+00:00 SEV-2 WARN: test_p0b_ftal_integration.py — mock_usage:import
2026-03-28T16:35:06.207205+00:00 SEV-2 WARN: test_p0b_ftal_integration.py — mock_usage:instantiation
2026-03-28T16:35:06.207206+00:00 SEV-2 WARN: test_p1a_sqlite_hardening.py — mock_usage:import
2026-03-28T16:35:06.207207+00:00 SEV-2 WARN: test_p3a_security.py — mock_usage:import
2026-03-28T16:35:06.207208+00:00 SEV-2 WARN: test_p3a_security.py — mock_usage:instantiation
2026-03-28T16:35:06.207209+00:00 SEV-2 WARN: test_parallel_orchestrator.py — mock_usage:import
2026-03-28T16:35:06.207210+00:00 SEV-2 WARN: test_persona_seed.py — mock_usage:import
2026-03-28T16:35:06.207211+00:00 SEV-2 WARN: test_persona_seed.py — mock_usage:instantiation
2026-03-28T16:35:06.207212+00:00 SEV-2 WARN: test_personaforge_client.py — mock_usage:import
2026-03-28T16:35:06.207213+00:00 SEV-2 WARN: test_personaforge_client.py — mock_usage:instantiation
2026-03-28T16:35:06.207214+00:00 SEV-2 WARN: test_pg_migration.py — silent_pass:test_pdf_download_name_contains_id
2026-03-28T16:35:06.207215+00:00 SEV-2 WARN: test_pg_migration.py — mock_usage:instantiation
2026-03-28T16:35:06.917898+00:00 SEV-2 WARN: test_deep_profile_staleness.py — silent_pass:test_status_200_has_required_fields
2026-03-28T16:35:06.917904+00:00 SEV-2 WARN: test_deep_profile_staleness.py — mock_usage:import
2026-03-28T16:35:06.917907+00:00 SEV-2 WARN: test_feedback_loop.py — silent_pass:test_correlations_200_has_required_fields
2026-03-28T16:35:06.917910+00:00 SEV-2 WARN: test_feedback_loop.py — silent_pass:test_feedback_summary_200_has_counts
2026-03-28T16:35:06.917911+00:00 SEV-2 WARN: test_feedback_loop.py — mock_usage:import
2026-03-28T16:35:06.917913+00:00 SEV-2 WARN: test_feedback_loop.py — mock_usage:instantiation
2026-03-28T16:35:06.917915+00:00 SEV-2 WARN: test_graph_traceability.py — silent_pass:test_coverage_200_has_required_fields
2026-03-28T16:35:06.917917+00:00 SEV-2 WARN: test_graph_traceability.py — silent_pass:test_coverage_pct_between_0_and_100
2026-03-28T16:35:06.917918+00:00 SEV-2 WARN: test_graph_traceability.py — mock_usage:import
2026-03-28T16:35:06.917920+00:00 SEV-2 WARN: test_graph_traceability.py — mock_usage:instantiation
2026-03-28T16:35:06.917922+00:00 SEV-2 WARN: test_linkedin_narrative_regen.py — mock_usage:import
2026-03-28T16:35:06.917923+00:00 SEV-2 WARN: test_ml_feedback_loop.py — mock_usage:import
2026-03-28T16:35:06.917925+00:00 SEV-2 WARN: test_ml_feedback_loop.py — mock_usage:instantiation
2026-03-28T16:35:06.917926+00:00 SEV-2 WARN: test_p0b_ftal_integration.py — mock_usage:import
2026-03-28T16:35:06.917928+00:00 SEV-2 WARN: test_p0b_ftal_integration.py — mock_usage:instantiation
2026-03-28T16:35:06.917930+00:00 SEV-2 WARN: test_p1a_sqlite_hardening.py — mock_usage:import
2026-03-28T16:35:06.917931+00:00 SEV-2 WARN: test_p3a_security.py — mock_usage:import
2026-03-28T16:35:06.917933+00:00 SEV-2 WARN: test_p3a_security.py — mock_usage:instantiation
2026-03-28T16:35:06.917935+00:00 SEV-2 WARN: test_parallel_orchestrator.py — mock_usage:import
2026-03-28T16:35:06.917937+00:00 SEV-2 WARN: test_persona_seed.py — mock_usage:import
2026-03-28T16:35:06.917939+00:00 SEV-2 WARN: test_persona_seed.py — mock_usage:instantiation
2026-03-28T16:35:06.917940+00:00 SEV-2 WARN: test_personaforge_client.py — mock_usage:import
2026-03-28T16:35:06.917942+00:00 SEV-2 WARN: test_personaforge_client.py — mock_usage:instantiation
2026-03-28T16:35:06.917944+00:00 SEV-2 WARN: test_pg_migration.py — silent_pass:test_pdf_download_name_contains_id
2026-03-28T16:35:06.917946+00:00 SEV-2 WARN: test_pg_migration.py — mock_usage:instantiation
2026-03-28T16:35:08.455061+00:00 SEV-2 WARN: test_deep_profile_staleness.py — silent_pass:test_status_200_has_required_fields
2026-03-28T16:35:08.455066+00:00 SEV-2 WARN: test_deep_profile_staleness.py — mock_usage:import
2026-03-28T16:35:08.455067+00:00 SEV-2 WARN: test_feedback_loop.py — silent_pass:test_correlations_200_has_required_fields
2026-03-28T16:35:08.455068+00:00 SEV-2 WARN: test_feedback_loop.py — silent_pass:test_feedback_summary_200_has_counts
2026-03-28T16:35:08.455069+00:00 SEV-2 WARN: test_feedback_loop.py — mock_usage:import
2026-03-28T16:35:08.455070+00:00 SEV-2 WARN: test_feedback_loop.py — mock_usage:instantiation
2026-03-28T16:35:08.455071+00:00 SEV-2 WARN: test_graph_traceability.py — silent_pass:test_coverage_200_has_required_fields
2026-03-28T16:35:08.455072+00:00 SEV-2 WARN: test_graph_traceability.py — silent_pass:test_coverage_pct_between_0_and_100
2026-03-28T16:35:08.455073+00:00 SEV-2 WARN: test_graph_traceability.py — mock_usage:import
2026-03-28T16:35:08.455074+00:00 SEV-2 WARN: test_graph_traceability.py — mock_usage:instantiation
2026-03-28T16:35:08.455075+00:00 SEV-2 WARN: test_linkedin_narrative_regen.py — mock_usage:import
2026-03-28T16:35:08.455076+00:00 SEV-2 WARN: test_ml_feedback_loop.py — mock_usage:import
2026-03-28T16:35:08.455077+00:00 SEV-2 WARN: test_ml_feedback_loop.py — mock_usage:instantiation
2026-03-28T16:35:08.455078+00:00 SEV-2 WARN: test_p0b_ftal_integration.py — mock_usage:import
2026-03-28T16:35:08.455079+00:00 SEV-2 WARN: test_p0b_ftal_integration.py — mock_usage:instantiation
2026-03-28T16:35:08.455080+00:00 SEV-2 WARN: test_p1a_sqlite_hardening.py — mock_usage:import
2026-03-28T16:35:08.455081+00:00 SEV-2 WARN: test_p3a_security.py — mock_usage:import
2026-03-28T16:35:08.455082+00:00 SEV-2 WARN: test_p3a_security.py — mock_usage:instantiation
2026-03-28T16:35:08.455083+00:00 SEV-2 WARN: test_parallel_orchestrator.py — mock_usage:import
2026-03-28T16:35:08.455084+00:00 SEV-2 WARN: test_persona_seed.py — mock_usage:import
2026-03-28T16:35:08.455085+00:00 SEV-2 WARN: test_persona_seed.py — mock_usage:instantiation
2026-03-28T16:35:08.455086+00:00 SEV-2 WARN: test_personaforge_client.py — mock_usage:import
2026-03-28T16:35:08.455087+00:00 SEV-2 WARN: test_personaforge_client.py — mock_usage:instantiation
2026-03-28T16:35:08.455087+00:00 SEV-2 WARN: test_pg_migration.py — silent_pass:test_pdf_download_name_contains_id
2026-03-28T16:35:08.455088+00:00 SEV-2 WARN: test_pg_migration.py — mock_usage:instantiation
2026-03-28T16:37:30.443239+00:00 SEV-2 WARN: test_deep_profile_staleness.py — silent_pass:test_status_200_has_required_fields
2026-03-28T16:37:30.443244+00:00 SEV-2 WARN: test_deep_profile_staleness.py — mock_usage:import
2026-03-28T16:37:30.443246+00:00 SEV-2 WARN: test_feedback_loop.py — silent_pass:test_correlations_200_has_required_fields
2026-03-28T16:37:30.443247+00:00 SEV-2 WARN: test_feedback_loop.py — silent_pass:test_feedback_summary_200_has_counts
2026-03-28T16:37:30.443248+00:00 SEV-2 WARN: test_feedback_loop.py — mock_usage:instantiation
2026-03-28T16:37:30.443248+00:00 SEV-2 WARN: test_feedback_loop.py — mock_usage:import
2026-03-28T16:37:30.443249+00:00 SEV-2 WARN: test_graph_traceability.py — silent_pass:test_coverage_200_has_required_fields
2026-03-28T16:37:30.443250+00:00 SEV-2 WARN: test_graph_traceability.py — silent_pass:test_coverage_pct_between_0_and_100
2026-03-28T16:37:30.443250+00:00 SEV-2 WARN: test_graph_traceability.py — mock_usage:instantiation
2026-03-28T16:37:30.443251+00:00 SEV-2 WARN: test_graph_traceability.py — mock_usage:import
2026-03-28T16:37:30.443252+00:00 SEV-2 WARN: test_linkedin_narrative_regen.py — mock_usage:import
2026-03-28T16:37:30.443253+00:00 SEV-2 WARN: test_ml_feedback_loop.py — mock_usage:instantiation
2026-03-28T16:37:30.443253+00:00 SEV-2 WARN: test_ml_feedback_loop.py — mock_usage:import
2026-03-28T16:37:30.443254+00:00 SEV-2 WARN: test_p0b_ftal_integration.py — mock_usage:instantiation
2026-03-28T16:37:30.443255+00:00 SEV-2 WARN: test_p0b_ftal_integration.py — mock_usage:import
2026-03-28T16:37:30.443255+00:00 SEV-2 WARN: test_p1a_sqlite_hardening.py — mock_usage:import
2026-03-28T16:37:30.443256+00:00 SEV-2 WARN: test_p3a_security.py — mock_usage:instantiation
2026-03-28T16:37:30.443257+00:00 SEV-2 WARN: test_p3a_security.py — mock_usage:import
2026-03-28T16:37:30.443257+00:00 SEV-2 WARN: test_parallel_orchestrator.py — mock_usage:import
2026-03-28T16:37:30.443258+00:00 SEV-2 WARN: test_persona_seed.py — mock_usage:instantiation
2026-03-28T16:37:30.443259+00:00 SEV-2 WARN: test_persona_seed.py — mock_usage:import
2026-03-28T16:37:30.443259+00:00 SEV-2 WARN: test_personaforge_client.py — mock_usage:instantiation
2026-03-28T16:37:30.443260+00:00 SEV-2 WARN: test_personaforge_client.py — mock_usage:import
2026-03-28T16:37:30.443261+00:00 SEV-2 WARN: test_pg_migration.py — silent_pass:test_pdf_download_name_contains_id
2026-03-28T16:37:30.443261+00:00 SEV-2 WARN: test_pg_migration.py — mock_usage:instantiation
2026-03-28T16:37:31.178891+00:00 SEV-2 WARN: test_deep_profile_staleness.py — silent_pass:test_status_200_has_required_fields
2026-03-28T16:37:31.178896+00:00 SEV-2 WARN: test_deep_profile_staleness.py — mock_usage:import
2026-03-28T16:37:31.178898+00:00 SEV-2 WARN: test_feedback_loop.py — silent_pass:test_correlations_200_has_required_fields
2026-03-28T16:37:31.178899+00:00 SEV-2 WARN: test_feedback_loop.py — silent_pass:test_feedback_summary_200_has_counts
2026-03-28T16:37:31.178900+00:00 SEV-2 WARN: test_feedback_loop.py — mock_usage:import
2026-03-28T16:37:31.178900+00:00 SEV-2 WARN: test_feedback_loop.py — mock_usage:instantiation
2026-03-28T16:37:31.178901+00:00 SEV-2 WARN: test_graph_traceability.py — silent_pass:test_coverage_200_has_required_fields
2026-03-28T16:37:31.178902+00:00 SEV-2 WARN: test_graph_traceability.py — silent_pass:test_coverage_pct_between_0_and_100
2026-03-28T16:37:31.178903+00:00 SEV-2 WARN: test_graph_traceability.py — mock_usage:import
2026-03-28T16:37:31.178903+00:00 SEV-2 WARN: test_graph_traceability.py — mock_usage:instantiation
2026-03-28T16:37:31.178904+00:00 SEV-2 WARN: test_linkedin_narrative_regen.py — mock_usage:import
2026-03-28T16:37:31.178905+00:00 SEV-2 WARN: test_ml_feedback_loop.py — mock_usage:import
2026-03-28T16:37:31.178905+00:00 SEV-2 WARN: test_ml_feedback_loop.py — mock_usage:instantiation
2026-03-28T16:37:31.178906+00:00 SEV-2 WARN: test_p0b_ftal_integration.py — mock_usage:import
2026-03-28T16:37:31.178907+00:00 SEV-2 WARN: test_p0b_ftal_integration.py — mock_usage:instantiation
2026-03-28T16:37:31.178907+00:00 SEV-2 WARN: test_p1a_sqlite_hardening.py — mock_usage:import
2026-03-28T16:37:31.178908+00:00 SEV-2 WARN: test_p3a_security.py — mock_usage:import
2026-03-28T16:37:31.178909+00:00 SEV-2 WARN: test_p3a_security.py — mock_usage:instantiation
2026-03-28T16:37:31.178910+00:00 SEV-2 WARN: test_parallel_orchestrator.py — mock_usage:import
2026-03-28T16:37:31.178911+00:00 SEV-2 WARN: test_persona_seed.py — mock_usage:import
2026-03-28T16:37:31.178911+00:00 SEV-2 WARN: test_persona_seed.py — mock_usage:instantiation
2026-03-28T16:37:31.178912+00:00 SEV-2 WARN: test_personaforge_client.py — mock_usage:import
2026-03-28T16:37:31.178913+00:00 SEV-2 WARN: test_personaforge_client.py — mock_usage:instantiation
2026-03-28T16:37:31.178913+00:00 SEV-2 WARN: test_pg_migration.py — silent_pass:test_pdf_download_name_contains_id
2026-03-28T16:37:31.178914+00:00 SEV-2 WARN: test_pg_migration.py — mock_usage:instantiation
2026-03-28T17:17:55.920470+00:00 SEV-2 WARN: test_deep_profile_staleness.py — silent_pass:test_status_200_has_required_fields
2026-03-28T17:17:55.920474+00:00 SEV-2 WARN: test_deep_profile_staleness.py — mock_usage:import
2026-03-28T17:17:55.920476+00:00 SEV-2 WARN: test_feedback_loop.py — silent_pass:test_correlations_200_has_required_fields
2026-03-28T17:17:55.920477+00:00 SEV-2 WARN: test_feedback_loop.py — silent_pass:test_feedback_summary_200_has_counts
2026-03-28T17:17:55.920477+00:00 SEV-2 WARN: test_feedback_loop.py — mock_usage:instantiation
2026-03-28T17:17:55.920478+00:00 SEV-2 WARN: test_feedback_loop.py — mock_usage:import
2026-03-28T17:17:55.920479+00:00 SEV-2 WARN: test_graph_traceability.py — silent_pass:test_coverage_200_has_required_fields
2026-03-28T17:17:55.920480+00:00 SEV-2 WARN: test_graph_traceability.py — silent_pass:test_coverage_pct_between_0_and_100
2026-03-28T17:17:55.920480+00:00 SEV-2 WARN: test_graph_traceability.py — mock_usage:instantiation
2026-03-28T17:17:55.920481+00:00 SEV-2 WARN: test_graph_traceability.py — mock_usage:import
2026-03-28T17:17:55.920482+00:00 SEV-2 WARN: test_linkedin_narrative_regen.py — mock_usage:import
2026-03-28T17:17:55.920483+00:00 SEV-2 WARN: test_ml_feedback_loop.py — mock_usage:instantiation
2026-03-28T17:17:55.920483+00:00 SEV-2 WARN: test_ml_feedback_loop.py — mock_usage:import
2026-03-28T17:17:55.920484+00:00 SEV-2 WARN: test_p0b_ftal_integration.py — mock_usage:instantiation
2026-03-28T17:17:55.920485+00:00 SEV-2 WARN: test_p0b_ftal_integration.py — mock_usage:import
2026-03-28T17:17:55.920485+00:00 SEV-2 WARN: test_p1a_sqlite_hardening.py — mock_usage:import
2026-03-28T17:17:55.920486+00:00 SEV-2 WARN: test_p2f_db_engine.py — mock_usage:instantiation
2026-03-28T17:17:55.920487+00:00 SEV-2 WARN: test_p2f_db_engine.py — mock_usage:import
2026-03-28T17:17:55.920488+00:00 SEV-2 WARN: test_p3a_security.py — mock_usage:instantiation
2026-03-28T17:17:55.920488+00:00 SEV-2 WARN: test_p3a_security.py — mock_usage:import
2026-03-28T17:17:55.920489+00:00 SEV-2 WARN: test_parallel_orchestrator.py — mock_usage:import
2026-03-28T17:17:55.920490+00:00 SEV-2 WARN: test_persona_seed.py — mock_usage:instantiation
2026-03-28T17:17:55.920490+00:00 SEV-2 WARN: test_persona_seed.py — mock_usage:import
2026-03-28T17:17:55.920491+00:00 SEV-2 WARN: test_personaforge_client.py — mock_usage:instantiation
2026-03-28T17:17:55.920492+00:00 SEV-2 WARN: test_personaforge_client.py — mock_usage:import
2026-03-28T17:17:55.920492+00:00 SEV-2 WARN: test_pg_migration.py — silent_pass:test_pdf_download_name_contains_id
2026-03-28T17:17:55.920493+00:00 SEV-2 WARN: test_pg_migration.py — mock_usage:instantiation
2026-03-28T17:17:56.622353+00:00 SEV-2 WARN: test_deep_profile_staleness.py — silent_pass:test_status_200_has_required_fields
2026-03-28T17:17:56.622357+00:00 SEV-2 WARN: test_deep_profile_staleness.py — mock_usage:import
2026-03-28T17:17:56.622359+00:00 SEV-2 WARN: test_feedback_loop.py — silent_pass:test_correlations_200_has_required_fields
2026-03-28T17:17:56.622360+00:00 SEV-2 WARN: test_feedback_loop.py — silent_pass:test_feedback_summary_200_has_counts
2026-03-28T17:17:56.622360+00:00 SEV-2 WARN: test_feedback_loop.py — mock_usage:instantiation
2026-03-28T17:17:56.622361+00:00 SEV-2 WARN: test_feedback_loop.py — mock_usage:import
2026-03-28T17:17:56.622362+00:00 SEV-2 WARN: test_graph_traceability.py — silent_pass:test_coverage_200_has_required_fields
2026-03-28T17:17:56.622363+00:00 SEV-2 WARN: test_graph_traceability.py — silent_pass:test_coverage_pct_between_0_and_100
2026-03-28T17:17:56.622363+00:00 SEV-2 WARN: test_graph_traceability.py — mock_usage:instantiation
2026-03-28T17:17:56.622364+00:00 SEV-2 WARN: test_graph_traceability.py — mock_usage:import
2026-03-28T17:17:56.622365+00:00 SEV-2 WARN: test_linkedin_narrative_regen.py — mock_usage:import
2026-03-28T17:17:56.622365+00:00 SEV-2 WARN: test_ml_feedback_loop.py — mock_usage:instantiation
2026-03-28T17:17:56.622366+00:00 SEV-2 WARN: test_ml_feedback_loop.py — mock_usage:import
2026-03-28T17:17:56.622367+00:00 SEV-2 WARN: test_p0b_ftal_integration.py — mock_usage:instantiation
2026-03-28T17:17:56.622367+00:00 SEV-2 WARN: test_p0b_ftal_integration.py — mock_usage:import
2026-03-28T17:17:56.622368+00:00 SEV-2 WARN: test_p1a_sqlite_hardening.py — mock_usage:import
2026-03-28T17:17:56.622369+00:00 SEV-2 WARN: test_p2f_db_engine.py — mock_usage:instantiation
2026-03-28T17:17:56.622369+00:00 SEV-2 WARN: test_p2f_db_engine.py — mock_usage:import
2026-03-28T17:17:56.622370+00:00 SEV-2 WARN: test_p3a_security.py — mock_usage:instantiation
2026-03-28T17:17:56.622371+00:00 SEV-2 WARN: test_p3a_security.py — mock_usage:import
2026-03-28T17:17:56.622371+00:00 SEV-2 WARN: test_parallel_orchestrator.py — mock_usage:import
2026-03-28T17:17:56.622372+00:00 SEV-2 WARN: test_persona_seed.py — mock_usage:instantiation
2026-03-28T17:17:56.622373+00:00 SEV-2 WARN: test_persona_seed.py — mock_usage:import
2026-03-28T17:17:56.622374+00:00 SEV-2 WARN: test_personaforge_client.py — mock_usage:instantiation
2026-03-28T17:17:56.622374+00:00 SEV-2 WARN: test_personaforge_client.py — mock_usage:import
2026-03-28T17:17:56.622375+00:00 SEV-2 WARN: test_pg_migration.py — silent_pass:test_pdf_download_name_contains_id
2026-03-28T17:17:56.622376+00:00 SEV-2 WARN: test_pg_migration.py — mock_usage:instantiation
2026-03-28T17:24:06.721956+00:00 SEV-2 WARN: test_deep_profile_staleness.py — silent_pass:test_status_200_has_required_fields
2026-03-28T17:24:06.721960+00:00 SEV-2 WARN: test_deep_profile_staleness.py — mock_usage:import
2026-03-28T17:24:06.721962+00:00 SEV-2 WARN: test_feedback_loop.py — silent_pass:test_correlations_200_has_required_fields
2026-03-28T17:24:06.721963+00:00 SEV-2 WARN: test_feedback_loop.py — silent_pass:test_feedback_summary_200_has_counts
2026-03-28T17:24:06.721964+00:00 SEV-2 WARN: test_feedback_loop.py — mock_usage:instantiation
2026-03-28T17:24:06.721965+00:00 SEV-2 WARN: test_feedback_loop.py — mock_usage:import
2026-03-28T17:24:06.721965+00:00 SEV-2 WARN: test_graph_traceability.py — silent_pass:test_coverage_200_has_required_fields
2026-03-28T17:24:06.721966+00:00 SEV-2 WARN: test_graph_traceability.py — silent_pass:test_coverage_pct_between_0_and_100
2026-03-28T17:24:06.721967+00:00 SEV-2 WARN: test_graph_traceability.py — mock_usage:instantiation
2026-03-28T17:24:06.721967+00:00 SEV-2 WARN: test_graph_traceability.py — mock_usage:import
2026-03-28T17:24:06.721968+00:00 SEV-2 WARN: test_linkedin_narrative_regen.py — mock_usage:import
2026-03-28T17:24:06.721969+00:00 SEV-2 WARN: test_ml_feedback_loop.py — mock_usage:instantiation
2026-03-28T17:24:06.721969+00:00 SEV-2 WARN: test_ml_feedback_loop.py — mock_usage:import
2026-03-28T17:24:06.721970+00:00 SEV-2 WARN: test_p0b_ftal_integration.py — mock_usage:instantiation
2026-03-28T17:24:06.721971+00:00 SEV-2 WARN: test_p0b_ftal_integration.py — mock_usage:import
2026-03-28T17:24:06.721972+00:00 SEV-2 WARN: test_p1a_sqlite_hardening.py — mock_usage:import
2026-03-28T17:24:06.721972+00:00 SEV-2 WARN: test_p2f_db_engine.py — mock_usage:instantiation
2026-03-28T17:24:06.721973+00:00 SEV-2 WARN: test_p2f_db_engine.py — mock_usage:import
2026-03-28T17:24:06.721974+00:00 SEV-2 WARN: test_p3a_security.py — mock_usage:instantiation
2026-03-28T17:24:06.721974+00:00 SEV-2 WARN: test_p3a_security.py — mock_usage:import
2026-03-28T17:24:06.721975+00:00 SEV-2 WARN: test_parallel_orchestrator.py — mock_usage:import
2026-03-28T17:24:06.721976+00:00 SEV-2 WARN: test_persona_seed.py — mock_usage:instantiation
2026-03-28T17:24:06.721976+00:00 SEV-2 WARN: test_persona_seed.py — mock_usage:import
2026-03-28T17:24:06.721977+00:00 SEV-2 WARN: test_personaforge_client.py — mock_usage:instantiation
2026-03-28T17:24:06.721978+00:00 SEV-2 WARN: test_personaforge_client.py — mock_usage:import
2026-03-28T17:24:06.721979+00:00 SEV-2 WARN: test_pg_migration.py — silent_pass:test_pdf_download_name_contains_id
2026-03-28T17:24:06.721980+00:00 SEV-2 WARN: test_pg_migration.py — mock_usage:instantiation
2026-03-28T17:24:07.423422+00:00 SEV-2 WARN: test_deep_profile_staleness.py — silent_pass:test_status_200_has_required_fields
2026-03-28T17:24:07.423426+00:00 SEV-2 WARN: test_deep_profile_staleness.py — mock_usage:import
2026-03-28T17:24:07.423427+00:00 SEV-2 WARN: test_feedback_loop.py — silent_pass:test_correlations_200_has_required_fields
2026-03-28T17:24:07.423428+00:00 SEV-2 WARN: test_feedback_loop.py — silent_pass:test_feedback_summary_200_has_counts
2026-03-28T17:24:07.423429+00:00 SEV-2 WARN: test_feedback_loop.py — mock_usage:import
2026-03-28T17:24:07.423430+00:00 SEV-2 WARN: test_feedback_loop.py — mock_usage:instantiation
2026-03-28T17:24:07.423430+00:00 SEV-2 WARN: test_graph_traceability.py — silent_pass:test_coverage_200_has_required_fields
2026-03-28T17:24:07.423431+00:00 SEV-2 WARN: test_graph_traceability.py — silent_pass:test_coverage_pct_between_0_and_100
2026-03-28T17:24:07.423432+00:00 SEV-2 WARN: test_graph_traceability.py — mock_usage:import
2026-03-28T17:24:07.423433+00:00 SEV-2 WARN: test_graph_traceability.py — mock_usage:instantiation
2026-03-28T17:24:07.423433+00:00 SEV-2 WARN: test_linkedin_narrative_regen.py — mock_usage:import
2026-03-28T17:24:07.423434+00:00 SEV-2 WARN: test_ml_feedback_loop.py — mock_usage:import
2026-03-28T17:24:07.423435+00:00 SEV-2 WARN: test_ml_feedback_loop.py — mock_usage:instantiation
2026-03-28T17:24:07.423435+00:00 SEV-2 WARN: test_p0b_ftal_integration.py — mock_usage:import
2026-03-28T17:24:07.423436+00:00 SEV-2 WARN: test_p0b_ftal_integration.py — mock_usage:instantiation
2026-03-28T17:24:07.423437+00:00 SEV-2 WARN: test_p1a_sqlite_hardening.py — mock_usage:import
2026-03-28T17:24:07.423438+00:00 SEV-2 WARN: test_p2f_db_engine.py — mock_usage:import
2026-03-28T17:24:07.423438+00:00 SEV-2 WARN: test_p2f_db_engine.py — mock_usage:instantiation
2026-03-28T17:24:07.423439+00:00 SEV-2 WARN: test_p3a_security.py — mock_usage:import
2026-03-28T17:24:07.423440+00:00 SEV-2 WARN: test_p3a_security.py — mock_usage:instantiation
2026-03-28T17:24:07.423440+00:00 SEV-2 WARN: test_parallel_orchestrator.py — mock_usage:import
2026-03-28T17:24:07.423441+00:00 SEV-2 WARN: test_persona_seed.py — mock_usage:import
2026-03-28T17:24:07.423442+00:00 SEV-2 WARN: test_persona_seed.py — mock_usage:instantiation
2026-03-28T17:24:07.423442+00:00 SEV-2 WARN: test_personaforge_client.py — mock_usage:import
2026-03-28T17:24:07.423443+00:00 SEV-2 WARN: test_personaforge_client.py — mock_usage:instantiation
2026-03-28T17:24:07.423444+00:00 SEV-2 WARN: test_pg_migration.py — silent_pass:test_pdf_download_name_contains_id
2026-03-28T17:24:07.423445+00:00 SEV-2 WARN: test_pg_migration.py — mock_usage:instantiation
2026-03-28T17:51:59.425790+00:00 SEV-2 WARN: test_deep_profile_staleness.py — silent_pass:test_status_200_has_required_fields
2026-03-28T17:51:59.425794+00:00 SEV-2 WARN: test_deep_profile_staleness.py — mock_usage:import
2026-03-28T17:51:59.425796+00:00 SEV-2 WARN: test_feedback_loop.py — silent_pass:test_correlations_200_has_required_fields
2026-03-28T17:51:59.425797+00:00 SEV-2 WARN: test_feedback_loop.py — silent_pass:test_feedback_summary_200_has_counts
2026-03-28T17:51:59.425798+00:00 SEV-2 WARN: test_feedback_loop.py — mock_usage:instantiation
2026-03-28T17:51:59.425799+00:00 SEV-2 WARN: test_feedback_loop.py — mock_usage:import
2026-03-28T17:51:59.425800+00:00 SEV-2 WARN: test_graph_traceability.py — silent_pass:test_coverage_200_has_required_fields
2026-03-28T17:51:59.425801+00:00 SEV-2 WARN: test_graph_traceability.py — silent_pass:test_coverage_pct_between_0_and_100
2026-03-28T17:51:59.425802+00:00 SEV-2 WARN: test_graph_traceability.py — mock_usage:instantiation
2026-03-28T17:51:59.425803+00:00 SEV-2 WARN: test_graph_traceability.py — mock_usage:import
2026-03-28T17:51:59.425804+00:00 SEV-2 WARN: test_linkedin_narrative_regen.py — mock_usage:import
2026-03-28T17:51:59.425805+00:00 SEV-2 WARN: test_ml_feedback_loop.py — mock_usage:instantiation
2026-03-28T17:51:59.425806+00:00 SEV-2 WARN: test_ml_feedback_loop.py — mock_usage:import
2026-03-28T17:51:59.425807+00:00 SEV-2 WARN: test_p0b_ftal_integration.py — mock_usage:instantiation
2026-03-28T17:51:59.425808+00:00 SEV-2 WARN: test_p0b_ftal_integration.py — mock_usage:import
2026-03-28T17:51:59.425809+00:00 SEV-2 WARN: test_p1a_sqlite_hardening.py — mock_usage:import
2026-03-28T17:51:59.425809+00:00 SEV-2 WARN: test_p2f_db_engine.py — mock_usage:instantiation
2026-03-28T17:51:59.425811+00:00 SEV-2 WARN: test_p2f_db_engine.py — mock_usage:import
2026-03-28T17:51:59.425811+00:00 SEV-2 WARN: test_p3a_security.py — mock_usage:instantiation
2026-03-28T17:51:59.425812+00:00 SEV-2 WARN: test_p3a_security.py — mock_usage:import
2026-03-28T17:51:59.425813+00:00 SEV-2 WARN: test_parallel_orchestrator.py — mock_usage:import
2026-03-28T17:51:59.425814+00:00 SEV-2 WARN: test_persona_seed.py — mock_usage:instantiation
2026-03-28T17:51:59.425815+00:00 SEV-2 WARN: test_persona_seed.py — mock_usage:import
2026-03-28T17:51:59.425816+00:00 SEV-2 WARN: test_personaforge_client.py — mock_usage:instantiation
2026-03-28T17:51:59.425817+00:00 SEV-2 WARN: test_personaforge_client.py — mock_usage:import
2026-03-28T17:51:59.425818+00:00 SEV-2 WARN: test_pg_migration.py — silent_pass:test_pdf_download_name_contains_id
2026-03-28T17:51:59.425819+00:00 SEV-2 WARN: test_pg_migration.py — mock_usage:instantiation
2026-03-28T17:52:00.211683+00:00 SEV-2 WARN: test_deep_profile_staleness.py — silent_pass:test_status_200_has_required_fields
2026-03-28T17:52:00.211687+00:00 SEV-2 WARN: test_deep_profile_staleness.py — mock_usage:import
2026-03-28T17:52:00.211688+00:00 SEV-2 WARN: test_feedback_loop.py — silent_pass:test_correlations_200_has_required_fields
2026-03-28T17:52:00.211689+00:00 SEV-2 WARN: test_feedback_loop.py — silent_pass:test_feedback_summary_200_has_counts
2026-03-28T17:52:00.211690+00:00 SEV-2 WARN: test_feedback_loop.py — mock_usage:instantiation
2026-03-28T17:52:00.211691+00:00 SEV-2 WARN: test_feedback_loop.py — mock_usage:import
2026-03-28T17:52:00.211692+00:00 SEV-2 WARN: test_graph_traceability.py — silent_pass:test_coverage_200_has_required_fields
2026-03-28T17:52:00.211693+00:00 SEV-2 WARN: test_graph_traceability.py — silent_pass:test_coverage_pct_between_0_and_100
2026-03-28T17:52:00.211694+00:00 SEV-2 WARN: test_graph_traceability.py — mock_usage:instantiation
2026-03-28T17:52:00.211695+00:00 SEV-2 WARN: test_graph_traceability.py — mock_usage:import
2026-03-28T17:52:00.211696+00:00 SEV-2 WARN: test_linkedin_narrative_regen.py — mock_usage:import
2026-03-28T17:52:00.211697+00:00 SEV-2 WARN: test_ml_feedback_loop.py — mock_usage:instantiation
2026-03-28T17:52:00.211698+00:00 SEV-2 WARN: test_ml_feedback_loop.py — mock_usage:import
2026-03-28T17:52:00.211699+00:00 SEV-2 WARN: test_p0b_ftal_integration.py — mock_usage:instantiation
2026-03-28T17:52:00.211699+00:00 SEV-2 WARN: test_p0b_ftal_integration.py — mock_usage:import
2026-03-28T17:52:00.211700+00:00 SEV-2 WARN: test_p1a_sqlite_hardening.py — mock_usage:import
2026-03-28T17:52:00.211701+00:00 SEV-2 WARN: test_p2f_db_engine.py — mock_usage:instantiation
2026-03-28T17:52:00.211702+00:00 SEV-2 WARN: test_p2f_db_engine.py — mock_usage:import
2026-03-28T17:52:00.211703+00:00 SEV-2 WARN: test_p3a_security.py — mock_usage:instantiation
2026-03-28T17:52:00.211703+00:00 SEV-2 WARN: test_p3a_security.py — mock_usage:import
2026-03-28T17:52:00.211704+00:00 SEV-2 WARN: test_parallel_orchestrator.py — mock_usage:import
2026-03-28T17:52:00.211705+00:00 SEV-2 WARN: test_persona_seed.py — mock_usage:instantiation
2026-03-28T17:52:00.211706+00:00 SEV-2 WARN: test_persona_seed.py — mock_usage:import
2026-03-28T17:52:00.211707+00:00 SEV-2 WARN: test_personaforge_client.py — mock_usage:instantiation
2026-03-28T17:52:00.211708+00:00 SEV-2 WARN: test_personaforge_client.py — mock_usage:import
2026-03-28T17:52:00.211708+00:00 SEV-2 WARN: test_pg_migration.py — silent_pass:test_pdf_download_name_contains_id
2026-03-28T17:52:00.211709+00:00 SEV-2 WARN: test_pg_migration.py — mock_usage:instantiation
2026-03-28T17:52:01.261634+00:00 SEV-2 WARN: test_deep_profile_staleness.py — silent_pass:test_status_200_has_required_fields
2026-03-28T17:52:01.261639+00:00 SEV-2 WARN: test_deep_profile_staleness.py — mock_usage:import
2026-03-28T17:52:01.261640+00:00 SEV-2 WARN: test_feedback_loop.py — silent_pass:test_correlations_200_has_required_fields
2026-03-28T17:52:01.261641+00:00 SEV-2 WARN: test_feedback_loop.py — silent_pass:test_feedback_summary_200_has_counts
2026-03-28T17:52:01.261642+00:00 SEV-2 WARN: test_feedback_loop.py — mock_usage:import
2026-03-28T17:52:01.261643+00:00 SEV-2 WARN: test_feedback_loop.py — mock_usage:instantiation
2026-03-28T17:52:01.261644+00:00 SEV-2 WARN: test_graph_traceability.py — silent_pass:test_coverage_200_has_required_fields
2026-03-28T17:52:01.261645+00:00 SEV-2 WARN: test_graph_traceability.py — silent_pass:test_coverage_pct_between_0_and_100
2026-03-28T17:52:01.261646+00:00 SEV-2 WARN: test_graph_traceability.py — mock_usage:import
2026-03-28T17:52:01.261647+00:00 SEV-2 WARN: test_graph_traceability.py — mock_usage:instantiation
2026-03-28T17:52:01.261648+00:00 SEV-2 WARN: test_linkedin_narrative_regen.py — mock_usage:import
2026-03-28T17:52:01.261649+00:00 SEV-2 WARN: test_ml_feedback_loop.py — mock_usage:import
2026-03-28T17:52:01.261650+00:00 SEV-2 WARN: test_ml_feedback_loop.py — mock_usage:instantiation
2026-03-28T17:52:01.261651+00:00 SEV-2 WARN: test_p0b_ftal_integration.py — mock_usage:import
2026-03-28T17:52:01.261652+00:00 SEV-2 WARN: test_p0b_ftal_integration.py — mock_usage:instantiation
2026-03-28T17:52:01.261653+00:00 SEV-2 WARN: test_p1a_sqlite_hardening.py — mock_usage:import
2026-03-28T17:52:01.261653+00:00 SEV-2 WARN: test_p2f_db_engine.py — mock_usage:import
2026-03-28T17:52:01.261654+00:00 SEV-2 WARN: test_p2f_db_engine.py — mock_usage:instantiation
2026-03-28T17:52:01.261655+00:00 SEV-2 WARN: test_p3a_security.py — mock_usage:import
2026-03-28T17:52:01.261656+00:00 SEV-2 WARN: test_p3a_security.py — mock_usage:instantiation
2026-03-28T17:52:01.261657+00:00 SEV-2 WARN: test_parallel_orchestrator.py — mock_usage:import
2026-03-28T17:52:01.261658+00:00 SEV-2 WARN: test_persona_seed.py — mock_usage:import
2026-03-28T17:52:01.261659+00:00 SEV-2 WARN: test_persona_seed.py — mock_usage:instantiation
2026-03-28T17:52:01.261660+00:00 SEV-2 WARN: test_personaforge_client.py — mock_usage:import
2026-03-28T17:52:01.261661+00:00 SEV-2 WARN: test_personaforge_client.py — mock_usage:instantiation
2026-03-28T17:52:01.261662+00:00 SEV-2 WARN: test_pg_migration.py — silent_pass:test_pdf_download_name_contains_id
2026-03-28T17:52:01.261663+00:00 SEV-2 WARN: test_pg_migration.py — mock_usage:instantiation
2026-03-28T17:52:01.798569+00:00 SEV-2 WARN: test_deep_profile_staleness.py — silent_pass:test_status_200_has_required_fields
2026-03-28T17:52:01.798572+00:00 SEV-2 WARN: test_deep_profile_staleness.py — mock_usage:import
2026-03-28T17:52:01.798573+00:00 SEV-2 WARN: test_feedback_loop.py — silent_pass:test_correlations_200_has_required_fields
2026-03-28T17:52:01.798575+00:00 SEV-2 WARN: test_feedback_loop.py — silent_pass:test_feedback_summary_200_has_counts
2026-03-28T17:52:01.798575+00:00 SEV-2 WARN: test_feedback_loop.py — mock_usage:instantiation
2026-03-28T17:52:01.798576+00:00 SEV-2 WARN: test_feedback_loop.py — mock_usage:import
2026-03-28T17:52:01.798577+00:00 SEV-2 WARN: test_graph_traceability.py — silent_pass:test_coverage_200_has_required_fields
2026-03-28T17:52:01.798578+00:00 SEV-2 WARN: test_graph_traceability.py — silent_pass:test_coverage_pct_between_0_and_100
2026-03-28T17:52:01.798579+00:00 SEV-2 WARN: test_graph_traceability.py — mock_usage:instantiation
2026-03-28T17:52:01.798580+00:00 SEV-2 WARN: test_graph_traceability.py — mock_usage:import
2026-03-28T17:52:01.798580+00:00 SEV-2 WARN: test_linkedin_narrative_regen.py — mock_usage:import
2026-03-28T17:52:01.798581+00:00 SEV-2 WARN: test_ml_feedback_loop.py — mock_usage:instantiation
2026-03-28T17:52:01.798582+00:00 SEV-2 WARN: test_ml_feedback_loop.py — mock_usage:import
2026-03-28T17:52:01.798583+00:00 SEV-2 WARN: test_p0b_ftal_integration.py — mock_usage:instantiation
2026-03-28T17:52:01.798584+00:00 SEV-2 WARN: test_p0b_ftal_integration.py — mock_usage:import
2026-03-28T17:52:01.798585+00:00 SEV-2 WARN: test_p1a_sqlite_hardening.py — mock_usage:import
2026-03-28T17:52:01.798586+00:00 SEV-2 WARN: test_p2f_db_engine.py — mock_usage:instantiation
2026-03-28T17:52:01.798586+00:00 SEV-2 WARN: test_p2f_db_engine.py — mock_usage:import
2026-03-28T17:52:01.798587+00:00 SEV-2 WARN: test_p3a_security.py — mock_usage:instantiation
2026-03-28T17:52:01.798588+00:00 SEV-2 WARN: test_p3a_security.py — mock_usage:import
2026-03-28T17:52:01.798589+00:00 SEV-2 WARN: test_parallel_orchestrator.py — mock_usage:import
2026-03-28T17:52:01.798590+00:00 SEV-2 WARN: test_persona_seed.py — mock_usage:instantiation
2026-03-28T17:52:01.798590+00:00 SEV-2 WARN: test_persona_seed.py — mock_usage:import
2026-03-28T17:52:01.798591+00:00 SEV-2 WARN: test_personaforge_client.py — mock_usage:instantiation
2026-03-28T17:52:01.798592+00:00 SEV-2 WARN: test_personaforge_client.py — mock_usage:import
2026-03-28T17:52:01.798593+00:00 SEV-2 WARN: test_pg_migration.py — silent_pass:test_pdf_download_name_contains_id
2026-03-28T17:52:01.798594+00:00 SEV-2 WARN: test_pg_migration.py — mock_usage:instantiation
2026-03-28T17:52:02.033682+00:00 SEV-2 WARN: test_deep_profile_staleness.py — silent_pass:test_status_200_has_required_fields
2026-03-28T17:52:02.033686+00:00 SEV-2 WARN: test_deep_profile_staleness.py — mock_usage:import
2026-03-28T17:52:02.033687+00:00 SEV-2 WARN: test_feedback_loop.py — silent_pass:test_correlations_200_has_required_fields
2026-03-28T17:52:02.033688+00:00 SEV-2 WARN: test_feedback_loop.py — silent_pass:test_feedback_summary_200_has_counts
2026-03-28T17:52:02.033689+00:00 SEV-2 WARN: test_feedback_loop.py — mock_usage:import
2026-03-28T17:52:02.033690+00:00 SEV-2 WARN: test_feedback_loop.py — mock_usage:instantiation
2026-03-28T17:52:02.033691+00:00 SEV-2 WARN: test_graph_traceability.py — silent_pass:test_coverage_200_has_required_fields
2026-03-28T17:52:02.033692+00:00 SEV-2 WARN: test_graph_traceability.py — silent_pass:test_coverage_pct_between_0_and_100
2026-03-28T17:52:02.033692+00:00 SEV-2 WARN: test_graph_traceability.py — mock_usage:import
2026-03-28T17:52:02.033693+00:00 SEV-2 WARN: test_graph_traceability.py — mock_usage:instantiation
2026-03-28T17:52:02.033694+00:00 SEV-2 WARN: test_linkedin_narrative_regen.py — mock_usage:import
2026-03-28T17:52:02.033695+00:00 SEV-2 WARN: test_ml_feedback_loop.py — mock_usage:import
2026-03-28T17:52:02.033696+00:00 SEV-2 WARN: test_ml_feedback_loop.py — mock_usage:instantiation
2026-03-28T17:52:02.033697+00:00 SEV-2 WARN: test_p0b_ftal_integration.py — mock_usage:import
2026-03-28T17:52:02.033697+00:00 SEV-2 WARN: test_p0b_ftal_integration.py — mock_usage:instantiation
2026-03-28T17:52:02.033698+00:00 SEV-2 WARN: test_p1a_sqlite_hardening.py — mock_usage:import
2026-03-28T17:52:02.033699+00:00 SEV-2 WARN: test_p2f_db_engine.py — mock_usage:import
2026-03-28T17:52:02.033700+00:00 SEV-2 WARN: test_p2f_db_engine.py — mock_usage:instantiation
2026-03-28T17:52:02.033701+00:00 SEV-2 WARN: test_p3a_security.py — mock_usage:import
2026-03-28T17:52:02.033701+00:00 SEV-2 WARN: test_p3a_security.py — mock_usage:instantiation
2026-03-28T17:52:02.033702+00:00 SEV-2 WARN: test_parallel_orchestrator.py — mock_usage:import
2026-03-28T17:52:02.033703+00:00 SEV-2 WARN: test_persona_seed.py — mock_usage:import
2026-03-28T17:52:02.033704+00:00 SEV-2 WARN: test_persona_seed.py — mock_usage:instantiation
2026-03-28T17:52:02.033704+00:00 SEV-2 WARN: test_personaforge_client.py — mock_usage:import
2026-03-28T17:52:02.033705+00:00 SEV-2 WARN: test_personaforge_client.py — mock_usage:instantiation
2026-03-28T17:52:02.033706+00:00 SEV-2 WARN: test_pg_migration.py — silent_pass:test_pdf_download_name_contains_id
2026-03-28T17:52:02.033707+00:00 SEV-2 WARN: test_pg_migration.py — mock_usage:instantiation
2026-03-28T17:52:29.518383+00:00 SEV-2 WARN: test_deep_profile_staleness.py — silent_pass:test_status_200_has_required_fields
2026-03-28T17:52:29.518388+00:00 SEV-2 WARN: test_deep_profile_staleness.py — mock_usage:import
2026-03-28T17:52:29.518390+00:00 SEV-2 WARN: test_feedback_loop.py — silent_pass:test_correlations_200_has_required_fields
2026-03-28T17:52:29.518391+00:00 SEV-2 WARN: test_feedback_loop.py — silent_pass:test_feedback_summary_200_has_counts
2026-03-28T17:52:29.518392+00:00 SEV-2 WARN: test_feedback_loop.py — mock_usage:import
2026-03-28T17:52:29.518393+00:00 SEV-2 WARN: test_feedback_loop.py — mock_usage:instantiation
2026-03-28T17:52:29.518394+00:00 SEV-2 WARN: test_graph_traceability.py — silent_pass:test_coverage_200_has_required_fields
2026-03-28T17:52:29.518395+00:00 SEV-2 WARN: test_graph_traceability.py — silent_pass:test_coverage_pct_between_0_and_100
2026-03-28T17:52:29.518395+00:00 SEV-2 WARN: test_graph_traceability.py — mock_usage:import
2026-03-28T17:52:29.518397+00:00 SEV-2 WARN: test_graph_traceability.py — mock_usage:instantiation
2026-03-28T17:52:29.518397+00:00 SEV-2 WARN: test_linkedin_narrative_regen.py — mock_usage:import
2026-03-28T17:52:29.518398+00:00 SEV-2 WARN: test_ml_feedback_loop.py — mock_usage:import
2026-03-28T17:52:29.518399+00:00 SEV-2 WARN: test_ml_feedback_loop.py — mock_usage:instantiation
2026-03-28T17:52:29.518400+00:00 SEV-2 WARN: test_p0b_ftal_integration.py — mock_usage:import
2026-03-28T17:52:29.518401+00:00 SEV-2 WARN: test_p0b_ftal_integration.py — mock_usage:instantiation
2026-03-28T17:52:29.518402+00:00 SEV-2 WARN: test_p1a_sqlite_hardening.py — mock_usage:import
2026-03-28T17:52:29.518403+00:00 SEV-2 WARN: test_p2f_db_engine.py — mock_usage:import
2026-03-28T17:52:29.518404+00:00 SEV-2 WARN: test_p2f_db_engine.py — mock_usage:instantiation
2026-03-28T17:52:29.518404+00:00 SEV-2 WARN: test_p3a_security.py — mock_usage:import
2026-03-28T17:52:29.518405+00:00 SEV-2 WARN: test_p3a_security.py — mock_usage:instantiation
2026-03-28T17:52:29.518406+00:00 SEV-2 WARN: test_parallel_orchestrator.py — mock_usage:import
2026-03-28T17:52:29.518407+00:00 SEV-2 WARN: test_persona_seed.py — mock_usage:import
2026-03-28T17:52:29.518407+00:00 SEV-2 WARN: test_persona_seed.py — mock_usage:instantiation
2026-03-28T17:52:29.518408+00:00 SEV-2 WARN: test_personaforge_client.py — mock_usage:import
2026-03-28T17:52:29.518409+00:00 SEV-2 WARN: test_personaforge_client.py — mock_usage:instantiation
2026-03-28T17:52:29.518410+00:00 SEV-2 WARN: test_pg_migration.py — silent_pass:test_pdf_download_name_contains_id
2026-03-28T17:52:29.518411+00:00 SEV-2 WARN: test_pg_migration.py — mock_usage:instantiation
2026-03-28T17:52:30.418056+00:00 SEV-2 WARN: test_deep_profile_staleness.py — silent_pass:test_status_200_has_required_fields
2026-03-28T17:52:30.418060+00:00 SEV-2 WARN: test_deep_profile_staleness.py — mock_usage:import
2026-03-28T17:52:30.418062+00:00 SEV-2 WARN: test_feedback_loop.py — silent_pass:test_correlations_200_has_required_fields
2026-03-28T17:52:30.418063+00:00 SEV-2 WARN: test_feedback_loop.py — silent_pass:test_feedback_summary_200_has_counts
2026-03-28T17:52:30.418064+00:00 SEV-2 WARN: test_feedback_loop.py — mock_usage:import
2026-03-28T17:52:30.418065+00:00 SEV-2 WARN: test_feedback_loop.py — mock_usage:instantiation
2026-03-28T17:52:30.418066+00:00 SEV-2 WARN: test_graph_traceability.py — silent_pass:test_coverage_200_has_required_fields
2026-03-28T17:52:30.418067+00:00 SEV-2 WARN: test_graph_traceability.py — silent_pass:test_coverage_pct_between_0_and_100
2026-03-28T17:52:30.418068+00:00 SEV-2 WARN: test_graph_traceability.py — mock_usage:import
2026-03-28T17:52:30.418069+00:00 SEV-2 WARN: test_graph_traceability.py — mock_usage:instantiation
2026-03-28T17:52:30.418070+00:00 SEV-2 WARN: test_linkedin_narrative_regen.py — mock_usage:import
2026-03-28T17:52:30.418071+00:00 SEV-2 WARN: test_ml_feedback_loop.py — mock_usage:import
2026-03-28T17:52:30.418071+00:00 SEV-2 WARN: test_ml_feedback_loop.py — mock_usage:instantiation
2026-03-28T17:52:30.418072+00:00 SEV-2 WARN: test_p0b_ftal_integration.py — mock_usage:import
2026-03-28T17:52:30.418073+00:00 SEV-2 WARN: test_p0b_ftal_integration.py — mock_usage:instantiation
2026-03-28T17:52:30.418074+00:00 SEV-2 WARN: test_p1a_sqlite_hardening.py — mock_usage:import
2026-03-28T17:52:30.418074+00:00 SEV-2 WARN: test_p2f_db_engine.py — mock_usage:import
2026-03-28T17:52:30.418075+00:00 SEV-2 WARN: test_p2f_db_engine.py — mock_usage:instantiation
2026-03-28T17:52:30.418076+00:00 SEV-2 WARN: test_p3a_security.py — mock_usage:import
2026-03-28T17:52:30.418077+00:00 SEV-2 WARN: test_p3a_security.py — mock_usage:instantiation
2026-03-28T17:52:30.418078+00:00 SEV-2 WARN: test_parallel_orchestrator.py — mock_usage:import
2026-03-28T17:52:30.418078+00:00 SEV-2 WARN: test_persona_seed.py — mock_usage:import
2026-03-28T17:52:30.418079+00:00 SEV-2 WARN: test_persona_seed.py — mock_usage:instantiation
2026-03-28T17:52:30.418080+00:00 SEV-2 WARN: test_personaforge_client.py — mock_usage:import
2026-03-28T17:52:30.418081+00:00 SEV-2 WARN: test_personaforge_client.py — mock_usage:instantiation
2026-03-28T17:52:30.418081+00:00 SEV-2 WARN: test_pg_migration.py — silent_pass:test_pdf_download_name_contains_id
2026-03-28T17:52:30.418082+00:00 SEV-2 WARN: test_pg_migration.py — mock_usage:instantiation
2026-03-28T17:57:19.928203+00:00 SEV-2 WARN: test_deep_profile_staleness.py — silent_pass:test_status_200_has_required_fields
2026-03-28T17:57:19.928207+00:00 SEV-2 WARN: test_deep_profile_staleness.py — mock_usage:import
2026-03-28T17:57:19.928208+00:00 SEV-2 WARN: test_feedback_loop.py — silent_pass:test_correlations_200_has_required_fields
2026-03-28T17:57:19.928210+00:00 SEV-2 WARN: test_feedback_loop.py — silent_pass:test_feedback_summary_200_has_counts
2026-03-28T17:57:19.928211+00:00 SEV-2 WARN: test_feedback_loop.py — mock_usage:import
2026-03-28T17:57:19.928212+00:00 SEV-2 WARN: test_feedback_loop.py — mock_usage:instantiation
2026-03-28T17:57:19.928213+00:00 SEV-2 WARN: test_graph_traceability.py — silent_pass:test_coverage_200_has_required_fields
2026-03-28T17:57:19.928214+00:00 SEV-2 WARN: test_graph_traceability.py — silent_pass:test_coverage_pct_between_0_and_100
2026-03-28T17:57:19.928214+00:00 SEV-2 WARN: test_graph_traceability.py — mock_usage:import
2026-03-28T17:57:19.928215+00:00 SEV-2 WARN: test_graph_traceability.py — mock_usage:instantiation
2026-03-28T17:57:19.928216+00:00 SEV-2 WARN: test_linkedin_narrative_regen.py — mock_usage:import
2026-03-28T17:57:19.928218+00:00 SEV-2 WARN: test_ml_feedback_loop.py — mock_usage:import
2026-03-28T17:57:19.928218+00:00 SEV-2 WARN: test_ml_feedback_loop.py — mock_usage:instantiation
2026-03-28T17:57:19.928219+00:00 SEV-2 WARN: test_p0b_ftal_integration.py — mock_usage:import
2026-03-28T17:57:19.928220+00:00 SEV-2 WARN: test_p0b_ftal_integration.py — mock_usage:instantiation
2026-03-28T17:57:19.928221+00:00 SEV-2 WARN: test_p1a_sqlite_hardening.py — mock_usage:import
2026-03-28T17:57:19.928222+00:00 SEV-2 WARN: test_p2f_db_engine.py — mock_usage:import
2026-03-28T17:57:19.928223+00:00 SEV-2 WARN: test_p2f_db_engine.py — mock_usage:instantiation
2026-03-28T17:57:19.928224+00:00 SEV-2 WARN: test_p3a_security.py — mock_usage:import
2026-03-28T17:57:19.928225+00:00 SEV-2 WARN: test_p3a_security.py — mock_usage:instantiation
2026-03-28T17:57:19.928226+00:00 SEV-2 WARN: test_parallel_orchestrator.py — mock_usage:import
2026-03-28T17:57:19.928226+00:00 SEV-2 WARN: test_persona_seed.py — mock_usage:import
2026-03-28T17:57:19.928227+00:00 SEV-2 WARN: test_persona_seed.py — mock_usage:instantiation
2026-03-28T17:57:19.928228+00:00 SEV-2 WARN: test_personaforge_client.py — mock_usage:import
2026-03-28T17:57:19.928229+00:00 SEV-2 WARN: test_personaforge_client.py — mock_usage:instantiation
2026-03-28T17:57:19.928230+00:00 SEV-2 WARN: test_pg_migration.py — silent_pass:test_pdf_download_name_contains_id
2026-03-28T17:57:19.928231+00:00 SEV-2 WARN: test_pg_migration.py — mock_usage:instantiation
2026-03-28T17:57:20.729251+00:00 SEV-2 WARN: test_deep_profile_staleness.py — silent_pass:test_status_200_has_required_fields
2026-03-28T17:57:20.729255+00:00 SEV-2 WARN: test_deep_profile_staleness.py — mock_usage:import
2026-03-28T17:57:20.729256+00:00 SEV-2 WARN: test_feedback_loop.py — silent_pass:test_correlations_200_has_required_fields
2026-03-28T17:57:20.729257+00:00 SEV-2 WARN: test_feedback_loop.py — silent_pass:test_feedback_summary_200_has_counts
2026-03-28T17:57:20.729258+00:00 SEV-2 WARN: test_feedback_loop.py — mock_usage:import
2026-03-28T17:57:20.729259+00:00 SEV-2 WARN: test_feedback_loop.py — mock_usage:instantiation
2026-03-28T17:57:20.729260+00:00 SEV-2 WARN: test_graph_traceability.py — silent_pass:test_coverage_200_has_required_fields
2026-03-28T17:57:20.729261+00:00 SEV-2 WARN: test_graph_traceability.py — silent_pass:test_coverage_pct_between_0_and_100
2026-03-28T17:57:20.729262+00:00 SEV-2 WARN: test_graph_traceability.py — mock_usage:import
2026-03-28T17:57:20.729263+00:00 SEV-2 WARN: test_graph_traceability.py — mock_usage:instantiation
2026-03-28T17:57:20.729264+00:00 SEV-2 WARN: test_linkedin_narrative_regen.py — mock_usage:import
2026-03-28T17:57:20.729265+00:00 SEV-2 WARN: test_ml_feedback_loop.py — mock_usage:import
2026-03-28T17:57:20.729266+00:00 SEV-2 WARN: test_ml_feedback_loop.py — mock_usage:instantiation
2026-03-28T17:57:20.729266+00:00 SEV-2 WARN: test_p0b_ftal_integration.py — mock_usage:import
2026-03-28T17:57:20.729267+00:00 SEV-2 WARN: test_p0b_ftal_integration.py — mock_usage:instantiation
2026-03-28T17:57:20.729268+00:00 SEV-2 WARN: test_p1a_sqlite_hardening.py — mock_usage:import
2026-03-28T17:57:20.729269+00:00 SEV-2 WARN: test_p2f_db_engine.py — mock_usage:import
2026-03-28T17:57:20.729270+00:00 SEV-2 WARN: test_p2f_db_engine.py — mock_usage:instantiation
2026-03-28T17:57:20.729270+00:00 SEV-2 WARN: test_p3a_security.py — mock_usage:import
2026-03-28T17:57:20.729271+00:00 SEV-2 WARN: test_p3a_security.py — mock_usage:instantiation
2026-03-28T17:57:20.729272+00:00 SEV-2 WARN: test_parallel_orchestrator.py — mock_usage:import
2026-03-28T17:57:20.729273+00:00 SEV-2 WARN: test_persona_seed.py — mock_usage:import
2026-03-28T17:57:20.729274+00:00 SEV-2 WARN: test_persona_seed.py — mock_usage:instantiation
2026-03-28T17:57:20.729275+00:00 SEV-2 WARN: test_personaforge_client.py — mock_usage:import
2026-03-28T17:57:20.729276+00:00 SEV-2 WARN: test_personaforge_client.py — mock_usage:instantiation
2026-03-28T17:57:20.729277+00:00 SEV-2 WARN: test_pg_migration.py — silent_pass:test_pdf_download_name_contains_id
2026-03-28T17:57:20.729278+00:00 SEV-2 WARN: test_pg_migration.py — mock_usage:instantiation
2026-03-28T17:57:21.930733+00:00 SEV-2 WARN: test_deep_profile_staleness.py — silent_pass:test_status_200_has_required_fields
2026-03-28T17:57:21.930738+00:00 SEV-2 WARN: test_deep_profile_staleness.py — mock_usage:import
2026-03-28T17:57:21.930740+00:00 SEV-2 WARN: test_feedback_loop.py — silent_pass:test_correlations_200_has_required_fields
2026-03-28T17:57:21.930741+00:00 SEV-2 WARN: test_feedback_loop.py — silent_pass:test_feedback_summary_200_has_counts
2026-03-28T17:57:21.930742+00:00 SEV-2 WARN: test_feedback_loop.py — mock_usage:import
2026-03-28T17:57:21.930743+00:00 SEV-2 WARN: test_feedback_loop.py — mock_usage:instantiation
2026-03-28T17:57:21.930744+00:00 SEV-2 WARN: test_graph_traceability.py — silent_pass:test_coverage_200_has_required_fields
2026-03-28T17:57:21.930745+00:00 SEV-2 WARN: test_graph_traceability.py — silent_pass:test_coverage_pct_between_0_and_100
2026-03-28T17:57:21.930746+00:00 SEV-2 WARN: test_graph_traceability.py — mock_usage:import
2026-03-28T17:57:21.930747+00:00 SEV-2 WARN: test_graph_traceability.py — mock_usage:instantiation
2026-03-28T17:57:21.930748+00:00 SEV-2 WARN: test_linkedin_narrative_regen.py — mock_usage:import
2026-03-28T17:57:21.930749+00:00 SEV-2 WARN: test_ml_feedback_loop.py — mock_usage:import
2026-03-28T17:57:21.930750+00:00 SEV-2 WARN: test_ml_feedback_loop.py — mock_usage:instantiation
2026-03-28T17:57:21.930750+00:00 SEV-2 WARN: test_p0b_ftal_integration.py — mock_usage:import
2026-03-28T17:57:21.930751+00:00 SEV-2 WARN: test_p0b_ftal_integration.py — mock_usage:instantiation
2026-03-28T17:57:21.930752+00:00 SEV-2 WARN: test_p1a_sqlite_hardening.py — mock_usage:import
2026-03-28T17:57:21.930753+00:00 SEV-2 WARN: test_p2f_db_engine.py — mock_usage:import
2026-03-28T17:57:21.930754+00:00 SEV-2 WARN: test_p2f_db_engine.py — mock_usage:instantiation
2026-03-28T17:57:21.930755+00:00 SEV-2 WARN: test_p3a_security.py — mock_usage:import
2026-03-28T17:57:21.930756+00:00 SEV-2 WARN: test_p3a_security.py — mock_usage:instantiation
2026-03-28T17:57:21.930757+00:00 SEV-2 WARN: test_parallel_orchestrator.py — mock_usage:import
2026-03-28T17:57:21.930758+00:00 SEV-2 WARN: test_persona_seed.py — mock_usage:import
2026-03-28T17:57:21.930759+00:00 SEV-2 WARN: test_persona_seed.py — mock_usage:instantiation
2026-03-28T17:57:21.930759+00:00 SEV-2 WARN: test_personaforge_client.py — mock_usage:import
2026-03-28T17:57:21.930760+00:00 SEV-2 WARN: test_personaforge_client.py — mock_usage:instantiation
2026-03-28T17:57:21.930761+00:00 SEV-2 WARN: test_pg_migration.py — silent_pass:test_pdf_download_name_contains_id
2026-03-28T17:57:21.930763+00:00 SEV-2 WARN: test_pg_migration.py — mock_usage:instantiation
2026-03-28T17:57:22.448424+00:00 SEV-2 WARN: test_deep_profile_staleness.py — silent_pass:test_status_200_has_required_fields
2026-03-28T17:57:22.448428+00:00 SEV-2 WARN: test_deep_profile_staleness.py — mock_usage:import
2026-03-28T17:57:22.448429+00:00 SEV-2 WARN: test_feedback_loop.py — silent_pass:test_correlations_200_has_required_fields
2026-03-28T17:57:22.448431+00:00 SEV-2 WARN: test_feedback_loop.py — silent_pass:test_feedback_summary_200_has_counts
2026-03-28T17:57:22.448432+00:00 SEV-2 WARN: test_feedback_loop.py — mock_usage:import
2026-03-28T17:57:22.448433+00:00 SEV-2 WARN: test_feedback_loop.py — mock_usage:instantiation
2026-03-28T17:57:22.448434+00:00 SEV-2 WARN: test_graph_traceability.py — silent_pass:test_coverage_200_has_required_fields
2026-03-28T17:57:22.448435+00:00 SEV-2 WARN: test_graph_traceability.py — silent_pass:test_coverage_pct_between_0_and_100
2026-03-28T17:57:22.448435+00:00 SEV-2 WARN: test_graph_traceability.py — mock_usage:import
2026-03-28T17:57:22.448437+00:00 SEV-2 WARN: test_graph_traceability.py — mock_usage:instantiation
2026-03-28T17:57:22.448438+00:00 SEV-2 WARN: test_linkedin_narrative_regen.py — mock_usage:import
2026-03-28T17:57:22.448439+00:00 SEV-2 WARN: test_ml_feedback_loop.py — mock_usage:import
2026-03-28T17:57:22.448439+00:00 SEV-2 WARN: test_ml_feedback_loop.py — mock_usage:instantiation
2026-03-28T17:57:22.448440+00:00 SEV-2 WARN: test_p0b_ftal_integration.py — mock_usage:import
2026-03-28T17:57:22.448441+00:00 SEV-2 WARN: test_p0b_ftal_integration.py — mock_usage:instantiation
2026-03-28T17:57:22.448442+00:00 SEV-2 WARN: test_p1a_sqlite_hardening.py — mock_usage:import
2026-03-28T17:57:22.448442+00:00 SEV-2 WARN: test_p2f_db_engine.py — mock_usage:import
2026-03-28T17:57:22.448443+00:00 SEV-2 WARN: test_p2f_db_engine.py — mock_usage:instantiation
2026-03-28T17:57:22.448444+00:00 SEV-2 WARN: test_p3a_security.py — mock_usage:import
2026-03-28T17:57:22.448445+00:00 SEV-2 WARN: test_p3a_security.py — mock_usage:instantiation
2026-03-28T17:57:22.448446+00:00 SEV-2 WARN: test_parallel_orchestrator.py — mock_usage:import
2026-03-28T17:57:22.448447+00:00 SEV-2 WARN: test_persona_seed.py — mock_usage:import
2026-03-28T17:57:22.448447+00:00 SEV-2 WARN: test_persona_seed.py — mock_usage:instantiation
2026-03-28T17:57:22.448448+00:00 SEV-2 WARN: test_personaforge_client.py — mock_usage:import
2026-03-28T17:57:22.448449+00:00 SEV-2 WARN: test_personaforge_client.py — mock_usage:instantiation
2026-03-28T17:57:22.448450+00:00 SEV-2 WARN: test_pg_migration.py — silent_pass:test_pdf_download_name_contains_id
2026-03-28T17:57:22.448451+00:00 SEV-2 WARN: test_pg_migration.py — mock_usage:instantiation
2026-03-28T17:57:22.725394+00:00 SEV-2 WARN: test_deep_profile_staleness.py — silent_pass:test_status_200_has_required_fields
2026-03-28T17:57:22.725398+00:00 SEV-2 WARN: test_deep_profile_staleness.py — mock_usage:import
2026-03-28T17:57:22.725399+00:00 SEV-2 WARN: test_feedback_loop.py — silent_pass:test_correlations_200_has_required_fields
2026-03-28T17:57:22.725400+00:00 SEV-2 WARN: test_feedback_loop.py — silent_pass:test_feedback_summary_200_has_counts
2026-03-28T17:57:22.725401+00:00 SEV-2 WARN: test_feedback_loop.py — mock_usage:import
2026-03-28T17:57:22.725402+00:00 SEV-2 WARN: test_feedback_loop.py — mock_usage:instantiation
2026-03-28T17:57:22.725403+00:00 SEV-2 WARN: test_graph_traceability.py — silent_pass:test_coverage_200_has_required_fields
2026-03-28T17:57:22.725404+00:00 SEV-2 WARN: test_graph_traceability.py — silent_pass:test_coverage_pct_between_0_and_100
2026-03-28T17:57:22.725405+00:00 SEV-2 WARN: test_graph_traceability.py — mock_usage:import
2026-03-28T17:57:22.725406+00:00 SEV-2 WARN: test_graph_traceability.py — mock_usage:instantiation
2026-03-28T17:57:22.725406+00:00 SEV-2 WARN: test_linkedin_narrative_regen.py — mock_usage:import
2026-03-28T17:57:22.725407+00:00 SEV-2 WARN: test_ml_feedback_loop.py — mock_usage:import
2026-03-28T17:57:22.725408+00:00 SEV-2 WARN: test_ml_feedback_loop.py — mock_usage:instantiation
2026-03-28T17:57:22.725409+00:00 SEV-2 WARN: test_p0b_ftal_integration.py — mock_usage:import
2026-03-28T17:57:22.725409+00:00 SEV-2 WARN: test_p0b_ftal_integration.py — mock_usage:instantiation
2026-03-28T17:57:22.725410+00:00 SEV-2 WARN: test_p1a_sqlite_hardening.py — mock_usage:import
2026-03-28T17:57:22.725411+00:00 SEV-2 WARN: test_p2f_db_engine.py — mock_usage:import
2026-03-28T17:57:22.725412+00:00 SEV-2 WARN: test_p2f_db_engine.py — mock_usage:instantiation
2026-03-28T17:57:22.725412+00:00 SEV-2 WARN: test_p3a_security.py — mock_usage:import
2026-03-28T17:57:22.725413+00:00 SEV-2 WARN: test_p3a_security.py — mock_usage:instantiation
2026-03-28T17:57:22.725414+00:00 SEV-2 WARN: test_parallel_orchestrator.py — mock_usage:import
2026-03-28T17:57:22.725415+00:00 SEV-2 WARN: test_persona_seed.py — mock_usage:import
2026-03-28T17:57:22.725415+00:00 SEV-2 WARN: test_persona_seed.py — mock_usage:instantiation
2026-03-28T17:57:22.725416+00:00 SEV-2 WARN: test_personaforge_client.py — mock_usage:import
2026-03-28T17:57:22.725417+00:00 SEV-2 WARN: test_personaforge_client.py — mock_usage:instantiation
2026-03-28T17:57:22.725418+00:00 SEV-2 WARN: test_pg_migration.py — silent_pass:test_pdf_download_name_contains_id
2026-03-28T17:57:22.725419+00:00 SEV-2 WARN: test_pg_migration.py — mock_usage:instantiation
2026-03-28T17:57:50.225414+00:00 SEV-2 WARN: test_deep_profile_staleness.py — silent_pass:test_status_200_has_required_fields
2026-03-28T17:57:50.225418+00:00 SEV-2 WARN: test_deep_profile_staleness.py — mock_usage:import
2026-03-28T17:57:50.225420+00:00 SEV-2 WARN: test_feedback_loop.py — silent_pass:test_correlations_200_has_required_fields
2026-03-28T17:57:50.225421+00:00 SEV-2 WARN: test_feedback_loop.py — silent_pass:test_feedback_summary_200_has_counts
2026-03-28T17:57:50.225422+00:00 SEV-2 WARN: test_feedback_loop.py — mock_usage:instantiation
2026-03-28T17:57:50.225423+00:00 SEV-2 WARN: test_feedback_loop.py — mock_usage:import
2026-03-28T17:57:50.225424+00:00 SEV-2 WARN: test_graph_traceability.py — silent_pass:test_coverage_200_has_required_fields
2026-03-28T17:57:50.225424+00:00 SEV-2 WARN: test_graph_traceability.py — silent_pass:test_coverage_pct_between_0_and_100
2026-03-28T17:57:50.225425+00:00 SEV-2 WARN: test_graph_traceability.py — mock_usage:instantiation
2026-03-28T17:57:50.225426+00:00 SEV-2 WARN: test_graph_traceability.py — mock_usage:import
2026-03-28T17:57:50.225427+00:00 SEV-2 WARN: test_linkedin_narrative_regen.py — mock_usage:import
2026-03-28T17:57:50.225428+00:00 SEV-2 WARN: test_ml_feedback_loop.py — mock_usage:instantiation
2026-03-28T17:57:50.225429+00:00 SEV-2 WARN: test_ml_feedback_loop.py — mock_usage:import
2026-03-28T17:57:50.225430+00:00 SEV-2 WARN: test_p0b_ftal_integration.py — mock_usage:instantiation
2026-03-28T17:57:50.225431+00:00 SEV-2 WARN: test_p0b_ftal_integration.py — mock_usage:import
2026-03-28T17:57:50.225431+00:00 SEV-2 WARN: test_p1a_sqlite_hardening.py — mock_usage:import
2026-03-28T17:57:50.225432+00:00 SEV-2 WARN: test_p2f_db_engine.py — mock_usage:instantiation
2026-03-28T17:57:50.225433+00:00 SEV-2 WARN: test_p2f_db_engine.py — mock_usage:import
2026-03-28T17:57:50.225434+00:00 SEV-2 WARN: test_p3a_security.py — mock_usage:instantiation
2026-03-28T17:57:50.225435+00:00 SEV-2 WARN: test_p3a_security.py — mock_usage:import
2026-03-28T17:57:50.225436+00:00 SEV-2 WARN: test_parallel_orchestrator.py — mock_usage:import
2026-03-28T17:57:50.225436+00:00 SEV-2 WARN: test_persona_seed.py — mock_usage:instantiation
2026-03-28T17:57:50.225437+00:00 SEV-2 WARN: test_persona_seed.py — mock_usage:import
2026-03-28T17:57:50.225438+00:00 SEV-2 WARN: test_personaforge_client.py — mock_usage:instantiation
2026-03-28T17:57:50.225439+00:00 SEV-2 WARN: test_personaforge_client.py — mock_usage:import
2026-03-28T17:57:50.225440+00:00 SEV-2 WARN: test_pg_migration.py — silent_pass:test_pdf_download_name_contains_id
2026-03-28T17:57:50.225441+00:00 SEV-2 WARN: test_pg_migration.py — mock_usage:instantiation
2026-03-28T17:57:51.196248+00:00 SEV-2 WARN: test_deep_profile_staleness.py — silent_pass:test_status_200_has_required_fields
2026-03-28T17:57:51.196253+00:00 SEV-2 WARN: test_deep_profile_staleness.py — mock_usage:import
2026-03-28T17:57:51.196254+00:00 SEV-2 WARN: test_feedback_loop.py — silent_pass:test_correlations_200_has_required_fields
2026-03-28T17:57:51.196255+00:00 SEV-2 WARN: test_feedback_loop.py — silent_pass:test_feedback_summary_200_has_counts
2026-03-28T17:57:51.196256+00:00 SEV-2 WARN: test_feedback_loop.py — mock_usage:import
2026-03-28T17:57:51.196258+00:00 SEV-2 WARN: test_feedback_loop.py — mock_usage:instantiation
2026-03-28T17:57:51.196258+00:00 SEV-2 WARN: test_graph_traceability.py — silent_pass:test_coverage_200_has_required_fields
2026-03-28T17:57:51.196259+00:00 SEV-2 WARN: test_graph_traceability.py — silent_pass:test_coverage_pct_between_0_and_100
2026-03-28T17:57:51.196260+00:00 SEV-2 WARN: test_graph_traceability.py — mock_usage:import
2026-03-28T17:57:51.196261+00:00 SEV-2 WARN: test_graph_traceability.py — mock_usage:instantiation
2026-03-28T17:57:51.196262+00:00 SEV-2 WARN: test_linkedin_narrative_regen.py — mock_usage:import
2026-03-28T17:57:51.196263+00:00 SEV-2 WARN: test_ml_feedback_loop.py — mock_usage:import
2026-03-28T17:57:51.196264+00:00 SEV-2 WARN: test_ml_feedback_loop.py — mock_usage:instantiation
2026-03-28T17:57:51.196265+00:00 SEV-2 WARN: test_p0b_ftal_integration.py — mock_usage:import
2026-03-28T17:57:51.196266+00:00 SEV-2 WARN: test_p0b_ftal_integration.py — mock_usage:instantiation
2026-03-28T17:57:51.196266+00:00 SEV-2 WARN: test_p1a_sqlite_hardening.py — mock_usage:import
2026-03-28T17:57:51.196267+00:00 SEV-2 WARN: test_p2f_db_engine.py — mock_usage:import
2026-03-28T17:57:51.196268+00:00 SEV-2 WARN: test_p2f_db_engine.py — mock_usage:instantiation
2026-03-28T17:57:51.196269+00:00 SEV-2 WARN: test_p3a_security.py — mock_usage:import
2026-03-28T17:57:51.196270+00:00 SEV-2 WARN: test_p3a_security.py — mock_usage:instantiation
2026-03-28T17:57:51.196270+00:00 SEV-2 WARN: test_parallel_orchestrator.py — mock_usage:import
2026-03-28T17:57:51.196271+00:00 SEV-2 WARN: test_persona_seed.py — mock_usage:import
2026-03-28T17:57:51.196272+00:00 SEV-2 WARN: test_persona_seed.py — mock_usage:instantiation
2026-03-28T17:57:51.196273+00:00 SEV-2 WARN: test_personaforge_client.py — mock_usage:import
2026-03-28T17:57:51.196273+00:00 SEV-2 WARN: test_personaforge_client.py — mock_usage:instantiation
2026-03-28T17:57:51.196274+00:00 SEV-2 WARN: test_pg_migration.py — silent_pass:test_pdf_download_name_contains_id
2026-03-28T17:57:51.196275+00:00 SEV-2 WARN: test_pg_migration.py — mock_usage:instantiation
2026-03-28T18:03:02.581652+00:00 SEV-2 WARN: test_deep_profile_staleness.py — silent_pass:test_status_200_has_required_fields
2026-03-28T18:03:02.581657+00:00 SEV-2 WARN: test_deep_profile_staleness.py — mock_usage:import
2026-03-28T18:03:02.581659+00:00 SEV-2 WARN: test_feedback_loop.py — silent_pass:test_correlations_200_has_required_fields
2026-03-28T18:03:02.581660+00:00 SEV-2 WARN: test_feedback_loop.py — silent_pass:test_feedback_summary_200_has_counts
2026-03-28T18:03:02.581661+00:00 SEV-2 WARN: test_feedback_loop.py — mock_usage:instantiation
2026-03-28T18:03:02.581662+00:00 SEV-2 WARN: test_feedback_loop.py — mock_usage:import
2026-03-28T18:03:02.581663+00:00 SEV-2 WARN: test_graph_traceability.py — silent_pass:test_coverage_200_has_required_fields
2026-03-28T18:03:02.581664+00:00 SEV-2 WARN: test_graph_traceability.py — silent_pass:test_coverage_pct_between_0_and_100
2026-03-28T18:03:02.581665+00:00 SEV-2 WARN: test_graph_traceability.py — mock_usage:instantiation
2026-03-28T18:03:02.581666+00:00 SEV-2 WARN: test_graph_traceability.py — mock_usage:import
2026-03-28T18:03:02.581667+00:00 SEV-2 WARN: test_linkedin_narrative_regen.py — mock_usage:import
2026-03-28T18:03:02.581668+00:00 SEV-2 WARN: test_ml_feedback_loop.py — mock_usage:instantiation
2026-03-28T18:03:02.581669+00:00 SEV-2 WARN: test_ml_feedback_loop.py — mock_usage:import
2026-03-28T18:03:02.581670+00:00 SEV-2 WARN: test_p0b_ftal_integration.py — mock_usage:instantiation
2026-03-28T18:03:02.581671+00:00 SEV-2 WARN: test_p0b_ftal_integration.py — mock_usage:import
2026-03-28T18:03:02.581672+00:00 SEV-2 WARN: test_p1a_sqlite_hardening.py — mock_usage:import
2026-03-28T18:03:02.581673+00:00 SEV-2 WARN: test_p2f_db_engine.py — mock_usage:instantiation
2026-03-28T18:03:02.581674+00:00 SEV-2 WARN: test_p2f_db_engine.py — mock_usage:import
2026-03-28T18:03:02.581675+00:00 SEV-2 WARN: test_p3a_security.py — mock_usage:instantiation
2026-03-28T18:03:02.581675+00:00 SEV-2 WARN: test_p3a_security.py — mock_usage:import
2026-03-28T18:03:02.581676+00:00 SEV-2 WARN: test_parallel_orchestrator.py — mock_usage:import
2026-03-28T18:03:02.581677+00:00 SEV-2 WARN: test_persona_seed.py — mock_usage:instantiation
2026-03-28T18:03:02.581679+00:00 SEV-2 WARN: test_persona_seed.py — mock_usage:import
2026-03-28T18:03:02.581680+00:00 SEV-2 WARN: test_personaforge_client.py — mock_usage:instantiation
2026-03-28T18:03:02.581681+00:00 SEV-2 WARN: test_personaforge_client.py — mock_usage:import
2026-03-28T18:03:02.581682+00:00 SEV-2 WARN: test_pg_migration.py — silent_pass:test_pdf_download_name_contains_id
2026-03-28T18:03:02.581683+00:00 SEV-2 WARN: test_pg_migration.py — mock_usage:instantiation
2026-03-28T18:03:03.399749+00:00 SEV-2 WARN: test_deep_profile_staleness.py — silent_pass:test_status_200_has_required_fields
2026-03-28T18:03:03.399753+00:00 SEV-2 WARN: test_deep_profile_staleness.py — mock_usage:import
2026-03-28T18:03:03.399754+00:00 SEV-2 WARN: test_feedback_loop.py — silent_pass:test_correlations_200_has_required_fields
2026-03-28T18:03:03.399755+00:00 SEV-2 WARN: test_feedback_loop.py — silent_pass:test_feedback_summary_200_has_counts
2026-03-28T18:03:03.399756+00:00 SEV-2 WARN: test_feedback_loop.py — mock_usage:instantiation
2026-03-28T18:03:03.399757+00:00 SEV-2 WARN: test_feedback_loop.py — mock_usage:import
2026-03-28T18:03:03.399758+00:00 SEV-2 WARN: test_graph_traceability.py — silent_pass:test_coverage_200_has_required_fields
2026-03-28T18:03:03.399759+00:00 SEV-2 WARN: test_graph_traceability.py — silent_pass:test_coverage_pct_between_0_and_100
2026-03-28T18:03:03.399760+00:00 SEV-2 WARN: test_graph_traceability.py — mock_usage:instantiation
2026-03-28T18:03:03.399761+00:00 SEV-2 WARN: test_graph_traceability.py — mock_usage:import
2026-03-28T18:03:03.399762+00:00 SEV-2 WARN: test_linkedin_narrative_regen.py — mock_usage:import
2026-03-28T18:03:03.399763+00:00 SEV-2 WARN: test_ml_feedback_loop.py — mock_usage:instantiation
2026-03-28T18:03:03.399764+00:00 SEV-2 WARN: test_ml_feedback_loop.py — mock_usage:import
2026-03-28T18:03:03.399765+00:00 SEV-2 WARN: test_p0b_ftal_integration.py — mock_usage:instantiation
2026-03-28T18:03:03.399765+00:00 SEV-2 WARN: test_p0b_ftal_integration.py — mock_usage:import
2026-03-28T18:03:03.399766+00:00 SEV-2 WARN: test_p1a_sqlite_hardening.py — mock_usage:import
2026-03-28T18:03:03.399767+00:00 SEV-2 WARN: test_p2f_db_engine.py — mock_usage:instantiation
2026-03-28T18:03:03.399768+00:00 SEV-2 WARN: test_p2f_db_engine.py — mock_usage:import
2026-03-28T18:03:03.399769+00:00 SEV-2 WARN: test_p3a_security.py — mock_usage:instantiation
2026-03-28T18:03:03.399770+00:00 SEV-2 WARN: test_p3a_security.py — mock_usage:import
2026-03-28T18:03:03.399771+00:00 SEV-2 WARN: test_parallel_orchestrator.py — mock_usage:import
2026-03-28T18:03:03.399772+00:00 SEV-2 WARN: test_persona_seed.py — mock_usage:instantiation
2026-03-28T18:03:03.399772+00:00 SEV-2 WARN: test_persona_seed.py — mock_usage:import
2026-03-28T18:03:03.399773+00:00 SEV-2 WARN: test_personaforge_client.py — mock_usage:instantiation
2026-03-28T18:03:03.399774+00:00 SEV-2 WARN: test_personaforge_client.py — mock_usage:import
2026-03-28T18:03:03.399775+00:00 SEV-2 WARN: test_pg_migration.py — silent_pass:test_pdf_download_name_contains_id
2026-03-28T18:03:03.399776+00:00 SEV-2 WARN: test_pg_migration.py — mock_usage:instantiation
2026-03-28T18:03:04.559138+00:00 SEV-2 WARN: test_deep_profile_staleness.py — silent_pass:test_status_200_has_required_fields
2026-03-28T18:03:04.559144+00:00 SEV-2 WARN: test_deep_profile_staleness.py — mock_usage:import
2026-03-28T18:03:04.559145+00:00 SEV-2 WARN: test_feedback_loop.py — silent_pass:test_correlations_200_has_required_fields
2026-03-28T18:03:04.559146+00:00 SEV-2 WARN: test_feedback_loop.py — silent_pass:test_feedback_summary_200_has_counts
2026-03-28T18:03:04.559147+00:00 SEV-2 WARN: test_feedback_loop.py — mock_usage:instantiation
2026-03-28T18:03:04.559148+00:00 SEV-2 WARN: test_feedback_loop.py — mock_usage:import
2026-03-28T18:03:04.559149+00:00 SEV-2 WARN: test_graph_traceability.py — silent_pass:test_coverage_200_has_required_fields
2026-03-28T18:03:04.559150+00:00 SEV-2 WARN: test_graph_traceability.py — silent_pass:test_coverage_pct_between_0_and_100
2026-03-28T18:03:04.559151+00:00 SEV-2 WARN: test_graph_traceability.py — mock_usage:instantiation
2026-03-28T18:03:04.559152+00:00 SEV-2 WARN: test_graph_traceability.py — mock_usage:import
2026-03-28T18:03:04.559153+00:00 SEV-2 WARN: test_linkedin_narrative_regen.py — mock_usage:import
2026-03-28T18:03:04.559154+00:00 SEV-2 WARN: test_ml_feedback_loop.py — mock_usage:instantiation
2026-03-28T18:03:04.559154+00:00 SEV-2 WARN: test_ml_feedback_loop.py — mock_usage:import
2026-03-28T18:03:04.559155+00:00 SEV-2 WARN: test_p0b_ftal_integration.py — mock_usage:instantiation
2026-03-28T18:03:04.559156+00:00 SEV-2 WARN: test_p0b_ftal_integration.py — mock_usage:import
2026-03-28T18:03:04.559157+00:00 SEV-2 WARN: test_p1a_sqlite_hardening.py — mock_usage:import
2026-03-28T18:03:04.559158+00:00 SEV-2 WARN: test_p2f_db_engine.py — mock_usage:instantiation
2026-03-28T18:03:04.559159+00:00 SEV-2 WARN: test_p2f_db_engine.py — mock_usage:import
2026-03-28T18:03:04.559159+00:00 SEV-2 WARN: test_p3a_security.py — mock_usage:instantiation
2026-03-28T18:03:04.559160+00:00 SEV-2 WARN: test_p3a_security.py — mock_usage:import
2026-03-28T18:03:04.559161+00:00 SEV-2 WARN: test_parallel_orchestrator.py — mock_usage:import
2026-03-28T18:03:04.559162+00:00 SEV-2 WARN: test_persona_seed.py — mock_usage:instantiation
2026-03-28T18:03:04.559162+00:00 SEV-2 WARN: test_persona_seed.py — mock_usage:import
2026-03-28T18:03:04.559163+00:00 SEV-2 WARN: test_personaforge_client.py — mock_usage:instantiation
2026-03-28T18:03:04.559164+00:00 SEV-2 WARN: test_personaforge_client.py — mock_usage:import
2026-03-28T18:03:04.559165+00:00 SEV-2 WARN: test_pg_migration.py — silent_pass:test_pdf_download_name_contains_id
2026-03-28T18:03:04.559166+00:00 SEV-2 WARN: test_pg_migration.py — mock_usage:instantiation
2026-03-28T18:03:05.090935+00:00 SEV-2 WARN: test_deep_profile_staleness.py — silent_pass:test_status_200_has_required_fields
2026-03-28T18:03:05.090939+00:00 SEV-2 WARN: test_deep_profile_staleness.py — mock_usage:import
2026-03-28T18:03:05.090940+00:00 SEV-2 WARN: test_feedback_loop.py — silent_pass:test_correlations_200_has_required_fields
2026-03-28T18:03:05.090941+00:00 SEV-2 WARN: test_feedback_loop.py — silent_pass:test_feedback_summary_200_has_counts
2026-03-28T18:03:05.090943+00:00 SEV-2 WARN: test_feedback_loop.py — mock_usage:instantiation
2026-03-28T18:03:05.090944+00:00 SEV-2 WARN: test_feedback_loop.py — mock_usage:import
2026-03-28T18:03:05.090944+00:00 SEV-2 WARN: test_graph_traceability.py — silent_pass:test_coverage_200_has_required_fields
2026-03-28T18:03:05.090945+00:00 SEV-2 WARN: test_graph_traceability.py — silent_pass:test_coverage_pct_between_0_and_100
2026-03-28T18:03:05.090946+00:00 SEV-2 WARN: test_graph_traceability.py — mock_usage:instantiation
2026-03-28T18:03:05.090947+00:00 SEV-2 WARN: test_graph_traceability.py — mock_usage:import
2026-03-28T18:03:05.090948+00:00 SEV-2 WARN: test_linkedin_narrative_regen.py — mock_usage:import
2026-03-28T18:03:05.090949+00:00 SEV-2 WARN: test_ml_feedback_loop.py — mock_usage:instantiation
2026-03-28T18:03:05.090950+00:00 SEV-2 WARN: test_ml_feedback_loop.py — mock_usage:import
2026-03-28T18:03:05.090951+00:00 SEV-2 WARN: test_p0b_ftal_integration.py — mock_usage:instantiation
2026-03-28T18:03:05.090951+00:00 SEV-2 WARN: test_p0b_ftal_integration.py — mock_usage:import
2026-03-28T18:03:05.090952+00:00 SEV-2 WARN: test_p1a_sqlite_hardening.py — mock_usage:import
2026-03-28T18:03:05.090953+00:00 SEV-2 WARN: test_p2f_db_engine.py — mock_usage:instantiation
2026-03-28T18:03:05.090954+00:00 SEV-2 WARN: test_p2f_db_engine.py — mock_usage:import
2026-03-28T18:03:05.090955+00:00 SEV-2 WARN: test_p3a_security.py — mock_usage:instantiation
2026-03-28T18:03:05.090956+00:00 SEV-2 WARN: test_p3a_security.py — mock_usage:import
2026-03-28T18:03:05.090957+00:00 SEV-2 WARN: test_parallel_orchestrator.py — mock_usage:import
2026-03-28T18:03:05.090958+00:00 SEV-2 WARN: test_persona_seed.py — mock_usage:instantiation
2026-03-28T18:03:05.090959+00:00 SEV-2 WARN: test_persona_seed.py — mock_usage:import
2026-03-28T18:03:05.090960+00:00 SEV-2 WARN: test_personaforge_client.py — mock_usage:instantiation
2026-03-28T18:03:05.090961+00:00 SEV-2 WARN: test_personaforge_client.py — mock_usage:import
2026-03-28T18:03:05.090962+00:00 SEV-2 WARN: test_pg_migration.py — silent_pass:test_pdf_download_name_contains_id
2026-03-28T18:03:05.090963+00:00 SEV-2 WARN: test_pg_migration.py — mock_usage:instantiation
2026-03-28T18:03:05.380313+00:00 SEV-2 WARN: test_deep_profile_staleness.py — silent_pass:test_status_200_has_required_fields
2026-03-28T18:03:05.380317+00:00 SEV-2 WARN: test_deep_profile_staleness.py — mock_usage:import
2026-03-28T18:03:05.380318+00:00 SEV-2 WARN: test_feedback_loop.py — silent_pass:test_correlations_200_has_required_fields
2026-03-28T18:03:05.380319+00:00 SEV-2 WARN: test_feedback_loop.py — silent_pass:test_feedback_summary_200_has_counts
2026-03-28T18:03:05.380320+00:00 SEV-2 WARN: test_feedback_loop.py — mock_usage:instantiation
2026-03-28T18:03:05.380321+00:00 SEV-2 WARN: test_feedback_loop.py — mock_usage:import
2026-03-28T18:03:05.380322+00:00 SEV-2 WARN: test_graph_traceability.py — silent_pass:test_coverage_200_has_required_fields
2026-03-28T18:03:05.380323+00:00 SEV-2 WARN: test_graph_traceability.py — silent_pass:test_coverage_pct_between_0_and_100
2026-03-28T18:03:05.380324+00:00 SEV-2 WARN: test_graph_traceability.py — mock_usage:instantiation
2026-03-28T18:03:05.380325+00:00 SEV-2 WARN: test_graph_traceability.py — mock_usage:import
2026-03-28T18:03:05.380326+00:00 SEV-2 WARN: test_linkedin_narrative_regen.py — mock_usage:import
2026-03-28T18:03:05.380327+00:00 SEV-2 WARN: test_ml_feedback_loop.py — mock_usage:instantiation
2026-03-28T18:03:05.380328+00:00 SEV-2 WARN: test_ml_feedback_loop.py — mock_usage:import
2026-03-28T18:03:05.380328+00:00 SEV-2 WARN: test_p0b_ftal_integration.py — mock_usage:instantiation
2026-03-28T18:03:05.380329+00:00 SEV-2 WARN: test_p0b_ftal_integration.py — mock_usage:import
2026-03-28T18:03:05.380330+00:00 SEV-2 WARN: test_p1a_sqlite_hardening.py — mock_usage:import
2026-03-28T18:03:05.380331+00:00 SEV-2 WARN: test_p2f_db_engine.py — mock_usage:instantiation
2026-03-28T18:03:05.380332+00:00 SEV-2 WARN: test_p2f_db_engine.py — mock_usage:import
2026-03-28T18:03:05.380333+00:00 SEV-2 WARN: test_p3a_security.py — mock_usage:instantiation
2026-03-28T18:03:05.380333+00:00 SEV-2 WARN: test_p3a_security.py — mock_usage:import
2026-03-28T18:03:05.380334+00:00 SEV-2 WARN: test_parallel_orchestrator.py — mock_usage:import
2026-03-28T18:03:05.380335+00:00 SEV-2 WARN: test_persona_seed.py — mock_usage:instantiation
2026-03-28T18:03:05.380336+00:00 SEV-2 WARN: test_persona_seed.py — mock_usage:import
2026-03-28T18:03:05.380337+00:00 SEV-2 WARN: test_personaforge_client.py — mock_usage:instantiation
2026-03-28T18:03:05.380337+00:00 SEV-2 WARN: test_personaforge_client.py — mock_usage:import
2026-03-28T18:03:05.380338+00:00 SEV-2 WARN: test_pg_migration.py — silent_pass:test_pdf_download_name_contains_id
2026-03-28T18:03:05.380339+00:00 SEV-2 WARN: test_pg_migration.py — mock_usage:instantiation
2026-03-28T18:03:34.412427+00:00 SEV-2 WARN: test_deep_profile_staleness.py — silent_pass:test_status_200_has_required_fields
2026-03-28T18:03:34.412430+00:00 SEV-2 WARN: test_deep_profile_staleness.py — mock_usage:import
2026-03-28T18:03:34.412432+00:00 SEV-2 WARN: test_feedback_loop.py — silent_pass:test_correlations_200_has_required_fields
2026-03-28T18:03:34.412433+00:00 SEV-2 WARN: test_feedback_loop.py — silent_pass:test_feedback_summary_200_has_counts
2026-03-28T18:03:34.412434+00:00 SEV-2 WARN: test_feedback_loop.py — mock_usage:instantiation
2026-03-28T18:03:34.412435+00:00 SEV-2 WARN: test_feedback_loop.py — mock_usage:import
2026-03-28T18:03:34.412436+00:00 SEV-2 WARN: test_graph_traceability.py — silent_pass:test_coverage_200_has_required_fields
2026-03-28T18:03:34.412437+00:00 SEV-2 WARN: test_graph_traceability.py — silent_pass:test_coverage_pct_between_0_and_100
2026-03-28T18:03:34.412437+00:00 SEV-2 WARN: test_graph_traceability.py — mock_usage:instantiation
2026-03-28T18:03:34.412438+00:00 SEV-2 WARN: test_graph_traceability.py — mock_usage:import
2026-03-28T18:03:34.412439+00:00 SEV-2 WARN: test_linkedin_narrative_regen.py — mock_usage:import
2026-03-28T18:03:34.412440+00:00 SEV-2 WARN: test_ml_feedback_loop.py — mock_usage:instantiation
2026-03-28T18:03:34.412441+00:00 SEV-2 WARN: test_ml_feedback_loop.py — mock_usage:import
2026-03-28T18:03:34.412442+00:00 SEV-2 WARN: test_p0b_ftal_integration.py — mock_usage:instantiation
2026-03-28T18:03:34.412442+00:00 SEV-2 WARN: test_p0b_ftal_integration.py — mock_usage:import
2026-03-28T18:03:34.412443+00:00 SEV-2 WARN: test_p1a_sqlite_hardening.py — mock_usage:import
2026-03-28T18:03:34.412444+00:00 SEV-2 WARN: test_p2f_db_engine.py — mock_usage:instantiation
2026-03-28T18:03:34.412445+00:00 SEV-2 WARN: test_p2f_db_engine.py — mock_usage:import
2026-03-28T18:03:34.412445+00:00 SEV-2 WARN: test_p3a_security.py — mock_usage:instantiation
2026-03-28T18:03:34.412446+00:00 SEV-2 WARN: test_p3a_security.py — mock_usage:import
2026-03-28T18:03:34.412447+00:00 SEV-2 WARN: test_parallel_orchestrator.py — mock_usage:import
2026-03-28T18:03:34.412448+00:00 SEV-2 WARN: test_persona_seed.py — mock_usage:instantiation
2026-03-28T18:03:34.412449+00:00 SEV-2 WARN: test_persona_seed.py — mock_usage:import
2026-03-28T18:03:34.412449+00:00 SEV-2 WARN: test_personaforge_client.py — mock_usage:instantiation
2026-03-28T18:03:34.412450+00:00 SEV-2 WARN: test_personaforge_client.py — mock_usage:import
2026-03-28T18:03:34.412451+00:00 SEV-2 WARN: test_pg_migration.py — silent_pass:test_pdf_download_name_contains_id
2026-03-28T18:03:34.412452+00:00 SEV-2 WARN: test_pg_migration.py — mock_usage:instantiation
2026-03-28T18:03:35.214208+00:00 SEV-2 WARN: test_deep_profile_staleness.py — silent_pass:test_status_200_has_required_fields
2026-03-28T18:03:35.214213+00:00 SEV-2 WARN: test_deep_profile_staleness.py — mock_usage:import
2026-03-28T18:03:35.214214+00:00 SEV-2 WARN: test_feedback_loop.py — silent_pass:test_correlations_200_has_required_fields
2026-03-28T18:03:35.214216+00:00 SEV-2 WARN: test_feedback_loop.py — silent_pass:test_feedback_summary_200_has_counts
2026-03-28T18:03:35.214217+00:00 SEV-2 WARN: test_feedback_loop.py — mock_usage:instantiation
2026-03-28T18:03:35.214217+00:00 SEV-2 WARN: test_feedback_loop.py — mock_usage:import
2026-03-28T18:03:35.214218+00:00 SEV-2 WARN: test_graph_traceability.py — silent_pass:test_coverage_200_has_required_fields
2026-03-28T18:03:35.214219+00:00 SEV-2 WARN: test_graph_traceability.py — silent_pass:test_coverage_pct_between_0_and_100
2026-03-28T18:03:35.214220+00:00 SEV-2 WARN: test_graph_traceability.py — mock_usage:instantiation
2026-03-28T18:03:35.214221+00:00 SEV-2 WARN: test_graph_traceability.py — mock_usage:import
2026-03-28T18:03:35.214222+00:00 SEV-2 WARN: test_linkedin_narrative_regen.py — mock_usage:import
2026-03-28T18:03:35.214223+00:00 SEV-2 WARN: test_ml_feedback_loop.py — mock_usage:instantiation
2026-03-28T18:03:35.214224+00:00 SEV-2 WARN: test_ml_feedback_loop.py — mock_usage:import
2026-03-28T18:03:35.214225+00:00 SEV-2 WARN: test_p0b_ftal_integration.py — mock_usage:instantiation
2026-03-28T18:03:35.214225+00:00 SEV-2 WARN: test_p0b_ftal_integration.py — mock_usage:import
2026-03-28T18:03:35.214226+00:00 SEV-2 WARN: test_p1a_sqlite_hardening.py — mock_usage:import
2026-03-28T18:03:35.214227+00:00 SEV-2 WARN: test_p2f_db_engine.py — mock_usage:instantiation
2026-03-28T18:03:35.214228+00:00 SEV-2 WARN: test_p2f_db_engine.py — mock_usage:import
2026-03-28T18:03:35.214229+00:00 SEV-2 WARN: test_p3a_security.py — mock_usage:instantiation
2026-03-28T18:03:35.214229+00:00 SEV-2 WARN: test_p3a_security.py — mock_usage:import
2026-03-28T18:03:35.214230+00:00 SEV-2 WARN: test_parallel_orchestrator.py — mock_usage:import
2026-03-28T18:03:35.214231+00:00 SEV-2 WARN: test_persona_seed.py — mock_usage:instantiation
2026-03-28T18:03:35.214232+00:00 SEV-2 WARN: test_persona_seed.py — mock_usage:import
2026-03-28T18:03:35.214233+00:00 SEV-2 WARN: test_personaforge_client.py — mock_usage:instantiation
2026-03-28T18:03:35.214233+00:00 SEV-2 WARN: test_personaforge_client.py — mock_usage:import
2026-03-28T18:03:35.214234+00:00 SEV-2 WARN: test_pg_migration.py — silent_pass:test_pdf_download_name_contains_id
2026-03-28T18:03:35.214235+00:00 SEV-2 WARN: test_pg_migration.py — mock_usage:instantiation
2026-03-28T18:10:20.863644+00:00 SEV-2 WARN: test_deep_profile_staleness.py — silent_pass:test_status_200_has_required_fields
2026-03-28T18:10:20.863648+00:00 SEV-2 WARN: test_deep_profile_staleness.py — mock_usage:import
2026-03-28T18:10:20.863650+00:00 SEV-2 WARN: test_feedback_loop.py — silent_pass:test_correlations_200_has_required_fields
2026-03-28T18:10:20.863651+00:00 SEV-2 WARN: test_feedback_loop.py — silent_pass:test_feedback_summary_200_has_counts
2026-03-28T18:10:20.863653+00:00 SEV-2 WARN: test_feedback_loop.py — mock_usage:import
2026-03-28T18:10:20.863654+00:00 SEV-2 WARN: test_feedback_loop.py — mock_usage:instantiation
2026-03-28T18:10:20.863655+00:00 SEV-2 WARN: test_graph_traceability.py — silent_pass:test_coverage_200_has_required_fields
2026-03-28T18:10:20.863656+00:00 SEV-2 WARN: test_graph_traceability.py — silent_pass:test_coverage_pct_between_0_and_100
2026-03-28T18:10:20.863657+00:00 SEV-2 WARN: test_graph_traceability.py — mock_usage:import
2026-03-28T18:10:20.863658+00:00 SEV-2 WARN: test_graph_traceability.py — mock_usage:instantiation
2026-03-28T18:10:20.863659+00:00 SEV-2 WARN: test_linkedin_narrative_regen.py — mock_usage:import
2026-03-28T18:10:20.863660+00:00 SEV-2 WARN: test_ml_feedback_loop.py — mock_usage:import
2026-03-28T18:10:20.863660+00:00 SEV-2 WARN: test_ml_feedback_loop.py — mock_usage:instantiation
2026-03-28T18:10:20.863662+00:00 SEV-2 WARN: test_p0b_ftal_integration.py — mock_usage:import
2026-03-28T18:10:20.863662+00:00 SEV-2 WARN: test_p0b_ftal_integration.py — mock_usage:instantiation
2026-03-28T18:10:20.863664+00:00 SEV-2 WARN: test_p1a_sqlite_hardening.py — mock_usage:import
2026-03-28T18:10:20.863664+00:00 SEV-2 WARN: test_p2f_db_engine.py — mock_usage:import
2026-03-28T18:10:20.863665+00:00 SEV-2 WARN: test_p2f_db_engine.py — mock_usage:instantiation
2026-03-28T18:10:20.863666+00:00 SEV-2 WARN: test_p3a_security.py — mock_usage:import
2026-03-28T18:10:20.863667+00:00 SEV-2 WARN: test_p3a_security.py — mock_usage:instantiation
2026-03-28T18:10:20.863668+00:00 SEV-2 WARN: test_parallel_orchestrator.py — mock_usage:import
2026-03-28T18:10:20.863669+00:00 SEV-2 WARN: test_persona_seed.py — mock_usage:import
2026-03-28T18:10:20.863670+00:00 SEV-2 WARN: test_persona_seed.py — mock_usage:instantiation
2026-03-28T18:10:20.863671+00:00 SEV-2 WARN: test_personaforge_client.py — mock_usage:import
2026-03-28T18:10:20.863672+00:00 SEV-2 WARN: test_personaforge_client.py — mock_usage:instantiation
2026-03-28T18:10:20.863673+00:00 SEV-2 WARN: test_pg_migration.py — silent_pass:test_pdf_download_name_contains_id
2026-03-28T18:10:20.863673+00:00 SEV-2 WARN: test_pg_migration.py — mock_usage:instantiation
2026-03-28T18:10:21.680470+00:00 SEV-2 WARN: test_deep_profile_staleness.py — silent_pass:test_status_200_has_required_fields
2026-03-28T18:10:21.680473+00:00 SEV-2 WARN: test_deep_profile_staleness.py — mock_usage:import
2026-03-28T18:10:21.680475+00:00 SEV-2 WARN: test_feedback_loop.py — silent_pass:test_correlations_200_has_required_fields
2026-03-28T18:10:21.680476+00:00 SEV-2 WARN: test_feedback_loop.py — silent_pass:test_feedback_summary_200_has_counts
2026-03-28T18:10:21.680477+00:00 SEV-2 WARN: test_feedback_loop.py — mock_usage:import
2026-03-28T18:10:21.680478+00:00 SEV-2 WARN: test_feedback_loop.py — mock_usage:instantiation
2026-03-28T18:10:21.680479+00:00 SEV-2 WARN: test_graph_traceability.py — silent_pass:test_coverage_200_has_required_fields
2026-03-28T18:10:21.680480+00:00 SEV-2 WARN: test_graph_traceability.py — silent_pass:test_coverage_pct_between_0_and_100
2026-03-28T18:10:21.680481+00:00 SEV-2 WARN: test_graph_traceability.py — mock_usage:import
2026-03-28T18:10:21.680481+00:00 SEV-2 WARN: test_graph_traceability.py — mock_usage:instantiation
2026-03-28T18:10:21.680482+00:00 SEV-2 WARN: test_linkedin_narrative_regen.py — mock_usage:import
2026-03-28T18:10:21.680483+00:00 SEV-2 WARN: test_ml_feedback_loop.py — mock_usage:import
2026-03-28T18:10:21.680484+00:00 SEV-2 WARN: test_ml_feedback_loop.py — mock_usage:instantiation
2026-03-28T18:10:21.680485+00:00 SEV-2 WARN: test_p0b_ftal_integration.py — mock_usage:import
2026-03-28T18:10:21.680486+00:00 SEV-2 WARN: test_p0b_ftal_integration.py — mock_usage:instantiation
2026-03-28T18:10:21.680486+00:00 SEV-2 WARN: test_p1a_sqlite_hardening.py — mock_usage:import
2026-03-28T18:10:21.680494+00:00 SEV-2 WARN: test_p2f_db_engine.py — mock_usage:import
2026-03-28T18:10:21.680495+00:00 SEV-2 WARN: test_p2f_db_engine.py — mock_usage:instantiation
2026-03-28T18:10:21.680496+00:00 SEV-2 WARN: test_p3a_security.py — mock_usage:import
2026-03-28T18:10:21.680497+00:00 SEV-2 WARN: test_p3a_security.py — mock_usage:instantiation
2026-03-28T18:10:21.680497+00:00 SEV-2 WARN: test_parallel_orchestrator.py — mock_usage:import
2026-03-28T18:10:21.680499+00:00 SEV-2 WARN: test_persona_seed.py — mock_usage:import
2026-03-28T18:10:21.680500+00:00 SEV-2 WARN: test_persona_seed.py — mock_usage:instantiation
2026-03-28T18:10:21.680500+00:00 SEV-2 WARN: test_personaforge_client.py — mock_usage:import
2026-03-28T18:10:21.680501+00:00 SEV-2 WARN: test_personaforge_client.py — mock_usage:instantiation
2026-03-28T18:10:21.680502+00:00 SEV-2 WARN: test_pg_migration.py — silent_pass:test_pdf_download_name_contains_id
2026-03-28T18:10:21.680503+00:00 SEV-2 WARN: test_pg_migration.py — mock_usage:instantiation
2026-03-28T18:10:22.817584+00:00 SEV-2 WARN: test_deep_profile_staleness.py — silent_pass:test_status_200_has_required_fields
2026-03-28T18:10:22.817589+00:00 SEV-2 WARN: test_deep_profile_staleness.py — mock_usage:import
2026-03-28T18:10:22.817590+00:00 SEV-2 WARN: test_feedback_loop.py — silent_pass:test_correlations_200_has_required_fields
2026-03-28T18:10:22.817592+00:00 SEV-2 WARN: test_feedback_loop.py — silent_pass:test_feedback_summary_200_has_counts
2026-03-28T18:10:22.817593+00:00 SEV-2 WARN: test_feedback_loop.py — mock_usage:instantiation
2026-03-28T18:10:22.817593+00:00 SEV-2 WARN: test_feedback_loop.py — mock_usage:import
2026-03-28T18:10:22.817594+00:00 SEV-2 WARN: test_graph_traceability.py — silent_pass:test_coverage_200_has_required_fields
2026-03-28T18:10:22.817595+00:00 SEV-2 WARN: test_graph_traceability.py — silent_pass:test_coverage_pct_between_0_and_100
2026-03-28T18:10:22.817596+00:00 SEV-2 WARN: test_graph_traceability.py — mock_usage:instantiation
2026-03-28T18:10:22.817597+00:00 SEV-2 WARN: test_graph_traceability.py — mock_usage:import
2026-03-28T18:10:22.817598+00:00 SEV-2 WARN: test_linkedin_narrative_regen.py — mock_usage:import
2026-03-28T18:10:22.817599+00:00 SEV-2 WARN: test_ml_feedback_loop.py — mock_usage:instantiation
2026-03-28T18:10:22.817600+00:00 SEV-2 WARN: test_ml_feedback_loop.py — mock_usage:import
2026-03-28T18:10:22.817601+00:00 SEV-2 WARN: test_p0b_ftal_integration.py — mock_usage:instantiation
2026-03-28T18:10:22.817602+00:00 SEV-2 WARN: test_p0b_ftal_integration.py — mock_usage:import
2026-03-28T18:10:22.817603+00:00 SEV-2 WARN: test_p1a_sqlite_hardening.py — mock_usage:import
2026-03-28T18:10:22.817604+00:00 SEV-2 WARN: test_p2f_db_engine.py — mock_usage:instantiation
2026-03-28T18:10:22.817605+00:00 SEV-2 WARN: test_p2f_db_engine.py — mock_usage:import
2026-03-28T18:10:22.817606+00:00 SEV-2 WARN: test_p3a_security.py — mock_usage:instantiation
2026-03-28T18:10:22.817607+00:00 SEV-2 WARN: test_p3a_security.py — mock_usage:import
2026-03-28T18:10:22.817607+00:00 SEV-2 WARN: test_parallel_orchestrator.py — mock_usage:import
2026-03-28T18:10:22.817608+00:00 SEV-2 WARN: test_persona_seed.py — mock_usage:instantiation
2026-03-28T18:10:22.817609+00:00 SEV-2 WARN: test_persona_seed.py — mock_usage:import
2026-03-28T18:10:22.817610+00:00 SEV-2 WARN: test_personaforge_client.py — mock_usage:instantiation
2026-03-28T18:10:22.817611+00:00 SEV-2 WARN: test_personaforge_client.py — mock_usage:import
2026-03-28T18:10:22.817612+00:00 SEV-2 WARN: test_pg_migration.py — silent_pass:test_pdf_download_name_contains_id
2026-03-28T18:10:22.817613+00:00 SEV-2 WARN: test_pg_migration.py — mock_usage:instantiation
2026-03-28T18:10:23.340711+00:00 SEV-2 WARN: test_deep_profile_staleness.py — silent_pass:test_status_200_has_required_fields
2026-03-28T18:10:23.340715+00:00 SEV-2 WARN: test_deep_profile_staleness.py — mock_usage:import
2026-03-28T18:10:23.340717+00:00 SEV-2 WARN: test_feedback_loop.py — silent_pass:test_correlations_200_has_required_fields
2026-03-28T18:10:23.340719+00:00 SEV-2 WARN: test_feedback_loop.py — silent_pass:test_feedback_summary_200_has_counts
2026-03-28T18:10:23.340720+00:00 SEV-2 WARN: test_feedback_loop.py — mock_usage:import
2026-03-28T18:10:23.340721+00:00 SEV-2 WARN: test_feedback_loop.py — mock_usage:instantiation
2026-03-28T18:10:23.340722+00:00 SEV-2 WARN: test_graph_traceability.py — silent_pass:test_coverage_200_has_required_fields
2026-03-28T18:10:23.340723+00:00 SEV-2 WARN: test_graph_traceability.py — silent_pass:test_coverage_pct_between_0_and_100
2026-03-28T18:10:23.340724+00:00 SEV-2 WARN: test_graph_traceability.py — mock_usage:import
2026-03-28T18:10:23.340725+00:00 SEV-2 WARN: test_graph_traceability.py — mock_usage:instantiation
2026-03-28T18:10:23.340726+00:00 SEV-2 WARN: test_linkedin_narrative_regen.py — mock_usage:import
2026-03-28T18:10:23.340727+00:00 SEV-2 WARN: test_ml_feedback_loop.py — mock_usage:import
2026-03-28T18:10:23.340727+00:00 SEV-2 WARN: test_ml_feedback_loop.py — mock_usage:instantiation
2026-03-28T18:10:23.340728+00:00 SEV-2 WARN: test_p0b_ftal_integration.py — mock_usage:import
2026-03-28T18:10:23.340729+00:00 SEV-2 WARN: test_p0b_ftal_integration.py — mock_usage:instantiation
2026-03-28T18:10:23.340730+00:00 SEV-2 WARN: test_p1a_sqlite_hardening.py — mock_usage:import
2026-03-28T18:10:23.340731+00:00 SEV-2 WARN: test_p2f_db_engine.py — mock_usage:import
2026-03-28T18:10:23.340732+00:00 SEV-2 WARN: test_p2f_db_engine.py — mock_usage:instantiation
2026-03-28T18:10:23.340732+00:00 SEV-2 WARN: test_p3a_security.py — mock_usage:import
2026-03-28T18:10:23.340733+00:00 SEV-2 WARN: test_p3a_security.py — mock_usage:instantiation
2026-03-28T18:10:23.340734+00:00 SEV-2 WARN: test_parallel_orchestrator.py — mock_usage:import
2026-03-28T18:10:23.340735+00:00 SEV-2 WARN: test_persona_seed.py — mock_usage:import
2026-03-28T18:10:23.340736+00:00 SEV-2 WARN: test_persona_seed.py — mock_usage:instantiation
2026-03-28T18:10:23.340736+00:00 SEV-2 WARN: test_personaforge_client.py — mock_usage:import
2026-03-28T18:10:23.340737+00:00 SEV-2 WARN: test_personaforge_client.py — mock_usage:instantiation
2026-03-28T18:10:23.340738+00:00 SEV-2 WARN: test_pg_migration.py — silent_pass:test_pdf_download_name_contains_id
2026-03-28T18:10:23.340739+00:00 SEV-2 WARN: test_pg_migration.py — mock_usage:instantiation
2026-03-28T18:10:23.617241+00:00 SEV-2 WARN: test_deep_profile_staleness.py — silent_pass:test_status_200_has_required_fields
2026-03-28T18:10:23.617245+00:00 SEV-2 WARN: test_deep_profile_staleness.py — mock_usage:import
2026-03-28T18:10:23.617246+00:00 SEV-2 WARN: test_feedback_loop.py — silent_pass:test_correlations_200_has_required_fields
2026-03-28T18:10:23.617247+00:00 SEV-2 WARN: test_feedback_loop.py — silent_pass:test_feedback_summary_200_has_counts
2026-03-28T18:10:23.617248+00:00 SEV-2 WARN: test_feedback_loop.py — mock_usage:instantiation
2026-03-28T18:10:23.617249+00:00 SEV-2 WARN: test_feedback_loop.py — mock_usage:import
2026-03-28T18:10:23.617250+00:00 SEV-2 WARN: test_graph_traceability.py — silent_pass:test_coverage_200_has_required_fields
2026-03-28T18:10:23.617251+00:00 SEV-2 WARN: test_graph_traceability.py — silent_pass:test_coverage_pct_between_0_and_100
2026-03-28T18:10:23.617253+00:00 SEV-2 WARN: test_graph_traceability.py — mock_usage:instantiation
2026-03-28T18:10:23.617253+00:00 SEV-2 WARN: test_graph_traceability.py — mock_usage:import
2026-03-28T18:10:23.617254+00:00 SEV-2 WARN: test_linkedin_narrative_regen.py — mock_usage:import
2026-03-28T18:10:23.617255+00:00 SEV-2 WARN: test_ml_feedback_loop.py — mock_usage:instantiation
2026-03-28T18:10:23.617256+00:00 SEV-2 WARN: test_ml_feedback_loop.py — mock_usage:import
2026-03-28T18:10:23.617257+00:00 SEV-2 WARN: test_p0b_ftal_integration.py — mock_usage:instantiation
2026-03-28T18:10:23.617258+00:00 SEV-2 WARN: test_p0b_ftal_integration.py — mock_usage:import
2026-03-28T18:10:23.617259+00:00 SEV-2 WARN: test_p1a_sqlite_hardening.py — mock_usage:import
2026-03-28T18:10:23.617260+00:00 SEV-2 WARN: test_p2f_db_engine.py — mock_usage:instantiation
2026-03-28T18:10:23.617261+00:00 SEV-2 WARN: test_p2f_db_engine.py — mock_usage:import
2026-03-28T18:10:23.617262+00:00 SEV-2 WARN: test_p3a_security.py — mock_usage:instantiation
2026-03-28T18:10:23.617262+00:00 SEV-2 WARN: test_p3a_security.py — mock_usage:import
2026-03-28T18:10:23.617264+00:00 SEV-2 WARN: test_parallel_orchestrator.py — mock_usage:import
2026-03-28T18:10:23.617265+00:00 SEV-2 WARN: test_persona_seed.py — mock_usage:instantiation
2026-03-28T18:10:23.617265+00:00 SEV-2 WARN: test_persona_seed.py — mock_usage:import
2026-03-28T18:10:23.617266+00:00 SEV-2 WARN: test_personaforge_client.py — mock_usage:instantiation
2026-03-28T18:10:23.617268+00:00 SEV-2 WARN: test_personaforge_client.py — mock_usage:import
2026-03-28T18:10:23.617269+00:00 SEV-2 WARN: test_pg_migration.py — silent_pass:test_pdf_download_name_contains_id
2026-03-28T18:10:23.617270+00:00 SEV-2 WARN: test_pg_migration.py — mock_usage:instantiation
2026-03-28T18:10:51.083550+00:00 SEV-2 WARN: test_deep_profile_staleness.py — silent_pass:test_status_200_has_required_fields
2026-03-28T18:10:51.083555+00:00 SEV-2 WARN: test_deep_profile_staleness.py — mock_usage:import
2026-03-28T18:10:51.083557+00:00 SEV-2 WARN: test_feedback_loop.py — silent_pass:test_correlations_200_has_required_fields
2026-03-28T18:10:51.083558+00:00 SEV-2 WARN: test_feedback_loop.py — silent_pass:test_feedback_summary_200_has_counts
2026-03-28T18:10:51.083559+00:00 SEV-2 WARN: test_feedback_loop.py — mock_usage:import
2026-03-28T18:10:51.083560+00:00 SEV-2 WARN: test_feedback_loop.py — mock_usage:instantiation
2026-03-28T18:10:51.083561+00:00 SEV-2 WARN: test_graph_traceability.py — silent_pass:test_coverage_200_has_required_fields
2026-03-28T18:10:51.083562+00:00 SEV-2 WARN: test_graph_traceability.py — silent_pass:test_coverage_pct_between_0_and_100
2026-03-28T18:10:51.083563+00:00 SEV-2 WARN: test_graph_traceability.py — mock_usage:import
2026-03-28T18:10:51.083563+00:00 SEV-2 WARN: test_graph_traceability.py — mock_usage:instantiation
2026-03-28T18:10:51.083564+00:00 SEV-2 WARN: test_linkedin_narrative_regen.py — mock_usage:import
2026-03-28T18:10:51.083565+00:00 SEV-2 WARN: test_ml_feedback_loop.py — mock_usage:import
2026-03-28T18:10:51.083566+00:00 SEV-2 WARN: test_ml_feedback_loop.py — mock_usage:instantiation
2026-03-28T18:10:51.083567+00:00 SEV-2 WARN: test_p0b_ftal_integration.py — mock_usage:import
2026-03-28T18:10:51.083568+00:00 SEV-2 WARN: test_p0b_ftal_integration.py — mock_usage:instantiation
2026-03-28T18:10:51.083569+00:00 SEV-2 WARN: test_p1a_sqlite_hardening.py — mock_usage:import
2026-03-28T18:10:51.083569+00:00 SEV-2 WARN: test_p2f_db_engine.py — mock_usage:import
2026-03-28T18:10:51.083570+00:00 SEV-2 WARN: test_p2f_db_engine.py — mock_usage:instantiation
2026-03-28T18:10:51.083571+00:00 SEV-2 WARN: test_p3a_security.py — mock_usage:import
2026-03-28T18:10:51.083572+00:00 SEV-2 WARN: test_p3a_security.py — mock_usage:instantiation
2026-03-28T18:10:51.083573+00:00 SEV-2 WARN: test_parallel_orchestrator.py — mock_usage:import
2026-03-28T18:10:51.083574+00:00 SEV-2 WARN: test_persona_seed.py — mock_usage:import
2026-03-28T18:10:51.083574+00:00 SEV-2 WARN: test_persona_seed.py — mock_usage:instantiation
2026-03-28T18:10:51.083575+00:00 SEV-2 WARN: test_personaforge_client.py — mock_usage:import
2026-03-28T18:10:51.083576+00:00 SEV-2 WARN: test_personaforge_client.py — mock_usage:instantiation
2026-03-28T18:10:51.083577+00:00 SEV-2 WARN: test_pg_migration.py — silent_pass:test_pdf_download_name_contains_id
2026-03-28T18:10:51.083578+00:00 SEV-2 WARN: test_pg_migration.py — mock_usage:instantiation
2026-03-28T18:10:51.868591+00:00 SEV-2 WARN: test_deep_profile_staleness.py — silent_pass:test_status_200_has_required_fields
2026-03-28T18:10:51.868595+00:00 SEV-2 WARN: test_deep_profile_staleness.py — mock_usage:import
2026-03-28T18:10:51.868597+00:00 SEV-2 WARN: test_feedback_loop.py — silent_pass:test_correlations_200_has_required_fields
2026-03-28T18:10:51.868598+00:00 SEV-2 WARN: test_feedback_loop.py — silent_pass:test_feedback_summary_200_has_counts
2026-03-28T18:10:51.868599+00:00 SEV-2 WARN: test_feedback_loop.py — mock_usage:instantiation
2026-03-28T18:10:51.868599+00:00 SEV-2 WARN: test_feedback_loop.py — mock_usage:import
2026-03-28T18:10:51.868600+00:00 SEV-2 WARN: test_graph_traceability.py — silent_pass:test_coverage_200_has_required_fields
2026-03-28T18:10:51.868601+00:00 SEV-2 WARN: test_graph_traceability.py — silent_pass:test_coverage_pct_between_0_and_100
2026-03-28T18:10:51.868602+00:00 SEV-2 WARN: test_graph_traceability.py — mock_usage:instantiation
2026-03-28T18:10:51.868603+00:00 SEV-2 WARN: test_graph_traceability.py — mock_usage:import
2026-03-28T18:10:51.868604+00:00 SEV-2 WARN: test_linkedin_narrative_regen.py — mock_usage:import
2026-03-28T18:10:51.868605+00:00 SEV-2 WARN: test_ml_feedback_loop.py — mock_usage:instantiation
2026-03-28T18:10:51.868605+00:00 SEV-2 WARN: test_ml_feedback_loop.py — mock_usage:import
2026-03-28T18:10:51.868606+00:00 SEV-2 WARN: test_p0b_ftal_integration.py — mock_usage:instantiation
2026-03-28T18:10:51.868607+00:00 SEV-2 WARN: test_p0b_ftal_integration.py — mock_usage:import
2026-03-28T18:10:51.868608+00:00 SEV-2 WARN: test_p1a_sqlite_hardening.py — mock_usage:import
2026-03-28T18:10:51.868608+00:00 SEV-2 WARN: test_p2f_db_engine.py — mock_usage:instantiation
2026-03-28T18:10:51.868609+00:00 SEV-2 WARN: test_p2f_db_engine.py — mock_usage:import
2026-03-28T18:10:51.868610+00:00 SEV-2 WARN: test_p3a_security.py — mock_usage:instantiation
2026-03-28T18:10:51.868611+00:00 SEV-2 WARN: test_p3a_security.py — mock_usage:import
2026-03-28T18:10:51.868612+00:00 SEV-2 WARN: test_parallel_orchestrator.py — mock_usage:import
2026-03-28T18:10:51.868613+00:00 SEV-2 WARN: test_persona_seed.py — mock_usage:instantiation
2026-03-28T18:10:51.868613+00:00 SEV-2 WARN: test_persona_seed.py — mock_usage:import
2026-03-28T18:10:51.868614+00:00 SEV-2 WARN: test_personaforge_client.py — mock_usage:instantiation
2026-03-28T18:10:51.868615+00:00 SEV-2 WARN: test_personaforge_client.py — mock_usage:import
2026-03-28T18:10:51.868616+00:00 SEV-2 WARN: test_pg_migration.py — silent_pass:test_pdf_download_name_contains_id
2026-03-28T18:10:51.868617+00:00 SEV-2 WARN: test_pg_migration.py — mock_usage:instantiation
2026-03-29T21:28:53.068728+00:00 SEV-2 WARN: test_deep_profile_staleness.py — silent_pass:test_status_200_has_required_fields
2026-03-29T21:28:53.068733+00:00 SEV-2 WARN: test_deep_profile_staleness.py — mock_usage:import
2026-03-29T21:28:53.068734+00:00 SEV-2 WARN: test_enforcement.py — mock_usage:import
2026-03-29T21:28:53.068736+00:00 SEV-2 WARN: test_feedback_loop.py — silent_pass:test_correlations_200_has_required_fields
2026-03-29T21:28:53.068737+00:00 SEV-2 WARN: test_feedback_loop.py — silent_pass:test_feedback_summary_200_has_counts
2026-03-29T21:28:53.068738+00:00 SEV-2 WARN: test_feedback_loop.py — mock_usage:import
2026-03-29T21:28:53.068739+00:00 SEV-2 WARN: test_feedback_loop.py — mock_usage:instantiation
2026-03-29T21:28:53.068740+00:00 SEV-2 WARN: test_graph_traceability.py — silent_pass:test_coverage_200_has_required_fields
2026-03-29T21:28:53.068741+00:00 SEV-2 WARN: test_graph_traceability.py — silent_pass:test_coverage_pct_between_0_and_100
2026-03-29T21:28:53.068742+00:00 SEV-2 WARN: test_graph_traceability.py — mock_usage:import
2026-03-29T21:28:53.068743+00:00 SEV-2 WARN: test_graph_traceability.py — mock_usage:instantiation
2026-03-29T21:28:53.068744+00:00 SEV-2 WARN: test_linkedin_narrative_regen.py — mock_usage:import
2026-03-29T21:28:53.068745+00:00 SEV-2 WARN: test_ml_feedback_loop.py — mock_usage:import
2026-03-29T21:28:53.068746+00:00 SEV-2 WARN: test_ml_feedback_loop.py — mock_usage:instantiation
2026-03-29T21:28:53.068746+00:00 SEV-2 WARN: test_p0b_ftal_integration.py — mock_usage:import
2026-03-29T21:28:53.068747+00:00 SEV-2 WARN: test_p0b_ftal_integration.py — mock_usage:instantiation
2026-03-29T21:28:53.068749+00:00 SEV-2 WARN: test_p1a_sqlite_hardening.py — mock_usage:import
2026-03-29T21:28:53.068749+00:00 SEV-2 WARN: test_p2f_db_engine.py — mock_usage:import
2026-03-29T21:28:53.068751+00:00 SEV-2 WARN: test_p2f_db_engine.py — mock_usage:instantiation
2026-03-29T21:28:53.068752+00:00 SEV-2 WARN: test_p3a_security.py — mock_usage:import
2026-03-29T21:28:53.068753+00:00 SEV-2 WARN: test_p3a_security.py — mock_usage:instantiation
2026-03-29T21:28:53.068754+00:00 SEV-2 WARN: test_parallel_orchestrator.py — mock_usage:import
2026-03-29T21:28:53.068755+00:00 SEV-2 WARN: test_persona_seed.py — mock_usage:import
2026-03-29T21:28:53.068756+00:00 SEV-2 WARN: test_persona_seed.py — mock_usage:instantiation
2026-03-29T21:28:53.068757+00:00 SEV-2 WARN: test_personaforge_client.py — mock_usage:import
2026-03-29T21:28:53.068758+00:00 SEV-2 WARN: test_personaforge_client.py — mock_usage:instantiation
2026-03-29T21:28:53.068759+00:00 SEV-2 WARN: test_pg_migration.py — silent_pass:test_pdf_download_name_contains_id
2026-03-29T21:28:53.068760+00:00 SEV-2 WARN: test_pg_migration.py — mock_usage:instantiation
2026-03-29T21:28:53.068761+00:00 SEV-2 WARN: test_r2_low.py — mock_usage:import
2026-03-29T21:28:53.068762+00:00 SEV-2 WARN: test_r2_low.py — mock_usage:instantiation
2026-03-29T21:28:53.068763+00:00 SEV-2 WARN: test_r2_medium.py — mock_usage:import
2026-03-29T21:28:53.068764+00:00 SEV-2 WARN: test_r2_medium.py — mock_usage:instantiation
2026-03-29T21:28:53.068765+00:00 SEV-2 WARN: test_w1_teaching_injection.py — mock_usage:import
2026-03-29T21:28:53.068766+00:00 SEV-2 WARN: test_w6_ai_journey_source.py — mock_usage:import
2026-03-29T21:28:53.068767+00:00 SEV-2 WARN: test_w6_ai_journey_source.py — mock_usage:instantiation
2026-03-29T21:28:53.917630+00:00 SEV-2 WARN: test_deep_profile_staleness.py — silent_pass:test_status_200_has_required_fields
2026-03-29T21:28:53.917634+00:00 SEV-2 WARN: test_deep_profile_staleness.py — mock_usage:import
2026-03-29T21:28:53.917635+00:00 SEV-2 WARN: test_enforcement.py — mock_usage:import
2026-03-29T21:28:53.917637+00:00 SEV-2 WARN: test_feedback_loop.py — silent_pass:test_correlations_200_has_required_fields
2026-03-29T21:28:53.917638+00:00 SEV-2 WARN: test_feedback_loop.py — silent_pass:test_feedback_summary_200_has_counts
2026-03-29T21:28:53.917639+00:00 SEV-2 WARN: test_feedback_loop.py — mock_usage:import
2026-03-29T21:28:53.917640+00:00 SEV-2 WARN: test_feedback_loop.py — mock_usage:instantiation
2026-03-29T21:28:53.917640+00:00 SEV-2 WARN: test_graph_traceability.py — silent_pass:test_coverage_200_has_required_fields
2026-03-29T21:28:53.917641+00:00 SEV-2 WARN: test_graph_traceability.py — silent_pass:test_coverage_pct_between_0_and_100
2026-03-29T21:28:53.917642+00:00 SEV-2 WARN: test_graph_traceability.py — mock_usage:import
2026-03-29T21:28:53.917644+00:00 SEV-2 WARN: test_graph_traceability.py — mock_usage:instantiation
2026-03-29T21:28:53.917645+00:00 SEV-2 WARN: test_linkedin_narrative_regen.py — mock_usage:import
2026-03-29T21:28:53.917646+00:00 SEV-2 WARN: test_ml_feedback_loop.py — mock_usage:import
2026-03-29T21:28:53.917647+00:00 SEV-2 WARN: test_ml_feedback_loop.py — mock_usage:instantiation
2026-03-29T21:28:53.917648+00:00 SEV-2 WARN: test_p0b_ftal_integration.py — mock_usage:import
2026-03-29T21:28:53.917649+00:00 SEV-2 WARN: test_p0b_ftal_integration.py — mock_usage:instantiation
2026-03-29T21:28:53.917650+00:00 SEV-2 WARN: test_p1a_sqlite_hardening.py — mock_usage:import
2026-03-29T21:28:53.917651+00:00 SEV-2 WARN: test_p2f_db_engine.py — mock_usage:import
2026-03-29T21:28:53.917652+00:00 SEV-2 WARN: test_p2f_db_engine.py — mock_usage:instantiation
2026-03-29T21:28:53.917653+00:00 SEV-2 WARN: test_p3a_security.py — mock_usage:import
2026-03-29T21:28:53.917654+00:00 SEV-2 WARN: test_p3a_security.py — mock_usage:instantiation
2026-03-29T21:28:53.917655+00:00 SEV-2 WARN: test_parallel_orchestrator.py — mock_usage:import
2026-03-29T21:28:53.917656+00:00 SEV-2 WARN: test_persona_seed.py — mock_usage:import
2026-03-29T21:28:53.917657+00:00 SEV-2 WARN: test_persona_seed.py — mock_usage:instantiation
2026-03-29T21:28:53.917658+00:00 SEV-2 WARN: test_personaforge_client.py — mock_usage:import
2026-03-29T21:28:53.917659+00:00 SEV-2 WARN: test_personaforge_client.py — mock_usage:instantiation
2026-03-29T21:28:53.917660+00:00 SEV-2 WARN: test_pg_migration.py — silent_pass:test_pdf_download_name_contains_id
2026-03-29T21:28:53.917661+00:00 SEV-2 WARN: test_pg_migration.py — mock_usage:instantiation
2026-03-29T21:28:53.917662+00:00 SEV-2 WARN: test_r2_low.py — mock_usage:import
2026-03-29T21:28:53.917663+00:00 SEV-2 WARN: test_r2_low.py — mock_usage:instantiation
2026-03-29T21:28:53.917664+00:00 SEV-2 WARN: test_r2_medium.py — mock_usage:import
2026-03-29T21:28:53.917664+00:00 SEV-2 WARN: test_r2_medium.py — mock_usage:instantiation
2026-03-29T21:28:53.917665+00:00 SEV-2 WARN: test_w1_teaching_injection.py — mock_usage:import
2026-03-29T21:28:53.917666+00:00 SEV-2 WARN: test_w6_ai_journey_source.py — mock_usage:import
2026-03-29T21:28:53.917667+00:00 SEV-2 WARN: test_w6_ai_journey_source.py — mock_usage:instantiation
2026-03-29T21:28:54.624553+00:00 SEV-2 WARN: test_deep_profile_staleness.py — silent_pass:test_status_200_has_required_fields
2026-03-29T21:28:54.624558+00:00 SEV-2 WARN: test_deep_profile_staleness.py — mock_usage:import
2026-03-29T21:28:54.624559+00:00 SEV-2 WARN: test_enforcement.py — mock_usage:import
2026-03-29T21:28:54.624560+00:00 SEV-2 WARN: test_feedback_loop.py — silent_pass:test_correlations_200_has_required_fields
2026-03-29T21:28:54.624561+00:00 SEV-2 WARN: test_feedback_loop.py — silent_pass:test_feedback_summary_200_has_counts
2026-03-29T21:28:54.624562+00:00 SEV-2 WARN: test_feedback_loop.py — mock_usage:import
2026-03-29T21:28:54.624563+00:00 SEV-2 WARN: test_feedback_loop.py — mock_usage:instantiation
2026-03-29T21:28:54.624564+00:00 SEV-2 WARN: test_graph_traceability.py — silent_pass:test_coverage_200_has_required_fields
2026-03-29T21:28:54.624565+00:00 SEV-2 WARN: test_graph_traceability.py — silent_pass:test_coverage_pct_between_0_and_100
2026-03-29T21:28:54.624566+00:00 SEV-2 WARN: test_graph_traceability.py — mock_usage:import
2026-03-29T21:28:54.624567+00:00 SEV-2 WARN: test_graph_traceability.py — mock_usage:instantiation
2026-03-29T21:28:54.624568+00:00 SEV-2 WARN: test_linkedin_narrative_regen.py — mock_usage:import
2026-03-29T21:28:54.624569+00:00 SEV-2 WARN: test_ml_feedback_loop.py — mock_usage:import
2026-03-29T21:28:54.624570+00:00 SEV-2 WARN: test_ml_feedback_loop.py — mock_usage:instantiation
2026-03-29T21:28:54.624571+00:00 SEV-2 WARN: test_p0b_ftal_integration.py — mock_usage:import
2026-03-29T21:28:54.624572+00:00 SEV-2 WARN: test_p0b_ftal_integration.py — mock_usage:instantiation
2026-03-29T21:28:54.624573+00:00 SEV-2 WARN: test_p1a_sqlite_hardening.py — mock_usage:import
2026-03-29T21:28:54.624575+00:00 SEV-2 WARN: test_p2f_db_engine.py — mock_usage:import
2026-03-29T21:28:54.624576+00:00 SEV-2 WARN: test_p2f_db_engine.py — mock_usage:instantiation
2026-03-29T21:28:54.624576+00:00 SEV-2 WARN: test_p3a_security.py — mock_usage:import
2026-03-29T21:28:54.624577+00:00 SEV-2 WARN: test_p3a_security.py — mock_usage:instantiation
2026-03-29T21:28:54.624578+00:00 SEV-2 WARN: test_parallel_orchestrator.py — mock_usage:import
2026-03-29T21:28:54.624579+00:00 SEV-2 WARN: test_persona_seed.py — mock_usage:import
2026-03-29T21:28:54.624580+00:00 SEV-2 WARN: test_persona_seed.py — mock_usage:instantiation
2026-03-29T21:28:54.624581+00:00 SEV-2 WARN: test_personaforge_client.py — mock_usage:import
2026-03-29T21:28:54.624582+00:00 SEV-2 WARN: test_personaforge_client.py — mock_usage:instantiation
2026-03-29T21:28:54.624583+00:00 SEV-2 WARN: test_pg_migration.py — silent_pass:test_pdf_download_name_contains_id
2026-03-29T21:28:54.624584+00:00 SEV-2 WARN: test_pg_migration.py — mock_usage:instantiation
2026-03-29T21:28:54.624585+00:00 SEV-2 WARN: test_r2_low.py — mock_usage:import
2026-03-29T21:28:54.624586+00:00 SEV-2 WARN: test_r2_low.py — mock_usage:instantiation
2026-03-29T21:28:54.624587+00:00 SEV-2 WARN: test_r2_medium.py — mock_usage:import
2026-03-29T21:28:54.624588+00:00 SEV-2 WARN: test_r2_medium.py — mock_usage:instantiation
2026-03-29T21:28:54.624589+00:00 SEV-2 WARN: test_w1_teaching_injection.py — mock_usage:import
2026-03-29T21:28:54.624590+00:00 SEV-2 WARN: test_w6_ai_journey_source.py — mock_usage:import
2026-03-29T21:28:54.624591+00:00 SEV-2 WARN: test_w6_ai_journey_source.py — mock_usage:instantiation
2026-03-29T21:28:55.469108+00:00 SEV-2 WARN: test_deep_profile_staleness.py — silent_pass:test_status_200_has_required_fields
2026-03-29T21:28:55.469113+00:00 SEV-2 WARN: test_deep_profile_staleness.py — mock_usage:import
2026-03-29T21:28:55.469114+00:00 SEV-2 WARN: test_enforcement.py — mock_usage:import
2026-03-29T21:28:55.469115+00:00 SEV-2 WARN: test_feedback_loop.py — silent_pass:test_correlations_200_has_required_fields
2026-03-29T21:28:55.469116+00:00 SEV-2 WARN: test_feedback_loop.py — silent_pass:test_feedback_summary_200_has_counts
2026-03-29T21:28:55.469117+00:00 SEV-2 WARN: test_feedback_loop.py — mock_usage:import
2026-03-29T21:28:55.469118+00:00 SEV-2 WARN: test_feedback_loop.py — mock_usage:instantiation
2026-03-29T21:28:55.469119+00:00 SEV-2 WARN: test_graph_traceability.py — silent_pass:test_coverage_200_has_required_fields
2026-03-29T21:28:55.469120+00:00 SEV-2 WARN: test_graph_traceability.py — silent_pass:test_coverage_pct_between_0_and_100
2026-03-29T21:28:55.469121+00:00 SEV-2 WARN: test_graph_traceability.py — mock_usage:import
2026-03-29T21:28:55.469122+00:00 SEV-2 WARN: test_graph_traceability.py — mock_usage:instantiation
2026-03-29T21:28:55.469123+00:00 SEV-2 WARN: test_linkedin_narrative_regen.py — mock_usage:import
2026-03-29T21:28:55.469124+00:00 SEV-2 WARN: test_ml_feedback_loop.py — mock_usage:import
2026-03-29T21:28:55.469125+00:00 SEV-2 WARN: test_ml_feedback_loop.py — mock_usage:instantiation
2026-03-29T21:28:55.469126+00:00 SEV-2 WARN: test_p0b_ftal_integration.py — mock_usage:import
2026-03-29T21:28:55.469127+00:00 SEV-2 WARN: test_p0b_ftal_integration.py — mock_usage:instantiation
2026-03-29T21:28:55.469128+00:00 SEV-2 WARN: test_p1a_sqlite_hardening.py — mock_usage:import
2026-03-29T21:28:55.469129+00:00 SEV-2 WARN: test_p2f_db_engine.py — mock_usage:import
2026-03-29T21:28:55.469130+00:00 SEV-2 WARN: test_p2f_db_engine.py — mock_usage:instantiation
2026-03-29T21:28:55.469131+00:00 SEV-2 WARN: test_p3a_security.py — mock_usage:import
2026-03-29T21:28:55.469133+00:00 SEV-2 WARN: test_p3a_security.py — mock_usage:instantiation
2026-03-29T21:28:55.469134+00:00 SEV-2 WARN: test_parallel_orchestrator.py — mock_usage:import
2026-03-29T21:28:55.469134+00:00 SEV-2 WARN: test_persona_seed.py — mock_usage:import
2026-03-29T21:28:55.469135+00:00 SEV-2 WARN: test_persona_seed.py — mock_usage:instantiation
2026-03-29T21:28:55.469136+00:00 SEV-2 WARN: test_personaforge_client.py — mock_usage:import
2026-03-29T21:28:55.469137+00:00 SEV-2 WARN: test_personaforge_client.py — mock_usage:instantiation
2026-03-29T21:28:55.469138+00:00 SEV-2 WARN: test_pg_migration.py — silent_pass:test_pdf_download_name_contains_id
2026-03-29T21:28:55.469139+00:00 SEV-2 WARN: test_pg_migration.py — mock_usage:instantiation
2026-03-29T21:28:55.469140+00:00 SEV-2 WARN: test_r2_low.py — mock_usage:import
2026-03-29T21:28:55.469141+00:00 SEV-2 WARN: test_r2_low.py — mock_usage:instantiation
2026-03-29T21:28:55.469142+00:00 SEV-2 WARN: test_r2_medium.py — mock_usage:import
2026-03-29T21:28:55.469143+00:00 SEV-2 WARN: test_r2_medium.py — mock_usage:instantiation
2026-03-29T21:28:55.469144+00:00 SEV-2 WARN: test_w1_teaching_injection.py — mock_usage:import
2026-03-29T21:28:55.469145+00:00 SEV-2 WARN: test_w6_ai_journey_source.py — mock_usage:import
2026-03-29T21:28:55.469146+00:00 SEV-2 WARN: test_w6_ai_journey_source.py — mock_usage:instantiation
2026-03-29T21:28:57.077901+00:00 SEV-2 WARN: test_deep_profile_staleness.py — silent_pass:test_status_200_has_required_fields
2026-03-29T21:28:57.077907+00:00 SEV-2 WARN: test_deep_profile_staleness.py — mock_usage:import
2026-03-29T21:28:57.077909+00:00 SEV-2 WARN: test_enforcement.py — mock_usage:import
2026-03-29T21:28:57.077911+00:00 SEV-2 WARN: test_feedback_loop.py — silent_pass:test_correlations_200_has_required_fields
2026-03-29T21:28:57.077913+00:00 SEV-2 WARN: test_feedback_loop.py — silent_pass:test_feedback_summary_200_has_counts
2026-03-29T21:28:57.077915+00:00 SEV-2 WARN: test_feedback_loop.py — mock_usage:import
2026-03-29T21:28:57.077916+00:00 SEV-2 WARN: test_feedback_loop.py — mock_usage:instantiation
2026-03-29T21:28:57.077918+00:00 SEV-2 WARN: test_graph_traceability.py — silent_pass:test_coverage_200_has_required_fields
2026-03-29T21:28:57.077920+00:00 SEV-2 WARN: test_graph_traceability.py — silent_pass:test_coverage_pct_between_0_and_100
2026-03-29T21:28:57.077922+00:00 SEV-2 WARN: test_graph_traceability.py — mock_usage:import
2026-03-29T21:28:57.077924+00:00 SEV-2 WARN: test_graph_traceability.py — mock_usage:instantiation
2026-03-29T21:28:57.077925+00:00 SEV-2 WARN: test_linkedin_narrative_regen.py — mock_usage:import
2026-03-29T21:28:57.077927+00:00 SEV-2 WARN: test_ml_feedback_loop.py — mock_usage:import
2026-03-29T21:28:57.077929+00:00 SEV-2 WARN: test_ml_feedback_loop.py — mock_usage:instantiation
2026-03-29T21:28:57.077931+00:00 SEV-2 WARN: test_p0b_ftal_integration.py — mock_usage:import
2026-03-29T21:28:57.077932+00:00 SEV-2 WARN: test_p0b_ftal_integration.py — mock_usage:instantiation
2026-03-29T21:28:57.077934+00:00 SEV-2 WARN: test_p1a_sqlite_hardening.py — mock_usage:import
2026-03-29T21:28:57.077936+00:00 SEV-2 WARN: test_p2f_db_engine.py — mock_usage:import
2026-03-29T21:28:57.077938+00:00 SEV-2 WARN: test_p2f_db_engine.py — mock_usage:instantiation
2026-03-29T21:28:57.077940+00:00 SEV-2 WARN: test_p3a_security.py — mock_usage:import
2026-03-29T21:28:57.077941+00:00 SEV-2 WARN: test_p3a_security.py — mock_usage:instantiation
2026-03-29T21:28:57.077943+00:00 SEV-2 WARN: test_parallel_orchestrator.py — mock_usage:import
2026-03-29T21:28:57.077945+00:00 SEV-2 WARN: test_persona_seed.py — mock_usage:import
2026-03-29T21:28:57.077946+00:00 SEV-2 WARN: test_persona_seed.py — mock_usage:instantiation
2026-03-29T21:28:57.077948+00:00 SEV-2 WARN: test_personaforge_client.py — mock_usage:import
2026-03-29T21:28:57.077949+00:00 SEV-2 WARN: test_personaforge_client.py — mock_usage:instantiation
2026-03-29T21:28:57.077951+00:00 SEV-2 WARN: test_pg_migration.py — silent_pass:test_pdf_download_name_contains_id
2026-03-29T21:28:57.077952+00:00 SEV-2 WARN: test_pg_migration.py — mock_usage:instantiation
2026-03-29T21:28:57.077953+00:00 SEV-2 WARN: test_r2_low.py — mock_usage:import
2026-03-29T21:28:57.077955+00:00 SEV-2 WARN: test_r2_low.py — mock_usage:instantiation
2026-03-29T21:28:57.077956+00:00 SEV-2 WARN: test_r2_medium.py — mock_usage:import
2026-03-29T21:28:57.077958+00:00 SEV-2 WARN: test_r2_medium.py — mock_usage:instantiation
2026-03-29T21:28:57.077959+00:00 SEV-2 WARN: test_w1_teaching_injection.py — mock_usage:import
2026-03-29T21:28:57.077961+00:00 SEV-2 WARN: test_w6_ai_journey_source.py — mock_usage:import
2026-03-29T21:28:57.077962+00:00 SEV-2 WARN: test_w6_ai_journey_source.py — mock_usage:instantiation
2026-03-29T21:29:18.342666+00:00 SEV-2 WARN: test_deep_profile_staleness.py — silent_pass:test_status_200_has_required_fields
2026-03-29T21:29:18.342673+00:00 SEV-2 WARN: test_deep_profile_staleness.py — mock_usage:import
2026-03-29T21:29:18.342677+00:00 SEV-2 WARN: test_enforcement.py — mock_usage:import
2026-03-29T21:29:18.342679+00:00 SEV-2 WARN: test_feedback_loop.py — silent_pass:test_correlations_200_has_required_fields
2026-03-29T21:29:18.342681+00:00 SEV-2 WARN: test_feedback_loop.py — silent_pass:test_feedback_summary_200_has_counts
2026-03-29T21:29:18.342683+00:00 SEV-2 WARN: test_feedback_loop.py — mock_usage:instantiation
2026-03-29T21:29:18.342685+00:00 SEV-2 WARN: test_feedback_loop.py — mock_usage:import
2026-03-29T21:29:18.342686+00:00 SEV-2 WARN: test_graph_traceability.py — silent_pass:test_coverage_200_has_required_fields
2026-03-29T21:29:18.342688+00:00 SEV-2 WARN: test_graph_traceability.py — silent_pass:test_coverage_pct_between_0_and_100
2026-03-29T21:29:18.342690+00:00 SEV-2 WARN: test_graph_traceability.py — mock_usage:instantiation
2026-03-29T21:29:18.342691+00:00 SEV-2 WARN: test_graph_traceability.py — mock_usage:import
2026-03-29T21:29:18.342693+00:00 SEV-2 WARN: test_linkedin_narrative_regen.py — mock_usage:import
2026-03-29T21:29:18.342695+00:00 SEV-2 WARN: test_ml_feedback_loop.py — mock_usage:instantiation
2026-03-29T21:29:18.342698+00:00 SEV-2 WARN: test_ml_feedback_loop.py — mock_usage:import
2026-03-29T21:29:18.342699+00:00 SEV-2 WARN: test_p0b_ftal_integration.py — mock_usage:instantiation
2026-03-29T21:29:18.342701+00:00 SEV-2 WARN: test_p0b_ftal_integration.py — mock_usage:import
2026-03-29T21:29:18.342702+00:00 SEV-2 WARN: test_p1a_sqlite_hardening.py — mock_usage:import
2026-03-29T21:29:18.342704+00:00 SEV-2 WARN: test_p2f_db_engine.py — mock_usage:instantiation
2026-03-29T21:29:18.342706+00:00 SEV-2 WARN: test_p2f_db_engine.py — mock_usage:import
2026-03-29T21:29:18.342708+00:00 SEV-2 WARN: test_p3a_security.py — mock_usage:instantiation
2026-03-29T21:29:18.342709+00:00 SEV-2 WARN: test_p3a_security.py — mock_usage:import
2026-03-29T21:29:18.342711+00:00 SEV-2 WARN: test_parallel_orchestrator.py — mock_usage:import
2026-03-29T21:29:18.342713+00:00 SEV-2 WARN: test_persona_seed.py — mock_usage:instantiation
2026-03-29T21:29:18.342715+00:00 SEV-2 WARN: test_persona_seed.py — mock_usage:import
2026-03-29T21:29:18.342717+00:00 SEV-2 WARN: test_personaforge_client.py — mock_usage:instantiation
2026-03-29T21:29:18.342719+00:00 SEV-2 WARN: test_personaforge_client.py — mock_usage:import
2026-03-29T21:29:18.342721+00:00 SEV-2 WARN: test_pg_migration.py — silent_pass:test_pdf_download_name_contains_id
2026-03-29T21:29:18.342724+00:00 SEV-2 WARN: test_pg_migration.py — mock_usage:instantiation
2026-03-29T21:29:18.342726+00:00 SEV-2 WARN: test_r2_low.py — mock_usage:instantiation
2026-03-29T21:29:18.342727+00:00 SEV-2 WARN: test_r2_low.py — mock_usage:import
2026-03-29T21:29:18.342729+00:00 SEV-2 WARN: test_r2_medium.py — mock_usage:instantiation
2026-03-29T21:29:18.342731+00:00 SEV-2 WARN: test_r2_medium.py — mock_usage:import
2026-03-29T21:29:18.342733+00:00 SEV-2 WARN: test_w1_teaching_injection.py — mock_usage:import
2026-03-29T21:29:18.342734+00:00 SEV-2 WARN: test_w6_ai_journey_source.py — mock_usage:instantiation
2026-03-29T21:29:18.342736+00:00 SEV-2 WARN: test_w6_ai_journey_source.py — mock_usage:import
2026-03-29T21:29:19.704000+00:00 SEV-2 WARN: test_deep_profile_staleness.py — silent_pass:test_status_200_has_required_fields
2026-03-29T21:29:19.704006+00:00 SEV-2 WARN: test_deep_profile_staleness.py — mock_usage:import
2026-03-29T21:29:19.704009+00:00 SEV-2 WARN: test_enforcement.py — mock_usage:import
2026-03-29T21:29:19.704012+00:00 SEV-2 WARN: test_feedback_loop.py — silent_pass:test_correlations_200_has_required_fields
2026-03-29T21:29:19.704014+00:00 SEV-2 WARN: test_feedback_loop.py — silent_pass:test_feedback_summary_200_has_counts
2026-03-29T21:29:19.704016+00:00 SEV-2 WARN: test_feedback_loop.py — mock_usage:instantiation
2026-03-29T21:29:19.704018+00:00 SEV-2 WARN: test_feedback_loop.py — mock_usage:import
2026-03-29T21:29:19.704020+00:00 SEV-2 WARN: test_graph_traceability.py — silent_pass:test_coverage_200_has_required_fields
2026-03-29T21:29:19.704022+00:00 SEV-2 WARN: test_graph_traceability.py — silent_pass:test_coverage_pct_between_0_and_100
2026-03-29T21:29:19.704023+00:00 SEV-2 WARN: test_graph_traceability.py — mock_usage:instantiation
2026-03-29T21:29:19.704025+00:00 SEV-2 WARN: test_graph_traceability.py — mock_usage:import
2026-03-29T21:29:19.704027+00:00 SEV-2 WARN: test_linkedin_narrative_regen.py — mock_usage:import
2026-03-29T21:29:19.704029+00:00 SEV-2 WARN: test_ml_feedback_loop.py — mock_usage:instantiation
2026-03-29T21:29:19.704031+00:00 SEV-2 WARN: test_ml_feedback_loop.py — mock_usage:import
2026-03-29T21:29:19.704033+00:00 SEV-2 WARN: test_p0b_ftal_integration.py — mock_usage:instantiation
2026-03-29T21:29:19.704035+00:00 SEV-2 WARN: test_p0b_ftal_integration.py — mock_usage:import
2026-03-29T21:29:19.704037+00:00 SEV-2 WARN: test_p1a_sqlite_hardening.py — mock_usage:import
2026-03-29T21:29:19.704038+00:00 SEV-2 WARN: test_p2f_db_engine.py — mock_usage:instantiation
2026-03-29T21:29:19.704040+00:00 SEV-2 WARN: test_p2f_db_engine.py — mock_usage:import
2026-03-29T21:29:19.704042+00:00 SEV-2 WARN: test_p3a_security.py — mock_usage:instantiation
2026-03-29T21:29:19.704044+00:00 SEV-2 WARN: test_p3a_security.py — mock_usage:import
2026-03-29T21:29:19.704045+00:00 SEV-2 WARN: test_parallel_orchestrator.py — mock_usage:import
2026-03-29T21:29:19.704047+00:00 SEV-2 WARN: test_persona_seed.py — mock_usage:instantiation
2026-03-29T21:29:19.704049+00:00 SEV-2 WARN: test_persona_seed.py — mock_usage:import
2026-03-29T21:29:19.704051+00:00 SEV-2 WARN: test_personaforge_client.py — mock_usage:instantiation
2026-03-29T21:29:19.704053+00:00 SEV-2 WARN: test_personaforge_client.py — mock_usage:import
2026-03-29T21:29:19.704055+00:00 SEV-2 WARN: test_pg_migration.py — silent_pass:test_pdf_download_name_contains_id
2026-03-29T21:29:19.704056+00:00 SEV-2 WARN: test_pg_migration.py — mock_usage:instantiation
2026-03-29T21:29:19.704058+00:00 SEV-2 WARN: test_r2_low.py — mock_usage:instantiation
2026-03-29T21:29:19.704060+00:00 SEV-2 WARN: test_r2_low.py — mock_usage:import
2026-03-29T21:29:19.704061+00:00 SEV-2 WARN: test_r2_medium.py — mock_usage:instantiation
2026-03-29T21:29:19.704063+00:00 SEV-2 WARN: test_r2_medium.py — mock_usage:import
2026-03-29T21:29:19.704065+00:00 SEV-2 WARN: test_w1_teaching_injection.py — mock_usage:import
2026-03-29T21:29:19.704067+00:00 SEV-2 WARN: test_w6_ai_journey_source.py — mock_usage:instantiation
2026-03-29T21:29:19.704068+00:00 SEV-2 WARN: test_w6_ai_journey_source.py — mock_usage:import
2026-03-29T21:29:20.533776+00:00 SEV-2 WARN: test_deep_profile_staleness.py — silent_pass:test_status_200_has_required_fields
2026-03-29T21:29:20.533780+00:00 SEV-2 WARN: test_deep_profile_staleness.py — mock_usage:import
2026-03-29T21:29:20.533782+00:00 SEV-2 WARN: test_enforcement.py — mock_usage:import
2026-03-29T21:29:20.533783+00:00 SEV-2 WARN: test_feedback_loop.py — silent_pass:test_correlations_200_has_required_fields
2026-03-29T21:29:20.533784+00:00 SEV-2 WARN: test_feedback_loop.py — silent_pass:test_feedback_summary_200_has_counts
2026-03-29T21:29:20.533785+00:00 SEV-2 WARN: test_feedback_loop.py — mock_usage:instantiation
2026-03-29T21:29:20.533786+00:00 SEV-2 WARN: test_feedback_loop.py — mock_usage:import
2026-03-29T21:29:20.533787+00:00 SEV-2 WARN: test_graph_traceability.py — silent_pass:test_coverage_200_has_required_fields
2026-03-29T21:29:20.533788+00:00 SEV-2 WARN: test_graph_traceability.py — silent_pass:test_coverage_pct_between_0_and_100
2026-03-29T21:29:20.533789+00:00 SEV-2 WARN: test_graph_traceability.py — mock_usage:instantiation
2026-03-29T21:29:20.533790+00:00 SEV-2 WARN: test_graph_traceability.py — mock_usage:import
2026-03-29T21:29:20.533791+00:00 SEV-2 WARN: test_linkedin_narrative_regen.py — mock_usage:import
2026-03-29T21:29:20.533792+00:00 SEV-2 WARN: test_ml_feedback_loop.py — mock_usage:instantiation
2026-03-29T21:29:20.533793+00:00 SEV-2 WARN: test_ml_feedback_loop.py — mock_usage:import
2026-03-29T21:29:20.533794+00:00 SEV-2 WARN: test_p0b_ftal_integration.py — mock_usage:instantiation
2026-03-29T21:29:20.533795+00:00 SEV-2 WARN: test_p0b_ftal_integration.py — mock_usage:import
2026-03-29T21:29:20.533796+00:00 SEV-2 WARN: test_p1a_sqlite_hardening.py — mock_usage:import
2026-03-29T21:29:20.533797+00:00 SEV-2 WARN: test_p2f_db_engine.py — mock_usage:instantiation
2026-03-29T21:29:20.533798+00:00 SEV-2 WARN: test_p2f_db_engine.py — mock_usage:import
2026-03-29T21:29:20.533799+00:00 SEV-2 WARN: test_p3a_security.py — mock_usage:instantiation
2026-03-29T21:29:20.533800+00:00 SEV-2 WARN: test_p3a_security.py — mock_usage:import
2026-03-29T21:29:20.533801+00:00 SEV-2 WARN: test_parallel_orchestrator.py — mock_usage:import
2026-03-29T21:29:20.533802+00:00 SEV-2 WARN: test_persona_seed.py — mock_usage:instantiation
2026-03-29T21:29:20.533803+00:00 SEV-2 WARN: test_persona_seed.py — mock_usage:import
2026-03-29T21:29:20.533804+00:00 SEV-2 WARN: test_personaforge_client.py — mock_usage:instantiation
2026-03-29T21:29:20.533805+00:00 SEV-2 WARN: test_personaforge_client.py — mock_usage:import
2026-03-29T21:29:20.533806+00:00 SEV-2 WARN: test_pg_migration.py — silent_pass:test_pdf_download_name_contains_id
2026-03-29T21:29:20.533807+00:00 SEV-2 WARN: test_pg_migration.py — mock_usage:instantiation
2026-03-29T21:29:20.533808+00:00 SEV-2 WARN: test_r2_low.py — mock_usage:instantiation
2026-03-29T21:29:20.533809+00:00 SEV-2 WARN: test_r2_low.py — mock_usage:import
2026-03-29T21:29:20.533810+00:00 SEV-2 WARN: test_r2_medium.py — mock_usage:instantiation
2026-03-29T21:29:20.533811+00:00 SEV-2 WARN: test_r2_medium.py — mock_usage:import
2026-03-29T21:29:20.533812+00:00 SEV-2 WARN: test_w1_teaching_injection.py — mock_usage:import
2026-03-29T21:29:20.533813+00:00 SEV-2 WARN: test_w6_ai_journey_source.py — mock_usage:instantiation
2026-03-29T21:29:20.533814+00:00 SEV-2 WARN: test_w6_ai_journey_source.py — mock_usage:import
2026-03-29T21:29:21.712803+00:00 SEV-2 WARN: test_deep_profile_staleness.py — silent_pass:test_status_200_has_required_fields
2026-03-29T21:29:21.712810+00:00 SEV-2 WARN: test_deep_profile_staleness.py — mock_usage:import
2026-03-29T21:29:21.712812+00:00 SEV-2 WARN: test_enforcement.py — mock_usage:import
2026-03-29T21:29:21.712814+00:00 SEV-2 WARN: test_feedback_loop.py — silent_pass:test_correlations_200_has_required_fields
2026-03-29T21:29:21.712816+00:00 SEV-2 WARN: test_feedback_loop.py — silent_pass:test_feedback_summary_200_has_counts
2026-03-29T21:29:21.712818+00:00 SEV-2 WARN: test_feedback_loop.py — mock_usage:instantiation
2026-03-29T21:29:21.712820+00:00 SEV-2 WARN: test_feedback_loop.py — mock_usage:import
2026-03-29T21:29:21.712822+00:00 SEV-2 WARN: test_graph_traceability.py — silent_pass:test_coverage_200_has_required_fields
2026-03-29T21:29:21.712824+00:00 SEV-2 WARN: test_graph_traceability.py — silent_pass:test_coverage_pct_between_0_and_100
2026-03-29T21:29:21.712826+00:00 SEV-2 WARN: test_graph_traceability.py — mock_usage:instantiation
2026-03-29T21:29:21.712828+00:00 SEV-2 WARN: test_graph_traceability.py — mock_usage:import
2026-03-29T21:29:21.712829+00:00 SEV-2 WARN: test_linkedin_narrative_regen.py — mock_usage:import
2026-03-29T21:29:21.712831+00:00 SEV-2 WARN: test_ml_feedback_loop.py — mock_usage:instantiation
2026-03-29T21:29:21.712833+00:00 SEV-2 WARN: test_ml_feedback_loop.py — mock_usage:import
2026-03-29T21:29:21.712835+00:00 SEV-2 WARN: test_p0b_ftal_integration.py — mock_usage:instantiation
2026-03-29T21:29:21.712837+00:00 SEV-2 WARN: test_p0b_ftal_integration.py — mock_usage:import
2026-03-29T21:29:21.712839+00:00 SEV-2 WARN: test_p1a_sqlite_hardening.py — mock_usage:import
2026-03-29T21:29:21.712840+00:00 SEV-2 WARN: test_p2f_db_engine.py — mock_usage:instantiation
2026-03-29T21:29:21.712842+00:00 SEV-2 WARN: test_p2f_db_engine.py — mock_usage:import
2026-03-29T21:29:21.712843+00:00 SEV-2 WARN: test_p3a_security.py — mock_usage:instantiation
2026-03-29T21:29:21.712846+00:00 SEV-2 WARN: test_p3a_security.py — mock_usage:import
2026-03-29T21:29:21.712847+00:00 SEV-2 WARN: test_parallel_orchestrator.py — mock_usage:import
2026-03-29T21:29:21.712849+00:00 SEV-2 WARN: test_persona_seed.py — mock_usage:instantiation
2026-03-29T21:29:21.712851+00:00 SEV-2 WARN: test_persona_seed.py — mock_usage:import
2026-03-29T21:29:21.712853+00:00 SEV-2 WARN: test_personaforge_client.py — mock_usage:instantiation
2026-03-29T21:29:21.712855+00:00 SEV-2 WARN: test_personaforge_client.py — mock_usage:import
2026-03-29T21:29:21.712857+00:00 SEV-2 WARN: test_pg_migration.py — silent_pass:test_pdf_download_name_contains_id
2026-03-29T21:29:21.712859+00:00 SEV-2 WARN: test_pg_migration.py — mock_usage:instantiation
2026-03-29T21:29:21.712862+00:00 SEV-2 WARN: test_r2_low.py — mock_usage:instantiation
2026-03-29T21:29:21.712863+00:00 SEV-2 WARN: test_r2_low.py — mock_usage:import
2026-03-29T21:29:21.712865+00:00 SEV-2 WARN: test_r2_medium.py — mock_usage:instantiation
2026-03-29T21:29:21.712867+00:00 SEV-2 WARN: test_r2_medium.py — mock_usage:import
2026-03-29T21:29:21.712869+00:00 SEV-2 WARN: test_w1_teaching_injection.py — mock_usage:import
2026-03-29T21:29:21.712870+00:00 SEV-2 WARN: test_w6_ai_journey_source.py — mock_usage:instantiation
2026-03-29T21:29:21.712872+00:00 SEV-2 WARN: test_w6_ai_journey_source.py — mock_usage:import
2026-03-29T21:29:23.309062+00:00 SEV-2 WARN: test_deep_profile_staleness.py — silent_pass:test_status_200_has_required_fields
2026-03-29T21:29:23.309066+00:00 SEV-2 WARN: test_deep_profile_staleness.py — mock_usage:import
2026-03-29T21:29:23.309067+00:00 SEV-2 WARN: test_enforcement.py — mock_usage:import
2026-03-29T21:29:23.309068+00:00 SEV-2 WARN: test_feedback_loop.py — silent_pass:test_correlations_200_has_required_fields
2026-03-29T21:29:23.309069+00:00 SEV-2 WARN: test_feedback_loop.py — silent_pass:test_feedback_summary_200_has_counts
2026-03-29T21:29:23.309070+00:00 SEV-2 WARN: test_feedback_loop.py — mock_usage:instantiation
2026-03-29T21:29:23.309071+00:00 SEV-2 WARN: test_feedback_loop.py — mock_usage:import
2026-03-29T21:29:23.309073+00:00 SEV-2 WARN: test_graph_traceability.py — silent_pass:test_coverage_200_has_required_fields
2026-03-29T21:29:23.309073+00:00 SEV-2 WARN: test_graph_traceability.py — silent_pass:test_coverage_pct_between_0_and_100
2026-03-29T21:29:23.309074+00:00 SEV-2 WARN: test_graph_traceability.py — mock_usage:instantiation
2026-03-29T21:29:23.309076+00:00 SEV-2 WARN: test_graph_traceability.py — mock_usage:import
2026-03-29T21:29:23.309077+00:00 SEV-2 WARN: test_linkedin_narrative_regen.py — mock_usage:import
2026-03-29T21:29:23.309078+00:00 SEV-2 WARN: test_ml_feedback_loop.py — mock_usage:instantiation
2026-03-29T21:29:23.309079+00:00 SEV-2 WARN: test_ml_feedback_loop.py — mock_usage:import
2026-03-29T21:29:23.309079+00:00 SEV-2 WARN: test_p0b_ftal_integration.py — mock_usage:instantiation
2026-03-29T21:29:23.309080+00:00 SEV-2 WARN: test_p0b_ftal_integration.py — mock_usage:import
2026-03-29T21:29:23.309081+00:00 SEV-2 WARN: test_p1a_sqlite_hardening.py — mock_usage:import
2026-03-29T21:29:23.309082+00:00 SEV-2 WARN: test_p2f_db_engine.py — mock_usage:instantiation
2026-03-29T21:29:23.309083+00:00 SEV-2 WARN: test_p2f_db_engine.py — mock_usage:import
2026-03-29T21:29:23.309084+00:00 SEV-2 WARN: test_p3a_security.py — mock_usage:instantiation
2026-03-29T21:29:23.309085+00:00 SEV-2 WARN: test_p3a_security.py — mock_usage:import
2026-03-29T21:29:23.309086+00:00 SEV-2 WARN: test_parallel_orchestrator.py — mock_usage:import
2026-03-29T21:29:23.309087+00:00 SEV-2 WARN: test_persona_seed.py — mock_usage:instantiation
2026-03-29T21:29:23.309088+00:00 SEV-2 WARN: test_persona_seed.py — mock_usage:import
2026-03-29T21:29:23.309089+00:00 SEV-2 WARN: test_personaforge_client.py — mock_usage:instantiation
2026-03-29T21:29:23.309090+00:00 SEV-2 WARN: test_personaforge_client.py — mock_usage:import
2026-03-29T21:29:23.309091+00:00 SEV-2 WARN: test_pg_migration.py — silent_pass:test_pdf_download_name_contains_id
2026-03-29T21:29:23.309092+00:00 SEV-2 WARN: test_pg_migration.py — mock_usage:instantiation
2026-03-29T21:29:23.309093+00:00 SEV-2 WARN: test_r2_low.py — mock_usage:instantiation
2026-03-29T21:29:23.309094+00:00 SEV-2 WARN: test_r2_low.py — mock_usage:import
2026-03-29T21:29:23.309095+00:00 SEV-2 WARN: test_r2_medium.py — mock_usage:instantiation
2026-03-29T21:29:23.309096+00:00 SEV-2 WARN: test_r2_medium.py — mock_usage:import
2026-03-29T21:29:23.309097+00:00 SEV-2 WARN: test_w1_teaching_injection.py — mock_usage:import
2026-03-29T21:29:23.309097+00:00 SEV-2 WARN: test_w6_ai_journey_source.py — mock_usage:instantiation
2026-03-29T21:29:23.309098+00:00 SEV-2 WARN: test_w6_ai_journey_source.py — mock_usage:import
2026-03-29T21:30:45.008647+00:00 SEV-2 WARN: test_deep_profile_staleness.py — silent_pass:test_status_200_has_required_fields
2026-03-29T21:30:45.008652+00:00 SEV-2 WARN: test_deep_profile_staleness.py — mock_usage:import
2026-03-29T21:30:45.008654+00:00 SEV-2 WARN: test_enforcement.py — mock_usage:import
2026-03-29T21:30:45.008656+00:00 SEV-2 WARN: test_feedback_loop.py — silent_pass:test_correlations_200_has_required_fields
2026-03-29T21:30:45.008657+00:00 SEV-2 WARN: test_feedback_loop.py — silent_pass:test_feedback_summary_200_has_counts
2026-03-29T21:30:45.008658+00:00 SEV-2 WARN: test_feedback_loop.py — mock_usage:import
2026-03-29T21:30:45.008658+00:00 SEV-2 WARN: test_feedback_loop.py — mock_usage:instantiation
2026-03-29T21:30:45.008660+00:00 SEV-2 WARN: test_graph_traceability.py — silent_pass:test_coverage_200_has_required_fields
2026-03-29T21:30:45.008660+00:00 SEV-2 WARN: test_graph_traceability.py — silent_pass:test_coverage_pct_between_0_and_100
2026-03-29T21:30:45.008662+00:00 SEV-2 WARN: test_graph_traceability.py — mock_usage:import
2026-03-29T21:30:45.008662+00:00 SEV-2 WARN: test_graph_traceability.py — mock_usage:instantiation
2026-03-29T21:30:45.008663+00:00 SEV-2 WARN: test_linkedin_narrative_regen.py — mock_usage:import
2026-03-29T21:30:45.008664+00:00 SEV-2 WARN: test_ml_feedback_loop.py — mock_usage:import
2026-03-29T21:30:45.008665+00:00 SEV-2 WARN: test_ml_feedback_loop.py — mock_usage:instantiation
2026-03-29T21:30:45.008666+00:00 SEV-2 WARN: test_p0b_ftal_integration.py — mock_usage:import
2026-03-29T21:30:45.008667+00:00 SEV-2 WARN: test_p0b_ftal_integration.py — mock_usage:instantiation
2026-03-29T21:30:45.008668+00:00 SEV-2 WARN: test_p1a_sqlite_hardening.py — mock_usage:import
2026-03-29T21:30:45.008669+00:00 SEV-2 WARN: test_p2f_db_engine.py — mock_usage:import
2026-03-29T21:30:45.008670+00:00 SEV-2 WARN: test_p2f_db_engine.py — mock_usage:instantiation
2026-03-29T21:30:45.008671+00:00 SEV-2 WARN: test_p3a_security.py — mock_usage:import
2026-03-29T21:30:45.008672+00:00 SEV-2 WARN: test_p3a_security.py — mock_usage:instantiation
2026-03-29T21:30:45.008673+00:00 SEV-2 WARN: test_parallel_orchestrator.py — mock_usage:import
2026-03-29T21:30:45.008674+00:00 SEV-2 WARN: test_persona_seed.py — mock_usage:import
2026-03-29T21:30:45.008675+00:00 SEV-2 WARN: test_persona_seed.py — mock_usage:instantiation
2026-03-29T21:30:45.008676+00:00 SEV-2 WARN: test_personaforge_client.py — mock_usage:import
2026-03-29T21:30:45.008677+00:00 SEV-2 WARN: test_personaforge_client.py — mock_usage:instantiation
2026-03-29T21:30:45.008678+00:00 SEV-2 WARN: test_pg_migration.py — silent_pass:test_pdf_download_name_contains_id
2026-03-29T21:30:45.008679+00:00 SEV-2 WARN: test_pg_migration.py — mock_usage:instantiation
2026-03-29T21:30:45.008679+00:00 SEV-2 WARN: test_r2_low.py — mock_usage:import
2026-03-29T21:30:45.008680+00:00 SEV-2 WARN: test_r2_low.py — mock_usage:instantiation
2026-03-29T21:30:45.008681+00:00 SEV-2 WARN: test_r2_medium.py — mock_usage:import
2026-03-29T21:30:45.008682+00:00 SEV-2 WARN: test_r2_medium.py — mock_usage:instantiation
2026-03-29T21:30:45.008683+00:00 SEV-2 WARN: test_w1_teaching_injection.py — mock_usage:import
2026-03-29T21:30:45.008684+00:00 SEV-2 WARN: test_w6_ai_journey_source.py — mock_usage:import
2026-03-29T21:30:45.008686+00:00 SEV-2 WARN: test_w6_ai_journey_source.py — mock_usage:instantiation
2026-03-29T21:30:45.714646+00:00 SEV-2 WARN: test_deep_profile_staleness.py — silent_pass:test_status_200_has_required_fields
2026-03-29T21:30:45.714650+00:00 SEV-2 WARN: test_deep_profile_staleness.py — mock_usage:import
2026-03-29T21:30:45.714651+00:00 SEV-2 WARN: test_enforcement.py — mock_usage:import
2026-03-29T21:30:45.714652+00:00 SEV-2 WARN: test_feedback_loop.py — silent_pass:test_correlations_200_has_required_fields
2026-03-29T21:30:45.714653+00:00 SEV-2 WARN: test_feedback_loop.py — silent_pass:test_feedback_summary_200_has_counts
2026-03-29T21:30:45.714654+00:00 SEV-2 WARN: test_feedback_loop.py — mock_usage:import
2026-03-29T21:30:45.714655+00:00 SEV-2 WARN: test_feedback_loop.py — mock_usage:instantiation
2026-03-29T21:30:45.714657+00:00 SEV-2 WARN: test_graph_traceability.py — silent_pass:test_coverage_200_has_required_fields
2026-03-29T21:30:45.714657+00:00 SEV-2 WARN: test_graph_traceability.py — silent_pass:test_coverage_pct_between_0_and_100
2026-03-29T21:30:45.714658+00:00 SEV-2 WARN: test_graph_traceability.py — mock_usage:import
2026-03-29T21:30:45.714659+00:00 SEV-2 WARN: test_graph_traceability.py — mock_usage:instantiation
2026-03-29T21:30:45.714660+00:00 SEV-2 WARN: test_linkedin_narrative_regen.py — mock_usage:import
2026-03-29T21:30:45.714661+00:00 SEV-2 WARN: test_ml_feedback_loop.py — mock_usage:import
2026-03-29T21:30:45.714662+00:00 SEV-2 WARN: test_ml_feedback_loop.py — mock_usage:instantiation
2026-03-29T21:30:45.714663+00:00 SEV-2 WARN: test_p0b_ftal_integration.py — mock_usage:import
2026-03-29T21:30:45.714664+00:00 SEV-2 WARN: test_p0b_ftal_integration.py — mock_usage:instantiation
2026-03-29T21:30:45.714665+00:00 SEV-2 WARN: test_p1a_sqlite_hardening.py — mock_usage:import
2026-03-29T21:30:45.714666+00:00 SEV-2 WARN: test_p2f_db_engine.py — mock_usage:import
2026-03-29T21:30:45.714667+00:00 SEV-2 WARN: test_p2f_db_engine.py — mock_usage:instantiation
2026-03-29T21:30:45.714668+00:00 SEV-2 WARN: test_p3a_security.py — mock_usage:import
2026-03-29T21:30:45.714669+00:00 SEV-2 WARN: test_p3a_security.py — mock_usage:instantiation
2026-03-29T21:30:45.714670+00:00 SEV-2 WARN: test_parallel_orchestrator.py — mock_usage:import
2026-03-29T21:30:45.714671+00:00 SEV-2 WARN: test_persona_seed.py — mock_usage:import
2026-03-29T21:30:45.714672+00:00 SEV-2 WARN: test_persona_seed.py — mock_usage:instantiation
2026-03-29T21:30:45.714673+00:00 SEV-2 WARN: test_personaforge_client.py — mock_usage:import
2026-03-29T21:30:45.714674+00:00 SEV-2 WARN: test_personaforge_client.py — mock_usage:instantiation
2026-03-29T21:30:45.714675+00:00 SEV-2 WARN: test_pg_migration.py — silent_pass:test_pdf_download_name_contains_id
2026-03-29T21:30:45.714676+00:00 SEV-2 WARN: test_pg_migration.py — mock_usage:instantiation
2026-03-29T21:30:45.714676+00:00 SEV-2 WARN: test_r2_low.py — mock_usage:import
2026-03-29T21:30:45.714677+00:00 SEV-2 WARN: test_r2_low.py — mock_usage:instantiation
2026-03-29T21:30:45.714678+00:00 SEV-2 WARN: test_r2_medium.py — mock_usage:import
2026-03-29T21:30:45.714679+00:00 SEV-2 WARN: test_r2_medium.py — mock_usage:instantiation
2026-03-29T21:30:45.714680+00:00 SEV-2 WARN: test_w1_teaching_injection.py — mock_usage:import
2026-03-29T21:30:45.714681+00:00 SEV-2 WARN: test_w6_ai_journey_source.py — mock_usage:import
2026-03-29T21:30:45.714682+00:00 SEV-2 WARN: test_w6_ai_journey_source.py — mock_usage:instantiation
2026-03-29T21:30:46.587519+00:00 SEV-2 WARN: test_deep_profile_staleness.py — silent_pass:test_status_200_has_required_fields
2026-03-29T21:30:46.587523+00:00 SEV-2 WARN: test_deep_profile_staleness.py — mock_usage:import
2026-03-29T21:30:46.587524+00:00 SEV-2 WARN: test_enforcement.py — mock_usage:import
2026-03-29T21:30:46.587526+00:00 SEV-2 WARN: test_feedback_loop.py — silent_pass:test_correlations_200_has_required_fields
2026-03-29T21:30:46.587526+00:00 SEV-2 WARN: test_feedback_loop.py — silent_pass:test_feedback_summary_200_has_counts
2026-03-29T21:30:46.587527+00:00 SEV-2 WARN: test_feedback_loop.py — mock_usage:import
2026-03-29T21:30:46.587529+00:00 SEV-2 WARN: test_feedback_loop.py — mock_usage:instantiation
2026-03-29T21:30:46.587529+00:00 SEV-2 WARN: test_graph_traceability.py — silent_pass:test_coverage_200_has_required_fields
2026-03-29T21:30:46.587530+00:00 SEV-2 WARN: test_graph_traceability.py — silent_pass:test_coverage_pct_between_0_and_100
2026-03-29T21:30:46.587531+00:00 SEV-2 WARN: test_graph_traceability.py — mock_usage:import
2026-03-29T21:30:46.587532+00:00 SEV-2 WARN: test_graph_traceability.py — mock_usage:instantiation
2026-03-29T21:30:46.587534+00:00 SEV-2 WARN: test_linkedin_narrative_regen.py — mock_usage:import
2026-03-29T21:30:46.587534+00:00 SEV-2 WARN: test_ml_feedback_loop.py — mock_usage:import
2026-03-29T21:30:46.587535+00:00 SEV-2 WARN: test_ml_feedback_loop.py — mock_usage:instantiation
2026-03-29T21:30:46.587536+00:00 SEV-2 WARN: test_p0b_ftal_integration.py — mock_usage:import
2026-03-29T21:30:46.587537+00:00 SEV-2 WARN: test_p0b_ftal_integration.py — mock_usage:instantiation
2026-03-29T21:30:46.587539+00:00 SEV-2 WARN: test_p1a_sqlite_hardening.py — mock_usage:import
2026-03-29T21:30:46.587540+00:00 SEV-2 WARN: test_p2f_db_engine.py — mock_usage:import
2026-03-29T21:30:46.587541+00:00 SEV-2 WARN: test_p2f_db_engine.py — mock_usage:instantiation
2026-03-29T21:30:46.587541+00:00 SEV-2 WARN: test_p3a_security.py — mock_usage:import
2026-03-29T21:30:46.587542+00:00 SEV-2 WARN: test_p3a_security.py — mock_usage:instantiation
2026-03-29T21:30:46.587543+00:00 SEV-2 WARN: test_parallel_orchestrator.py — mock_usage:import
2026-03-29T21:30:46.587544+00:00 SEV-2 WARN: test_persona_seed.py — mock_usage:import
2026-03-29T21:30:46.587545+00:00 SEV-2 WARN: test_persona_seed.py — mock_usage:instantiation
2026-03-29T21:30:46.587546+00:00 SEV-2 WARN: test_personaforge_client.py — mock_usage:import
2026-03-29T21:30:46.587547+00:00 SEV-2 WARN: test_personaforge_client.py — mock_usage:instantiation
2026-03-29T21:30:46.587548+00:00 SEV-2 WARN: test_pg_migration.py — silent_pass:test_pdf_download_name_contains_id
2026-03-29T21:30:46.587549+00:00 SEV-2 WARN: test_pg_migration.py — mock_usage:instantiation
2026-03-29T21:30:46.587550+00:00 SEV-2 WARN: test_r2_low.py — mock_usage:import
2026-03-29T21:30:46.587550+00:00 SEV-2 WARN: test_r2_low.py — mock_usage:instantiation
2026-03-29T21:30:46.587551+00:00 SEV-2 WARN: test_r2_medium.py — mock_usage:import
2026-03-29T21:30:46.587552+00:00 SEV-2 WARN: test_r2_medium.py — mock_usage:instantiation
2026-03-29T21:30:46.587553+00:00 SEV-2 WARN: test_w1_teaching_injection.py — mock_usage:import
2026-03-29T21:30:46.587554+00:00 SEV-2 WARN: test_w6_ai_journey_source.py — mock_usage:import
2026-03-29T21:30:46.587555+00:00 SEV-2 WARN: test_w6_ai_journey_source.py — mock_usage:instantiation
2026-03-29T21:30:47.374094+00:00 SEV-2 WARN: test_deep_profile_staleness.py — silent_pass:test_status_200_has_required_fields
2026-03-29T21:30:47.374101+00:00 SEV-2 WARN: test_deep_profile_staleness.py — mock_usage:import
2026-03-29T21:30:47.374103+00:00 SEV-2 WARN: test_enforcement.py — mock_usage:import
2026-03-29T21:30:47.374105+00:00 SEV-2 WARN: test_feedback_loop.py — silent_pass:test_correlations_200_has_required_fields
2026-03-29T21:30:47.374107+00:00 SEV-2 WARN: test_feedback_loop.py — silent_pass:test_feedback_summary_200_has_counts
2026-03-29T21:30:47.374109+00:00 SEV-2 WARN: test_feedback_loop.py — mock_usage:import
2026-03-29T21:30:47.374111+00:00 SEV-2 WARN: test_feedback_loop.py — mock_usage:instantiation
2026-03-29T21:30:47.374112+00:00 SEV-2 WARN: test_graph_traceability.py — silent_pass:test_coverage_200_has_required_fields
2026-03-29T21:30:47.374114+00:00 SEV-2 WARN: test_graph_traceability.py — silent_pass:test_coverage_pct_between_0_and_100
2026-03-29T21:30:47.374116+00:00 SEV-2 WARN: test_graph_traceability.py — mock_usage:import
2026-03-29T21:30:47.374118+00:00 SEV-2 WARN: test_graph_traceability.py — mock_usage:instantiation
2026-03-29T21:30:47.374119+00:00 SEV-2 WARN: test_linkedin_narrative_regen.py — mock_usage:import
2026-03-29T21:30:47.374121+00:00 SEV-2 WARN: test_ml_feedback_loop.py — mock_usage:import
2026-03-29T21:30:47.374123+00:00 SEV-2 WARN: test_ml_feedback_loop.py — mock_usage:instantiation
2026-03-29T21:30:47.374124+00:00 SEV-2 WARN: test_p0b_ftal_integration.py — mock_usage:import
2026-03-29T21:30:47.374126+00:00 SEV-2 WARN: test_p0b_ftal_integration.py — mock_usage:instantiation
2026-03-29T21:30:47.374128+00:00 SEV-2 WARN: test_p1a_sqlite_hardening.py — mock_usage:import
2026-03-29T21:30:47.374130+00:00 SEV-2 WARN: test_p2f_db_engine.py — mock_usage:import
2026-03-29T21:30:47.374131+00:00 SEV-2 WARN: test_p2f_db_engine.py — mock_usage:instantiation
2026-03-29T21:30:47.374133+00:00 SEV-2 WARN: test_p3a_security.py — mock_usage:import
2026-03-29T21:30:47.374135+00:00 SEV-2 WARN: test_p3a_security.py — mock_usage:instantiation
2026-03-29T21:30:47.374136+00:00 SEV-2 WARN: test_parallel_orchestrator.py — mock_usage:import
2026-03-29T21:30:47.374138+00:00 SEV-2 WARN: test_persona_seed.py — mock_usage:import
2026-03-29T21:30:47.374140+00:00 SEV-2 WARN: test_persona_seed.py — mock_usage:instantiation
2026-03-29T21:30:47.374141+00:00 SEV-2 WARN: test_personaforge_client.py — mock_usage:import
2026-03-29T21:30:47.374143+00:00 SEV-2 WARN: test_personaforge_client.py — mock_usage:instantiation
2026-03-29T21:30:47.374145+00:00 SEV-2 WARN: test_pg_migration.py — silent_pass:test_pdf_download_name_contains_id
2026-03-29T21:30:47.374147+00:00 SEV-2 WARN: test_pg_migration.py — mock_usage:instantiation
2026-03-29T21:30:47.374148+00:00 SEV-2 WARN: test_r2_low.py — mock_usage:import
2026-03-29T21:30:47.374150+00:00 SEV-2 WARN: test_r2_low.py — mock_usage:instantiation
2026-03-29T21:30:47.374152+00:00 SEV-2 WARN: test_r2_medium.py — mock_usage:import
2026-03-29T21:30:47.374153+00:00 SEV-2 WARN: test_r2_medium.py — mock_usage:instantiation
2026-03-29T21:30:47.374155+00:00 SEV-2 WARN: test_w1_teaching_injection.py — mock_usage:import
2026-03-29T21:30:47.374157+00:00 SEV-2 WARN: test_w6_ai_journey_source.py — mock_usage:import
2026-03-29T21:30:47.374159+00:00 SEV-2 WARN: test_w6_ai_journey_source.py — mock_usage:instantiation
2026-03-29T21:30:49.321627+00:00 SEV-2 WARN: test_deep_profile_staleness.py — silent_pass:test_status_200_has_required_fields
2026-03-29T21:30:49.321631+00:00 SEV-2 WARN: test_deep_profile_staleness.py — mock_usage:import
2026-03-29T21:30:49.321633+00:00 SEV-2 WARN: test_enforcement.py — mock_usage:import
2026-03-29T21:30:49.321634+00:00 SEV-2 WARN: test_feedback_loop.py — silent_pass:test_correlations_200_has_required_fields
2026-03-29T21:30:49.321635+00:00 SEV-2 WARN: test_feedback_loop.py — silent_pass:test_feedback_summary_200_has_counts
2026-03-29T21:30:49.321636+00:00 SEV-2 WARN: test_feedback_loop.py — mock_usage:import
2026-03-29T21:30:49.321637+00:00 SEV-2 WARN: test_feedback_loop.py — mock_usage:instantiation
2026-03-29T21:30:49.321638+00:00 SEV-2 WARN: test_graph_traceability.py — silent_pass:test_coverage_200_has_required_fields
2026-03-29T21:30:49.321639+00:00 SEV-2 WARN: test_graph_traceability.py — silent_pass:test_coverage_pct_between_0_and_100
2026-03-29T21:30:49.321640+00:00 SEV-2 WARN: test_graph_traceability.py — mock_usage:import
2026-03-29T21:30:49.321641+00:00 SEV-2 WARN: test_graph_traceability.py — mock_usage:instantiation
2026-03-29T21:30:49.321642+00:00 SEV-2 WARN: test_linkedin_narrative_regen.py — mock_usage:import
2026-03-29T21:30:49.321644+00:00 SEV-2 WARN: test_ml_feedback_loop.py — mock_usage:import
2026-03-29T21:30:49.321645+00:00 SEV-2 WARN: test_ml_feedback_loop.py — mock_usage:instantiation
2026-03-29T21:30:49.321646+00:00 SEV-2 WARN: test_p0b_ftal_integration.py — mock_usage:import
2026-03-29T21:30:49.321647+00:00 SEV-2 WARN: test_p0b_ftal_integration.py — mock_usage:instantiation
2026-03-29T21:30:49.321648+00:00 SEV-2 WARN: test_p1a_sqlite_hardening.py — mock_usage:import
2026-03-29T21:30:49.321649+00:00 SEV-2 WARN: test_p2f_db_engine.py — mock_usage:import
2026-03-29T21:30:49.321650+00:00 SEV-2 WARN: test_p2f_db_engine.py — mock_usage:instantiation
2026-03-29T21:30:49.321651+00:00 SEV-2 WARN: test_p3a_security.py — mock_usage:import
2026-03-29T21:30:49.321652+00:00 SEV-2 WARN: test_p3a_security.py — mock_usage:instantiation
2026-03-29T21:30:49.321653+00:00 SEV-2 WARN: test_parallel_orchestrator.py — mock_usage:import
2026-03-29T21:30:49.321654+00:00 SEV-2 WARN: test_persona_seed.py — mock_usage:import
2026-03-29T21:30:49.321655+00:00 SEV-2 WARN: test_persona_seed.py — mock_usage:instantiation
2026-03-29T21:30:49.321656+00:00 SEV-2 WARN: test_personaforge_client.py — mock_usage:import
2026-03-29T21:30:49.321657+00:00 SEV-2 WARN: test_personaforge_client.py — mock_usage:instantiation
2026-03-29T21:30:49.321658+00:00 SEV-2 WARN: test_pg_migration.py — silent_pass:test_pdf_download_name_contains_id
2026-03-29T21:30:49.321659+00:00 SEV-2 WARN: test_pg_migration.py — mock_usage:instantiation
2026-03-29T21:30:49.321660+00:00 SEV-2 WARN: test_r2_low.py — mock_usage:import
2026-03-29T21:30:49.321661+00:00 SEV-2 WARN: test_r2_low.py — mock_usage:instantiation
2026-03-29T21:30:49.321662+00:00 SEV-2 WARN: test_r2_medium.py — mock_usage:import
2026-03-29T21:30:49.321663+00:00 SEV-2 WARN: test_r2_medium.py — mock_usage:instantiation
2026-03-29T21:30:49.321664+00:00 SEV-2 WARN: test_w1_teaching_injection.py — mock_usage:import
2026-03-29T21:30:49.321665+00:00 SEV-2 WARN: test_w6_ai_journey_source.py — mock_usage:import
2026-03-29T21:30:49.321666+00:00 SEV-2 WARN: test_w6_ai_journey_source.py — mock_usage:instantiation
2026-03-29T21:36:21.527550+00:00 SEV-2 WARN: test_deep_profile_staleness.py — silent_pass:test_status_200_has_required_fields
2026-03-29T21:36:21.527556+00:00 SEV-2 WARN: test_deep_profile_staleness.py — mock_usage:import
2026-03-29T21:36:21.527558+00:00 SEV-2 WARN: test_enforcement.py — mock_usage:import
2026-03-29T21:36:21.527559+00:00 SEV-2 WARN: test_feedback_loop.py — silent_pass:test_correlations_200_has_required_fields
2026-03-29T21:36:21.527560+00:00 SEV-2 WARN: test_feedback_loop.py — silent_pass:test_feedback_summary_200_has_counts
2026-03-29T21:36:21.527561+00:00 SEV-2 WARN: test_feedback_loop.py — mock_usage:instantiation
2026-03-29T21:36:21.527562+00:00 SEV-2 WARN: test_feedback_loop.py — mock_usage:import
2026-03-29T21:36:21.527563+00:00 SEV-2 WARN: test_graph_traceability.py — silent_pass:test_coverage_200_has_required_fields
2026-03-29T21:36:21.527564+00:00 SEV-2 WARN: test_graph_traceability.py — silent_pass:test_coverage_pct_between_0_and_100
2026-03-29T21:36:21.527565+00:00 SEV-2 WARN: test_graph_traceability.py — mock_usage:instantiation
2026-03-29T21:36:21.527566+00:00 SEV-2 WARN: test_graph_traceability.py — mock_usage:import
2026-03-29T21:36:21.527567+00:00 SEV-2 WARN: test_linkedin_narrative_regen.py — mock_usage:import
2026-03-29T21:36:21.527568+00:00 SEV-2 WARN: test_ml_feedback_loop.py — mock_usage:instantiation
2026-03-29T21:36:21.527569+00:00 SEV-2 WARN: test_ml_feedback_loop.py — mock_usage:import
2026-03-29T21:36:21.527570+00:00 SEV-2 WARN: test_p0b_ftal_integration.py — mock_usage:instantiation
2026-03-29T21:36:21.527571+00:00 SEV-2 WARN: test_p0b_ftal_integration.py — mock_usage:import
2026-03-29T21:36:21.527572+00:00 SEV-2 WARN: test_p1a_sqlite_hardening.py — mock_usage:import
2026-03-29T21:36:21.527573+00:00 SEV-2 WARN: test_p2f_db_engine.py — mock_usage:instantiation
2026-03-29T21:36:21.527574+00:00 SEV-2 WARN: test_p2f_db_engine.py — mock_usage:import
2026-03-29T21:36:21.527575+00:00 SEV-2 WARN: test_p3a_security.py — mock_usage:instantiation
2026-03-29T21:36:21.527576+00:00 SEV-2 WARN: test_p3a_security.py — mock_usage:import
2026-03-29T21:36:21.527577+00:00 SEV-2 WARN: test_parallel_orchestrator.py — mock_usage:import
2026-03-29T21:36:21.527578+00:00 SEV-2 WARN: test_persona_seed.py — mock_usage:instantiation
2026-03-29T21:36:21.527579+00:00 SEV-2 WARN: test_persona_seed.py — mock_usage:import
2026-03-29T21:36:21.527579+00:00 SEV-2 WARN: test_personaforge_client.py — mock_usage:instantiation
2026-03-29T21:36:21.527581+00:00 SEV-2 WARN: test_personaforge_client.py — mock_usage:import
2026-03-29T21:36:21.527582+00:00 SEV-2 WARN: test_pg_migration.py — silent_pass:test_pdf_download_name_contains_id
2026-03-29T21:36:21.527583+00:00 SEV-2 WARN: test_pg_migration.py — mock_usage:instantiation
2026-03-29T21:36:21.527584+00:00 SEV-2 WARN: test_r2_low.py — mock_usage:instantiation
2026-03-29T21:36:21.527585+00:00 SEV-2 WARN: test_r2_low.py — mock_usage:import
2026-03-29T21:36:21.527586+00:00 SEV-2 WARN: test_r2_medium.py — mock_usage:instantiation
2026-03-29T21:36:21.527587+00:00 SEV-2 WARN: test_r2_medium.py — mock_usage:import
2026-03-29T21:36:21.527588+00:00 SEV-2 WARN: test_w1_teaching_injection.py — mock_usage:import
2026-03-29T21:36:21.527588+00:00 SEV-2 WARN: test_w6_ai_journey_source.py — mock_usage:instantiation
2026-03-29T21:36:21.527589+00:00 SEV-2 WARN: test_w6_ai_journey_source.py — mock_usage:import
2026-03-29T21:36:22.528325+00:00 SEV-2 WARN: test_deep_profile_staleness.py — silent_pass:test_status_200_has_required_fields
2026-03-29T21:36:22.528332+00:00 SEV-2 WARN: test_deep_profile_staleness.py — mock_usage:import
2026-03-29T21:36:22.528334+00:00 SEV-2 WARN: test_enforcement.py — mock_usage:import
2026-03-29T21:36:22.528336+00:00 SEV-2 WARN: test_feedback_loop.py — silent_pass:test_correlations_200_has_required_fields
2026-03-29T21:36:22.528338+00:00 SEV-2 WARN: test_feedback_loop.py — silent_pass:test_feedback_summary_200_has_counts
2026-03-29T21:36:22.528340+00:00 SEV-2 WARN: test_feedback_loop.py — mock_usage:instantiation
2026-03-29T21:36:22.528342+00:00 SEV-2 WARN: test_feedback_loop.py — mock_usage:import
2026-03-29T21:36:22.528344+00:00 SEV-2 WARN: test_graph_traceability.py — silent_pass:test_coverage_200_has_required_fields
2026-03-29T21:36:22.528346+00:00 SEV-2 WARN: test_graph_traceability.py — silent_pass:test_coverage_pct_between_0_and_100
2026-03-29T21:36:22.528347+00:00 SEV-2 WARN: test_graph_traceability.py — mock_usage:instantiation
2026-03-29T21:36:22.528349+00:00 SEV-2 WARN: test_graph_traceability.py — mock_usage:import
2026-03-29T21:36:22.528351+00:00 SEV-2 WARN: test_linkedin_narrative_regen.py — mock_usage:import
2026-03-29T21:36:22.528352+00:00 SEV-2 WARN: test_ml_feedback_loop.py — mock_usage:instantiation
2026-03-29T21:36:22.528354+00:00 SEV-2 WARN: test_ml_feedback_loop.py — mock_usage:import
2026-03-29T21:36:22.528356+00:00 SEV-2 WARN: test_p0b_ftal_integration.py — mock_usage:instantiation
2026-03-29T21:36:22.528358+00:00 SEV-2 WARN: test_p0b_ftal_integration.py — mock_usage:import
2026-03-29T21:36:22.528360+00:00 SEV-2 WARN: test_p1a_sqlite_hardening.py — mock_usage:import
2026-03-29T21:36:22.528362+00:00 SEV-2 WARN: test_p2f_db_engine.py — mock_usage:instantiation
2026-03-29T21:36:22.528363+00:00 SEV-2 WARN: test_p2f_db_engine.py — mock_usage:import
2026-03-29T21:36:22.528365+00:00 SEV-2 WARN: test_p3a_security.py — mock_usage:instantiation
2026-03-29T21:36:22.528367+00:00 SEV-2 WARN: test_p3a_security.py — mock_usage:import
2026-03-29T21:36:22.528369+00:00 SEV-2 WARN: test_parallel_orchestrator.py — mock_usage:import
2026-03-29T21:36:22.528371+00:00 SEV-2 WARN: test_persona_seed.py — mock_usage:instantiation
2026-03-29T21:36:22.528373+00:00 SEV-2 WARN: test_persona_seed.py — mock_usage:import
2026-03-29T21:36:22.528375+00:00 SEV-2 WARN: test_personaforge_client.py — mock_usage:instantiation
2026-03-29T21:36:22.528377+00:00 SEV-2 WARN: test_personaforge_client.py — mock_usage:import
2026-03-29T21:36:22.528378+00:00 SEV-2 WARN: test_pg_migration.py — silent_pass:test_pdf_download_name_contains_id
2026-03-29T21:36:22.528380+00:00 SEV-2 WARN: test_pg_migration.py — mock_usage:instantiation
2026-03-29T21:36:22.528382+00:00 SEV-2 WARN: test_r2_low.py — mock_usage:instantiation
2026-03-29T21:36:22.528384+00:00 SEV-2 WARN: test_r2_low.py — mock_usage:import
2026-03-29T21:36:22.528386+00:00 SEV-2 WARN: test_r2_medium.py — mock_usage:instantiation
2026-03-29T21:36:22.528388+00:00 SEV-2 WARN: test_r2_medium.py — mock_usage:import
2026-03-29T21:36:22.528390+00:00 SEV-2 WARN: test_w1_teaching_injection.py — mock_usage:import
2026-03-29T21:36:22.528391+00:00 SEV-2 WARN: test_w6_ai_journey_source.py — mock_usage:instantiation
2026-03-29T21:36:22.528393+00:00 SEV-2 WARN: test_w6_ai_journey_source.py — mock_usage:import
2026-03-29T21:36:23.394842+00:00 SEV-2 WARN: test_deep_profile_staleness.py — silent_pass:test_status_200_has_required_fields
2026-03-29T21:36:23.394847+00:00 SEV-2 WARN: test_deep_profile_staleness.py — mock_usage:import
2026-03-29T21:36:23.394848+00:00 SEV-2 WARN: test_enforcement.py — mock_usage:import
2026-03-29T21:36:23.394849+00:00 SEV-2 WARN: test_feedback_loop.py — silent_pass:test_correlations_200_has_required_fields
2026-03-29T21:36:23.394850+00:00 SEV-2 WARN: test_feedback_loop.py — silent_pass:test_feedback_summary_200_has_counts
2026-03-29T21:36:23.394851+00:00 SEV-2 WARN: test_feedback_loop.py — mock_usage:instantiation
2026-03-29T21:36:23.394852+00:00 SEV-2 WARN: test_feedback_loop.py — mock_usage:import
2026-03-29T21:36:23.394853+00:00 SEV-2 WARN: test_graph_traceability.py — silent_pass:test_coverage_200_has_required_fields
2026-03-29T21:36:23.394854+00:00 SEV-2 WARN: test_graph_traceability.py — silent_pass:test_coverage_pct_between_0_and_100
2026-03-29T21:36:23.394855+00:00 SEV-2 WARN: test_graph_traceability.py — mock_usage:instantiation
2026-03-29T21:36:23.394856+00:00 SEV-2 WARN: test_graph_traceability.py — mock_usage:import
2026-03-29T21:36:23.394858+00:00 SEV-2 WARN: test_linkedin_narrative_regen.py — mock_usage:import
2026-03-29T21:36:23.394859+00:00 SEV-2 WARN: test_ml_feedback_loop.py — mock_usage:instantiation
2026-03-29T21:36:23.394860+00:00 SEV-2 WARN: test_ml_feedback_loop.py — mock_usage:import
2026-03-29T21:36:23.394861+00:00 SEV-2 WARN: test_p0b_ftal_integration.py — mock_usage:instantiation
2026-03-29T21:36:23.394862+00:00 SEV-2 WARN: test_p0b_ftal_integration.py — mock_usage:import
2026-03-29T21:36:23.394863+00:00 SEV-2 WARN: test_p1a_sqlite_hardening.py — mock_usage:import
2026-03-29T21:36:23.394864+00:00 SEV-2 WARN: test_p2f_db_engine.py — mock_usage:instantiation
2026-03-29T21:36:23.394865+00:00 SEV-2 WARN: test_p2f_db_engine.py — mock_usage:import
2026-03-29T21:36:23.394866+00:00 SEV-2 WARN: test_p3a_security.py — mock_usage:instantiation
2026-03-29T21:36:23.394867+00:00 SEV-2 WARN: test_p3a_security.py — mock_usage:import
2026-03-29T21:36:23.394868+00:00 SEV-2 WARN: test_parallel_orchestrator.py — mock_usage:import
2026-03-29T21:36:23.394869+00:00 SEV-2 WARN: test_persona_seed.py — mock_usage:instantiation
2026-03-29T21:36:23.394870+00:00 SEV-2 WARN: test_persona_seed.py — mock_usage:import
2026-03-29T21:36:23.394871+00:00 SEV-2 WARN: test_personaforge_client.py — mock_usage:instantiation
2026-03-29T21:36:23.394872+00:00 SEV-2 WARN: test_personaforge_client.py — mock_usage:import
2026-03-29T21:36:23.394873+00:00 SEV-2 WARN: test_pg_migration.py — silent_pass:test_pdf_download_name_contains_id
2026-03-29T21:36:23.394874+00:00 SEV-2 WARN: test_pg_migration.py — mock_usage:instantiation
2026-03-29T21:36:23.394876+00:00 SEV-2 WARN: test_r2_low.py — mock_usage:instantiation
2026-03-29T21:36:23.394877+00:00 SEV-2 WARN: test_r2_low.py — mock_usage:import
2026-03-29T21:36:23.394878+00:00 SEV-2 WARN: test_r2_medium.py — mock_usage:instantiation
2026-03-29T21:36:23.394879+00:00 SEV-2 WARN: test_r2_medium.py — mock_usage:import
2026-03-29T21:36:23.394880+00:00 SEV-2 WARN: test_w1_teaching_injection.py — mock_usage:import
2026-03-29T21:36:23.394881+00:00 SEV-2 WARN: test_w6_ai_journey_source.py — mock_usage:instantiation
2026-03-29T21:36:23.394882+00:00 SEV-2 WARN: test_w6_ai_journey_source.py — mock_usage:import
2026-03-29T21:36:24.285476+00:00 SEV-2 WARN: test_deep_profile_staleness.py — silent_pass:test_status_200_has_required_fields
2026-03-29T21:36:24.285480+00:00 SEV-2 WARN: test_deep_profile_staleness.py — mock_usage:import
2026-03-29T21:36:24.285481+00:00 SEV-2 WARN: test_enforcement.py — mock_usage:import
2026-03-29T21:36:24.285482+00:00 SEV-2 WARN: test_feedback_loop.py — silent_pass:test_correlations_200_has_required_fields
2026-03-29T21:36:24.285483+00:00 SEV-2 WARN: test_feedback_loop.py — silent_pass:test_feedback_summary_200_has_counts
2026-03-29T21:36:24.285485+00:00 SEV-2 WARN: test_feedback_loop.py — mock_usage:instantiation
2026-03-29T21:36:24.285486+00:00 SEV-2 WARN: test_feedback_loop.py — mock_usage:import
2026-03-29T21:36:24.285487+00:00 SEV-2 WARN: test_graph_traceability.py — silent_pass:test_coverage_200_has_required_fields
2026-03-29T21:36:24.285488+00:00 SEV-2 WARN: test_graph_traceability.py — silent_pass:test_coverage_pct_between_0_and_100
2026-03-29T21:36:24.285489+00:00 SEV-2 WARN: test_graph_traceability.py — mock_usage:instantiation
2026-03-29T21:36:24.285490+00:00 SEV-2 WARN: test_graph_traceability.py — mock_usage:import
2026-03-29T21:36:24.285491+00:00 SEV-2 WARN: test_linkedin_narrative_regen.py — mock_usage:import
2026-03-29T21:36:24.285492+00:00 SEV-2 WARN: test_ml_feedback_loop.py — mock_usage:instantiation
2026-03-29T21:36:24.285493+00:00 SEV-2 WARN: test_ml_feedback_loop.py — mock_usage:import
2026-03-29T21:36:24.285494+00:00 SEV-2 WARN: test_p0b_ftal_integration.py — mock_usage:instantiation
2026-03-29T21:36:24.285495+00:00 SEV-2 WARN: test_p0b_ftal_integration.py — mock_usage:import
2026-03-29T21:36:24.285496+00:00 SEV-2 WARN: test_p1a_sqlite_hardening.py — mock_usage:import
2026-03-29T21:36:24.285497+00:00 SEV-2 WARN: test_p2f_db_engine.py — mock_usage:instantiation
2026-03-29T21:36:24.285498+00:00 SEV-2 WARN: test_p2f_db_engine.py — mock_usage:import
2026-03-29T21:36:24.285499+00:00 SEV-2 WARN: test_p3a_security.py — mock_usage:instantiation
2026-03-29T21:36:24.285500+00:00 SEV-2 WARN: test_p3a_security.py — mock_usage:import
2026-03-29T21:36:24.285501+00:00 SEV-2 WARN: test_parallel_orchestrator.py — mock_usage:import
2026-03-29T21:36:24.285501+00:00 SEV-2 WARN: test_persona_seed.py — mock_usage:instantiation
2026-03-29T21:36:24.285502+00:00 SEV-2 WARN: test_persona_seed.py — mock_usage:import
2026-03-29T21:36:24.285503+00:00 SEV-2 WARN: test_personaforge_client.py — mock_usage:instantiation
2026-03-29T21:36:24.285504+00:00 SEV-2 WARN: test_personaforge_client.py — mock_usage:import
2026-03-29T21:36:24.285505+00:00 SEV-2 WARN: test_pg_migration.py — silent_pass:test_pdf_download_name_contains_id
2026-03-29T21:36:24.285506+00:00 SEV-2 WARN: test_pg_migration.py — mock_usage:instantiation
2026-03-29T21:36:24.285507+00:00 SEV-2 WARN: test_r2_low.py — mock_usage:instantiation
2026-03-29T21:36:24.285508+00:00 SEV-2 WARN: test_r2_low.py — mock_usage:import
2026-03-29T21:36:24.285508+00:00 SEV-2 WARN: test_r2_medium.py — mock_usage:instantiation
2026-03-29T21:36:24.285509+00:00 SEV-2 WARN: test_r2_medium.py — mock_usage:import
2026-03-29T21:36:24.285510+00:00 SEV-2 WARN: test_w1_teaching_injection.py — mock_usage:import
2026-03-29T21:36:24.285511+00:00 SEV-2 WARN: test_w6_ai_journey_source.py — mock_usage:instantiation
2026-03-29T21:36:24.285512+00:00 SEV-2 WARN: test_w6_ai_journey_source.py — mock_usage:import
2026-03-29T21:36:25.971902+00:00 SEV-2 WARN: test_deep_profile_staleness.py — silent_pass:test_status_200_has_required_fields
2026-03-29T21:36:25.971906+00:00 SEV-2 WARN: test_deep_profile_staleness.py — mock_usage:import
2026-03-29T21:36:25.971907+00:00 SEV-2 WARN: test_enforcement.py — mock_usage:import
2026-03-29T21:36:25.971909+00:00 SEV-2 WARN: test_feedback_loop.py — silent_pass:test_correlations_200_has_required_fields
2026-03-29T21:36:25.971909+00:00 SEV-2 WARN: test_feedback_loop.py — silent_pass:test_feedback_summary_200_has_counts
2026-03-29T21:36:25.971910+00:00 SEV-2 WARN: test_feedback_loop.py — mock_usage:instantiation
2026-03-29T21:36:25.971911+00:00 SEV-2 WARN: test_feedback_loop.py — mock_usage:import
2026-03-29T21:36:25.971912+00:00 SEV-2 WARN: test_graph_traceability.py — silent_pass:test_coverage_200_has_required_fields
2026-03-29T21:36:25.971913+00:00 SEV-2 WARN: test_graph_traceability.py — silent_pass:test_coverage_pct_between_0_and_100
2026-03-29T21:36:25.971915+00:00 SEV-2 WARN: test_graph_traceability.py — mock_usage:instantiation
2026-03-29T21:36:25.971916+00:00 SEV-2 WARN: test_graph_traceability.py — mock_usage:import
2026-03-29T21:36:25.971917+00:00 SEV-2 WARN: test_linkedin_narrative_regen.py — mock_usage:import
2026-03-29T21:36:25.971918+00:00 SEV-2 WARN: test_ml_feedback_loop.py — mock_usage:instantiation
2026-03-29T21:36:25.971919+00:00 SEV-2 WARN: test_ml_feedback_loop.py — mock_usage:import
2026-03-29T21:36:25.971920+00:00 SEV-2 WARN: test_p0b_ftal_integration.py — mock_usage:instantiation
2026-03-29T21:36:25.971921+00:00 SEV-2 WARN: test_p0b_ftal_integration.py — mock_usage:import
2026-03-29T21:36:25.971922+00:00 SEV-2 WARN: test_p1a_sqlite_hardening.py — mock_usage:import
2026-03-29T21:36:25.971923+00:00 SEV-2 WARN: test_p2f_db_engine.py — mock_usage:instantiation
2026-03-29T21:36:25.971924+00:00 SEV-2 WARN: test_p2f_db_engine.py — mock_usage:import
2026-03-29T21:36:25.971924+00:00 SEV-2 WARN: test_p3a_security.py — mock_usage:instantiation
2026-03-29T21:36:25.971925+00:00 SEV-2 WARN: test_p3a_security.py — mock_usage:import
2026-03-29T21:36:25.971926+00:00 SEV-2 WARN: test_parallel_orchestrator.py — mock_usage:import
2026-03-29T21:36:25.971927+00:00 SEV-2 WARN: test_persona_seed.py — mock_usage:instantiation
2026-03-29T21:36:25.971928+00:00 SEV-2 WARN: test_persona_seed.py — mock_usage:import
2026-03-29T21:36:25.971929+00:00 SEV-2 WARN: test_personaforge_client.py — mock_usage:instantiation
2026-03-29T21:36:25.971929+00:00 SEV-2 WARN: test_personaforge_client.py — mock_usage:import
2026-03-29T21:36:25.971930+00:00 SEV-2 WARN: test_pg_migration.py — silent_pass:test_pdf_download_name_contains_id
2026-03-29T21:36:25.971931+00:00 SEV-2 WARN: test_pg_migration.py — mock_usage:instantiation
2026-03-29T21:36:25.971932+00:00 SEV-2 WARN: test_r2_low.py — mock_usage:instantiation
2026-03-29T21:36:25.971933+00:00 SEV-2 WARN: test_r2_low.py — mock_usage:import
2026-03-29T21:36:25.971934+00:00 SEV-2 WARN: test_r2_medium.py — mock_usage:instantiation
2026-03-29T21:36:25.971935+00:00 SEV-2 WARN: test_r2_medium.py — mock_usage:import
2026-03-29T21:36:25.971935+00:00 SEV-2 WARN: test_w1_teaching_injection.py — mock_usage:import
2026-03-29T21:36:25.971936+00:00 SEV-2 WARN: test_w6_ai_journey_source.py — mock_usage:instantiation
2026-03-29T21:36:25.971937+00:00 SEV-2 WARN: test_w6_ai_journey_source.py — mock_usage:import
2026-04-04T10:13:48.266115+00:00 SEV-2 WARN: test_arango_context_injection.py — mock_usage:import
2026-04-04T10:13:48.266121+00:00 SEV-2 WARN: test_arango_context_injection.py — mock_usage:instantiation
2026-04-04T10:13:48.266123+00:00 SEV-2 WARN: test_claim_recording.py — mock_usage:import
2026-04-04T10:13:48.266124+00:00 SEV-2 WARN: test_claim_recording.py — mock_usage:instantiation
2026-04-04T10:13:48.266125+00:00 SEV-2 WARN: test_deep_profile_staleness.py — silent_pass:test_status_200_has_required_fields
2026-04-04T10:13:48.266126+00:00 SEV-2 WARN: test_deep_profile_staleness.py — mock_usage:import
2026-04-04T10:13:48.266127+00:00 SEV-2 WARN: test_enforcement.py — mock_usage:import
2026-04-04T10:13:48.266128+00:00 SEV-2 WARN: test_feedback_loop.py — silent_pass:test_correlations_200_has_required_fields
2026-04-04T10:13:48.266129+00:00 SEV-2 WARN: test_feedback_loop.py — silent_pass:test_feedback_summary_200_has_counts
2026-04-04T10:13:48.266131+00:00 SEV-2 WARN: test_feedback_loop.py — mock_usage:import
2026-04-04T10:13:48.266132+00:00 SEV-2 WARN: test_feedback_loop.py — mock_usage:instantiation
2026-04-04T10:13:48.266133+00:00 SEV-2 WARN: test_graph_traceability.py — silent_pass:test_coverage_200_has_required_fields
2026-04-04T10:13:48.266134+00:00 SEV-2 WARN: test_graph_traceability.py — silent_pass:test_coverage_pct_between_0_and_100
2026-04-04T10:13:48.266135+00:00 SEV-2 WARN: test_graph_traceability.py — mock_usage:import
2026-04-04T10:13:48.266136+00:00 SEV-2 WARN: test_graph_traceability.py — mock_usage:instantiation
2026-04-04T10:13:48.266137+00:00 SEV-2 WARN: test_interview_pf_gating.py — mock_usage:import
2026-04-04T10:13:48.266138+00:00 SEV-2 WARN: test_linkedin_narrative_regen.py — mock_usage:import
2026-04-04T10:13:48.266139+00:00 SEV-2 WARN: test_ml_feedback_loop.py — mock_usage:import
2026-04-04T10:13:48.266140+00:00 SEV-2 WARN: test_ml_feedback_loop.py — mock_usage:instantiation
2026-04-04T10:13:48.266141+00:00 SEV-2 WARN: test_p0b_ftal_integration.py — mock_usage:import
2026-04-04T10:13:48.266142+00:00 SEV-2 WARN: test_p0b_ftal_integration.py — mock_usage:instantiation
2026-04-04T10:13:48.266143+00:00 SEV-2 WARN: test_p1a_sqlite_hardening.py — mock_usage:import
2026-04-04T10:13:48.266144+00:00 SEV-2 WARN: test_p2f_db_engine.py — mock_usage:import
2026-04-04T10:13:48.266145+00:00 SEV-2 WARN: test_p2f_db_engine.py — mock_usage:instantiation
2026-04-04T10:13:48.266147+00:00 SEV-2 WARN: test_p3a_security.py — mock_usage:import
2026-04-04T10:13:48.266148+00:00 SEV-2 WARN: test_p3a_security.py — mock_usage:instantiation
2026-04-04T10:13:48.266149+00:00 SEV-2 WARN: test_parallel_orchestrator.py — mock_usage:import
2026-04-04T10:13:48.266150+00:00 SEV-2 WARN: test_persona_seed.py — mock_usage:import
2026-04-04T10:13:48.266151+00:00 SEV-2 WARN: test_persona_seed.py — mock_usage:instantiation
2026-04-04T10:13:48.266152+00:00 SEV-2 WARN: test_personaforge_client.py — mock_usage:import
2026-04-04T10:13:48.266153+00:00 SEV-2 WARN: test_personaforge_client.py — mock_usage:instantiation
2026-04-04T10:13:48.266154+00:00 SEV-2 WARN: test_pg_migration.py — silent_pass:test_pdf_download_name_contains_id
2026-04-04T10:13:48.266156+00:00 SEV-2 WARN: test_pg_migration.py — mock_usage:instantiation
2026-04-04T10:13:48.266157+00:00 SEV-2 WARN: test_r2_low.py — mock_usage:import
2026-04-04T10:13:48.266158+00:00 SEV-2 WARN: test_r2_low.py — mock_usage:instantiation
2026-04-04T10:13:48.266159+00:00 SEV-2 WARN: test_r2_medium.py — mock_usage:import
2026-04-04T10:13:48.266160+00:00 SEV-2 WARN: test_r2_medium.py — mock_usage:instantiation
2026-04-04T10:13:48.266161+00:00 SEV-2 WARN: test_resume_effectiveness.py — mock_usage:import
2026-04-04T10:13:48.266162+00:00 SEV-2 WARN: test_resume_effectiveness.py — mock_usage:instantiation
2026-04-04T10:13:48.266163+00:00 SEV-2 WARN: test_w1_teaching_injection.py — mock_usage:import
2026-04-04T10:13:48.266164+00:00 SEV-2 WARN: test_w6_ai_journey_source.py — mock_usage:import
2026-04-04T10:13:48.266165+00:00 SEV-2 WARN: test_w6_ai_journey_source.py — mock_usage:instantiation
2026-04-04T10:13:49.005880+00:00 SEV-2 WARN: test_arango_context_injection.py — mock_usage:import
2026-04-04T10:13:49.005885+00:00 SEV-2 WARN: test_arango_context_injection.py — mock_usage:instantiation
2026-04-04T10:13:49.005886+00:00 SEV-2 WARN: test_claim_recording.py — mock_usage:import
2026-04-04T10:13:49.005887+00:00 SEV-2 WARN: test_claim_recording.py — mock_usage:instantiation
2026-04-04T10:13:49.005888+00:00 SEV-2 WARN: test_deep_profile_staleness.py — silent_pass:test_status_200_has_required_fields
2026-04-04T10:13:49.005890+00:00 SEV-2 WARN: test_deep_profile_staleness.py — mock_usage:import
2026-04-04T10:13:49.005891+00:00 SEV-2 WARN: test_enforcement.py — mock_usage:import
2026-04-04T10:13:49.005892+00:00 SEV-2 WARN: test_feedback_loop.py — silent_pass:test_correlations_200_has_required_fields
2026-04-04T10:13:49.005892+00:00 SEV-2 WARN: test_feedback_loop.py — silent_pass:test_feedback_summary_200_has_counts
2026-04-04T10:13:49.005894+00:00 SEV-2 WARN: test_feedback_loop.py — mock_usage:import
2026-04-04T10:13:49.005895+00:00 SEV-2 WARN: test_feedback_loop.py — mock_usage:instantiation
2026-04-04T10:13:49.005896+00:00 SEV-2 WARN: test_graph_traceability.py — silent_pass:test_coverage_200_has_required_fields
2026-04-04T10:13:49.005897+00:00 SEV-2 WARN: test_graph_traceability.py — silent_pass:test_coverage_pct_between_0_and_100
2026-04-04T10:13:49.005898+00:00 SEV-2 WARN: test_graph_traceability.py — mock_usage:import
2026-04-04T10:13:49.005899+00:00 SEV-2 WARN: test_graph_traceability.py — mock_usage:instantiation
2026-04-04T10:13:49.005900+00:00 SEV-2 WARN: test_interview_pf_gating.py — mock_usage:import
2026-04-04T10:13:49.005901+00:00 SEV-2 WARN: test_linkedin_narrative_regen.py — mock_usage:import
2026-04-04T10:13:49.005902+00:00 SEV-2 WARN: test_ml_feedback_loop.py — mock_usage:import
2026-04-04T10:13:49.005903+00:00 SEV-2 WARN: test_ml_feedback_loop.py — mock_usage:instantiation
2026-04-04T10:13:49.005904+00:00 SEV-2 WARN: test_p0b_ftal_integration.py — mock_usage:import
2026-04-04T10:13:49.005905+00:00 SEV-2 WARN: test_p0b_ftal_integration.py — mock_usage:instantiation
2026-04-04T10:13:49.005906+00:00 SEV-2 WARN: test_p1a_sqlite_hardening.py — mock_usage:import
2026-04-04T10:13:49.005907+00:00 SEV-2 WARN: test_p2f_db_engine.py — mock_usage:import
2026-04-04T10:13:49.005907+00:00 SEV-2 WARN: test_p2f_db_engine.py — mock_usage:instantiation
2026-04-04T10:13:49.005908+00:00 SEV-2 WARN: test_p3a_security.py — mock_usage:import
2026-04-04T10:13:49.005909+00:00 SEV-2 WARN: test_p3a_security.py — mock_usage:instantiation
2026-04-04T10:13:49.005910+00:00 SEV-2 WARN: test_parallel_orchestrator.py — mock_usage:import
2026-04-04T10:13:49.005911+00:00 SEV-2 WARN: test_persona_seed.py — mock_usage:import
2026-04-04T10:13:49.005912+00:00 SEV-2 WARN: test_persona_seed.py — mock_usage:instantiation
2026-04-04T10:13:49.005913+00:00 SEV-2 WARN: test_personaforge_client.py — mock_usage:import
2026-04-04T10:13:49.005914+00:00 SEV-2 WARN: test_personaforge_client.py — mock_usage:instantiation
2026-04-04T10:13:49.005915+00:00 SEV-2 WARN: test_pg_migration.py — silent_pass:test_pdf_download_name_contains_id
2026-04-04T10:13:49.005916+00:00 SEV-2 WARN: test_pg_migration.py — mock_usage:instantiation
2026-04-04T10:13:49.005917+00:00 SEV-2 WARN: test_r2_low.py — mock_usage:import
2026-04-04T10:13:49.005918+00:00 SEV-2 WARN: test_r2_low.py — mock_usage:instantiation
2026-04-04T10:13:49.005919+00:00 SEV-2 WARN: test_r2_medium.py — mock_usage:import
2026-04-04T10:13:49.005920+00:00 SEV-2 WARN: test_r2_medium.py — mock_usage:instantiation
2026-04-04T10:13:49.005921+00:00 SEV-2 WARN: test_resume_effectiveness.py — mock_usage:import
2026-04-04T10:13:49.005922+00:00 SEV-2 WARN: test_resume_effectiveness.py — mock_usage:instantiation
2026-04-04T10:13:49.005923+00:00 SEV-2 WARN: test_w1_teaching_injection.py — mock_usage:import
2026-04-04T10:13:49.005924+00:00 SEV-2 WARN: test_w6_ai_journey_source.py — mock_usage:import
2026-04-04T10:13:49.005925+00:00 SEV-2 WARN: test_w6_ai_journey_source.py — mock_usage:instantiation
2026-04-04T10:13:49.884076+00:00 SEV-2 WARN: test_arango_context_injection.py — mock_usage:import
2026-04-04T10:13:49.884080+00:00 SEV-2 WARN: test_arango_context_injection.py — mock_usage:instantiation
2026-04-04T10:13:49.884081+00:00 SEV-2 WARN: test_claim_recording.py — mock_usage:import
2026-04-04T10:13:49.884083+00:00 SEV-2 WARN: test_claim_recording.py — mock_usage:instantiation
2026-04-04T10:13:49.884084+00:00 SEV-2 WARN: test_deep_profile_staleness.py — silent_pass:test_status_200_has_required_fields
2026-04-04T10:13:49.884085+00:00 SEV-2 WARN: test_deep_profile_staleness.py — mock_usage:import
2026-04-04T10:13:49.884086+00:00 SEV-2 WARN: test_enforcement.py — mock_usage:import
2026-04-04T10:13:49.884087+00:00 SEV-2 WARN: test_feedback_loop.py — silent_pass:test_correlations_200_has_required_fields
2026-04-04T10:13:49.884088+00:00 SEV-2 WARN: test_feedback_loop.py — silent_pass:test_feedback_summary_200_has_counts
2026-04-04T10:13:49.884089+00:00 SEV-2 WARN: test_feedback_loop.py — mock_usage:import
2026-04-04T10:13:49.884090+00:00 SEV-2 WARN: test_feedback_loop.py — mock_usage:instantiation
2026-04-04T10:13:49.884091+00:00 SEV-2 WARN: test_graph_traceability.py — silent_pass:test_coverage_200_has_required_fields
2026-04-04T10:13:49.884092+00:00 SEV-2 WARN: test_graph_traceability.py — silent_pass:test_coverage_pct_between_0_and_100
2026-04-04T10:13:49.884093+00:00 SEV-2 WARN: test_graph_traceability.py — mock_usage:import
2026-04-04T10:13:49.884094+00:00 SEV-2 WARN: test_graph_traceability.py — mock_usage:instantiation
2026-04-04T10:13:49.884095+00:00 SEV-2 WARN: test_interview_pf_gating.py — mock_usage:import
2026-04-04T10:13:49.884096+00:00 SEV-2 WARN: test_linkedin_narrative_regen.py — mock_usage:import
2026-04-04T10:13:49.884098+00:00 SEV-2 WARN: test_ml_feedback_loop.py — mock_usage:import
2026-04-04T10:13:49.884099+00:00 SEV-2 WARN: test_ml_feedback_loop.py — mock_usage:instantiation
2026-04-04T10:13:49.884100+00:00 SEV-2 WARN: test_p0b_ftal_integration.py — mock_usage:import
2026-04-04T10:13:49.884101+00:00 SEV-2 WARN: test_p0b_ftal_integration.py — mock_usage:instantiation
2026-04-04T10:13:49.884102+00:00 SEV-2 WARN: test_p1a_sqlite_hardening.py — mock_usage:import
2026-04-04T10:13:49.884103+00:00 SEV-2 WARN: test_p2f_db_engine.py — mock_usage:import
2026-04-04T10:13:49.884104+00:00 SEV-2 WARN: test_p2f_db_engine.py — mock_usage:instantiation
2026-04-04T10:13:49.884105+00:00 SEV-2 WARN: test_p3a_security.py — mock_usage:import
2026-04-04T10:13:49.884106+00:00 SEV-2 WARN: test_p3a_security.py — mock_usage:instantiation
2026-04-04T10:13:49.884107+00:00 SEV-2 WARN: test_parallel_orchestrator.py — mock_usage:import
2026-04-04T10:13:49.884108+00:00 SEV-2 WARN: test_persona_seed.py — mock_usage:import
2026-04-04T10:13:49.884109+00:00 SEV-2 WARN: test_persona_seed.py — mock_usage:instantiation
2026-04-04T10:13:49.884110+00:00 SEV-2 WARN: test_personaforge_client.py — mock_usage:import
2026-04-04T10:13:49.884111+00:00 SEV-2 WARN: test_personaforge_client.py — mock_usage:instantiation
2026-04-04T10:13:49.884112+00:00 SEV-2 WARN: test_pg_migration.py — silent_pass:test_pdf_download_name_contains_id
2026-04-04T10:13:49.884113+00:00 SEV-2 WARN: test_pg_migration.py — mock_usage:instantiation
2026-04-04T10:13:49.884114+00:00 SEV-2 WARN: test_r2_low.py — mock_usage:import
2026-04-04T10:13:49.884115+00:00 SEV-2 WARN: test_r2_low.py — mock_usage:instantiation
2026-04-04T10:13:49.884116+00:00 SEV-2 WARN: test_r2_medium.py — mock_usage:import
2026-04-04T10:13:49.884118+00:00 SEV-2 WARN: test_r2_medium.py — mock_usage:instantiation
2026-04-04T10:13:49.884119+00:00 SEV-2 WARN: test_resume_effectiveness.py — mock_usage:import
2026-04-04T10:13:49.884120+00:00 SEV-2 WARN: test_resume_effectiveness.py — mock_usage:instantiation
2026-04-04T10:13:49.884121+00:00 SEV-2 WARN: test_w1_teaching_injection.py — mock_usage:import
2026-04-04T10:13:49.884122+00:00 SEV-2 WARN: test_w6_ai_journey_source.py — mock_usage:import
2026-04-04T10:13:49.884122+00:00 SEV-2 WARN: test_w6_ai_journey_source.py — mock_usage:instantiation
2026-04-04T10:13:50.669441+00:00 SEV-2 WARN: test_arango_context_injection.py — mock_usage:import
2026-04-04T10:13:50.669445+00:00 SEV-2 WARN: test_arango_context_injection.py — mock_usage:instantiation
2026-04-04T10:13:50.669447+00:00 SEV-2 WARN: test_claim_recording.py — mock_usage:import
2026-04-04T10:13:50.669448+00:00 SEV-2 WARN: test_claim_recording.py — mock_usage:instantiation
2026-04-04T10:13:50.669449+00:00 SEV-2 WARN: test_deep_profile_staleness.py — silent_pass:test_status_200_has_required_fields
2026-04-04T10:13:50.669451+00:00 SEV-2 WARN: test_deep_profile_staleness.py — mock_usage:import
2026-04-04T10:13:50.669452+00:00 SEV-2 WARN: test_enforcement.py — mock_usage:import
2026-04-04T10:13:50.669453+00:00 SEV-2 WARN: test_feedback_loop.py — silent_pass:test_correlations_200_has_required_fields
2026-04-04T10:13:50.669454+00:00 SEV-2 WARN: test_feedback_loop.py — silent_pass:test_feedback_summary_200_has_counts
2026-04-04T10:13:50.669455+00:00 SEV-2 WARN: test_feedback_loop.py — mock_usage:import
2026-04-04T10:13:50.669456+00:00 SEV-2 WARN: test_feedback_loop.py — mock_usage:instantiation
2026-04-04T10:13:50.669457+00:00 SEV-2 WARN: test_graph_traceability.py — silent_pass:test_coverage_200_has_required_fields
2026-04-04T10:13:50.669458+00:00 SEV-2 WARN: test_graph_traceability.py — silent_pass:test_coverage_pct_between_0_and_100
2026-04-04T10:13:50.669459+00:00 SEV-2 WARN: test_graph_traceability.py — mock_usage:import
2026-04-04T10:13:50.669460+00:00 SEV-2 WARN: test_graph_traceability.py — mock_usage:instantiation
2026-04-04T10:13:50.669461+00:00 SEV-2 WARN: test_interview_pf_gating.py — mock_usage:import
2026-04-04T10:13:50.669462+00:00 SEV-2 WARN: test_linkedin_narrative_regen.py — mock_usage:import
2026-04-04T10:13:50.669463+00:00 SEV-2 WARN: test_ml_feedback_loop.py — mock_usage:import
2026-04-04T10:13:50.669464+00:00 SEV-2 WARN: test_ml_feedback_loop.py — mock_usage:instantiation
2026-04-04T10:13:50.669465+00:00 SEV-2 WARN: test_p0b_ftal_integration.py — mock_usage:import
2026-04-04T10:13:50.669466+00:00 SEV-2 WARN: test_p0b_ftal_integration.py — mock_usage:instantiation
2026-04-04T10:13:50.669467+00:00 SEV-2 WARN: test_p1a_sqlite_hardening.py — mock_usage:import
2026-04-04T10:13:50.669468+00:00 SEV-2 WARN: test_p2f_db_engine.py — mock_usage:import
2026-04-04T10:13:50.669469+00:00 SEV-2 WARN: test_p2f_db_engine.py — mock_usage:instantiation
2026-04-04T10:13:50.669470+00:00 SEV-2 WARN: test_p3a_security.py — mock_usage:import
2026-04-04T10:13:50.669471+00:00 SEV-2 WARN: test_p3a_security.py — mock_usage:instantiation
2026-04-04T10:13:50.669472+00:00 SEV-2 WARN: test_parallel_orchestrator.py — mock_usage:import
2026-04-04T10:13:50.669473+00:00 SEV-2 WARN: test_persona_seed.py — mock_usage:import
2026-04-04T10:13:50.669474+00:00 SEV-2 WARN: test_persona_seed.py — mock_usage:instantiation
2026-04-04T10:13:50.669475+00:00 SEV-2 WARN: test_personaforge_client.py — mock_usage:import
2026-04-04T10:13:50.669476+00:00 SEV-2 WARN: test_personaforge_client.py — mock_usage:instantiation
2026-04-04T10:13:50.669477+00:00 SEV-2 WARN: test_pg_migration.py — silent_pass:test_pdf_download_name_contains_id
2026-04-04T10:13:50.669478+00:00 SEV-2 WARN: test_pg_migration.py — mock_usage:instantiation
2026-04-04T10:13:50.669479+00:00 SEV-2 WARN: test_r2_low.py — mock_usage:import
2026-04-04T10:13:50.669480+00:00 SEV-2 WARN: test_r2_low.py — mock_usage:instantiation
2026-04-04T10:13:50.669481+00:00 SEV-2 WARN: test_r2_medium.py — mock_usage:import
2026-04-04T10:13:50.669482+00:00 SEV-2 WARN: test_r2_medium.py — mock_usage:instantiation
2026-04-04T10:13:50.669483+00:00 SEV-2 WARN: test_resume_effectiveness.py — mock_usage:import
2026-04-04T10:13:50.669484+00:00 SEV-2 WARN: test_resume_effectiveness.py — mock_usage:instantiation
2026-04-04T10:13:50.669485+00:00 SEV-2 WARN: test_w1_teaching_injection.py — mock_usage:import
2026-04-04T10:13:50.669486+00:00 SEV-2 WARN: test_w6_ai_journey_source.py — mock_usage:import
2026-04-04T10:13:50.669487+00:00 SEV-2 WARN: test_w6_ai_journey_source.py — mock_usage:instantiation
2026-04-04T10:13:52.308202+00:00 SEV-2 WARN: test_arango_context_injection.py — mock_usage:import
2026-04-04T10:13:52.308206+00:00 SEV-2 WARN: test_arango_context_injection.py — mock_usage:instantiation
2026-04-04T10:13:52.308207+00:00 SEV-2 WARN: test_claim_recording.py — mock_usage:import
2026-04-04T10:13:52.308209+00:00 SEV-2 WARN: test_claim_recording.py — mock_usage:instantiation
2026-04-04T10:13:52.308210+00:00 SEV-2 WARN: test_deep_profile_staleness.py — silent_pass:test_status_200_has_required_fields
2026-04-04T10:13:52.308211+00:00 SEV-2 WARN: test_deep_profile_staleness.py — mock_usage:import
2026-04-04T10:13:52.308212+00:00 SEV-2 WARN: test_enforcement.py — mock_usage:import
2026-04-04T10:13:52.308213+00:00 SEV-2 WARN: test_feedback_loop.py — silent_pass:test_correlations_200_has_required_fields
2026-04-04T10:13:52.308214+00:00 SEV-2 WARN: test_feedback_loop.py — silent_pass:test_feedback_summary_200_has_counts
2026-04-04T10:13:52.308215+00:00 SEV-2 WARN: test_feedback_loop.py — mock_usage:import
2026-04-04T10:13:52.308216+00:00 SEV-2 WARN: test_feedback_loop.py — mock_usage:instantiation
2026-04-04T10:13:52.308217+00:00 SEV-2 WARN: test_graph_traceability.py — silent_pass:test_coverage_200_has_required_fields
2026-04-04T10:13:52.308218+00:00 SEV-2 WARN: test_graph_traceability.py — silent_pass:test_coverage_pct_between_0_and_100
2026-04-04T10:13:52.308219+00:00 SEV-2 WARN: test_graph_traceability.py — mock_usage:import
2026-04-04T10:13:52.308220+00:00 SEV-2 WARN: test_graph_traceability.py — mock_usage:instantiation
2026-04-04T10:13:52.308221+00:00 SEV-2 WARN: test_interview_pf_gating.py — mock_usage:import
2026-04-04T10:13:52.308222+00:00 SEV-2 WARN: test_linkedin_narrative_regen.py — mock_usage:import
2026-04-04T10:13:52.308223+00:00 SEV-2 WARN: test_ml_feedback_loop.py — mock_usage:import
2026-04-04T10:13:52.308224+00:00 SEV-2 WARN: test_ml_feedback_loop.py — mock_usage:instantiation
2026-04-04T10:13:52.308225+00:00 SEV-2 WARN: test_p0b_ftal_integration.py — mock_usage:import
2026-04-04T10:13:52.308226+00:00 SEV-2 WARN: test_p0b_ftal_integration.py — mock_usage:instantiation
2026-04-04T10:13:52.308227+00:00 SEV-2 WARN: test_p1a_sqlite_hardening.py — mock_usage:import
2026-04-04T10:13:52.308228+00:00 SEV-2 WARN: test_p2f_db_engine.py — mock_usage:import
2026-04-04T10:13:52.308229+00:00 SEV-2 WARN: test_p2f_db_engine.py — mock_usage:instantiation
2026-04-04T10:13:52.308230+00:00 SEV-2 WARN: test_p3a_security.py — mock_usage:import
2026-04-04T10:13:52.308231+00:00 SEV-2 WARN: test_p3a_security.py — mock_usage:instantiation
2026-04-04T10:13:52.308232+00:00 SEV-2 WARN: test_parallel_orchestrator.py — mock_usage:import
2026-04-04T10:13:52.308233+00:00 SEV-2 WARN: test_persona_seed.py — mock_usage:import
2026-04-04T10:13:52.308234+00:00 SEV-2 WARN: test_persona_seed.py — mock_usage:instantiation
2026-04-04T10:13:52.308234+00:00 SEV-2 WARN: test_personaforge_client.py — mock_usage:import
2026-04-04T10:13:52.308235+00:00 SEV-2 WARN: test_personaforge_client.py — mock_usage:instantiation
2026-04-04T10:13:52.308236+00:00 SEV-2 WARN: test_pg_migration.py — silent_pass:test_pdf_download_name_contains_id
2026-04-04T10:13:52.308237+00:00 SEV-2 WARN: test_pg_migration.py — mock_usage:instantiation
2026-04-04T10:13:52.308238+00:00 SEV-2 WARN: test_r2_low.py — mock_usage:import
2026-04-04T10:13:52.308239+00:00 SEV-2 WARN: test_r2_low.py — mock_usage:instantiation
2026-04-04T10:13:52.308240+00:00 SEV-2 WARN: test_r2_medium.py — mock_usage:import
2026-04-04T10:13:52.308241+00:00 SEV-2 WARN: test_r2_medium.py — mock_usage:instantiation
2026-04-04T10:13:52.308242+00:00 SEV-2 WARN: test_resume_effectiveness.py — mock_usage:import
2026-04-04T10:13:52.308243+00:00 SEV-2 WARN: test_resume_effectiveness.py — mock_usage:instantiation
2026-04-04T10:13:52.308244+00:00 SEV-2 WARN: test_w1_teaching_injection.py — mock_usage:import
2026-04-04T10:13:52.308245+00:00 SEV-2 WARN: test_w6_ai_journey_source.py — mock_usage:import
2026-04-04T10:13:52.308246+00:00 SEV-2 WARN: test_w6_ai_journey_source.py — mock_usage:instantiation
2026-04-04T10:23:48.371015+00:00 SEV-2 WARN: test_arango_context_injection.py — mock_usage:import
2026-04-04T10:23:48.371020+00:00 SEV-2 WARN: test_arango_context_injection.py — mock_usage:instantiation
2026-04-04T10:23:48.371021+00:00 SEV-2 WARN: test_claim_recording.py — mock_usage:import
2026-04-04T10:23:48.371023+00:00 SEV-2 WARN: test_claim_recording.py — mock_usage:instantiation
2026-04-04T10:23:48.371024+00:00 SEV-2 WARN: test_deep_profile_staleness.py — silent_pass:test_status_200_has_required_fields
2026-04-04T10:23:48.371025+00:00 SEV-2 WARN: test_deep_profile_staleness.py — mock_usage:import
2026-04-04T10:23:48.371026+00:00 SEV-2 WARN: test_enforcement.py — mock_usage:import
2026-04-04T10:23:48.371027+00:00 SEV-2 WARN: test_feedback_loop.py — silent_pass:test_correlations_200_has_required_fields
2026-04-04T10:23:48.371028+00:00 SEV-2 WARN: test_feedback_loop.py — silent_pass:test_feedback_summary_200_has_counts
2026-04-04T10:23:48.371029+00:00 SEV-2 WARN: test_feedback_loop.py — mock_usage:import
2026-04-04T10:23:48.371030+00:00 SEV-2 WARN: test_feedback_loop.py — mock_usage:instantiation
2026-04-04T10:23:48.371031+00:00 SEV-2 WARN: test_graph_traceability.py — silent_pass:test_coverage_200_has_required_fields
2026-04-04T10:23:48.371032+00:00 SEV-2 WARN: test_graph_traceability.py — silent_pass:test_coverage_pct_between_0_and_100
2026-04-04T10:23:48.371033+00:00 SEV-2 WARN: test_graph_traceability.py — mock_usage:import
2026-04-04T10:23:48.371034+00:00 SEV-2 WARN: test_graph_traceability.py — mock_usage:instantiation
2026-04-04T10:23:48.371035+00:00 SEV-2 WARN: test_interview_pf_gating.py — mock_usage:import
2026-04-04T10:23:48.371036+00:00 SEV-2 WARN: test_linkedin_narrative_regen.py — mock_usage:import
2026-04-04T10:23:48.371037+00:00 SEV-2 WARN: test_ml_feedback_loop.py — mock_usage:import
2026-04-04T10:23:48.371037+00:00 SEV-2 WARN: test_ml_feedback_loop.py — mock_usage:instantiation
2026-04-04T10:23:48.371038+00:00 SEV-2 WARN: test_p0b_ftal_integration.py — mock_usage:import
2026-04-04T10:23:48.371039+00:00 SEV-2 WARN: test_p0b_ftal_integration.py — mock_usage:instantiation
2026-04-04T10:23:48.371040+00:00 SEV-2 WARN: test_p1a_sqlite_hardening.py — mock_usage:import
2026-04-04T10:23:48.371041+00:00 SEV-2 WARN: test_p2f_db_engine.py — mock_usage:import
2026-04-04T10:23:48.371042+00:00 SEV-2 WARN: test_p2f_db_engine.py — mock_usage:instantiation
2026-04-04T10:23:48.371043+00:00 SEV-2 WARN: test_p3a_security.py — mock_usage:import
2026-04-04T10:23:48.371044+00:00 SEV-2 WARN: test_p3a_security.py — mock_usage:instantiation
2026-04-04T10:23:48.371045+00:00 SEV-2 WARN: test_parallel_orchestrator.py — mock_usage:import
2026-04-04T10:23:48.371045+00:00 SEV-2 WARN: test_persona_seed.py — mock_usage:import
2026-04-04T10:23:48.371046+00:00 SEV-2 WARN: test_persona_seed.py — mock_usage:instantiation
2026-04-04T10:23:48.371047+00:00 SEV-2 WARN: test_personaforge_client.py — mock_usage:import
2026-04-04T10:23:48.371048+00:00 SEV-2 WARN: test_personaforge_client.py — mock_usage:instantiation
2026-04-04T10:23:48.371049+00:00 SEV-2 WARN: test_pg_migration.py — silent_pass:test_pdf_download_name_contains_id
2026-04-04T10:23:48.371050+00:00 SEV-2 WARN: test_pg_migration.py — mock_usage:instantiation
2026-04-04T10:23:48.371051+00:00 SEV-2 WARN: test_r2_low.py — mock_usage:import
2026-04-04T10:23:48.371051+00:00 SEV-2 WARN: test_r2_low.py — mock_usage:instantiation
2026-04-04T10:23:48.371052+00:00 SEV-2 WARN: test_r2_medium.py — mock_usage:import
2026-04-04T10:23:48.371053+00:00 SEV-2 WARN: test_r2_medium.py — mock_usage:instantiation
2026-04-04T10:23:48.371054+00:00 SEV-2 WARN: test_resume_effectiveness.py — mock_usage:import
2026-04-04T10:23:48.371055+00:00 SEV-2 WARN: test_resume_effectiveness.py — mock_usage:instantiation
2026-04-04T10:23:48.371056+00:00 SEV-2 WARN: test_w1_teaching_injection.py — mock_usage:import
2026-04-04T10:23:48.371056+00:00 SEV-2 WARN: test_w6_ai_journey_source.py — mock_usage:import
2026-04-04T10:23:48.371057+00:00 SEV-2 WARN: test_w6_ai_journey_source.py — mock_usage:instantiation
2026-04-04T10:23:49.261067+00:00 SEV-2 WARN: test_arango_context_injection.py — mock_usage:import
2026-04-04T10:23:49.261071+00:00 SEV-2 WARN: test_arango_context_injection.py — mock_usage:instantiation
2026-04-04T10:23:49.261072+00:00 SEV-2 WARN: test_claim_recording.py — mock_usage:import
2026-04-04T10:23:49.261073+00:00 SEV-2 WARN: test_claim_recording.py — mock_usage:instantiation
2026-04-04T10:23:49.261074+00:00 SEV-2 WARN: test_deep_profile_staleness.py — silent_pass:test_status_200_has_required_fields
2026-04-04T10:23:49.261075+00:00 SEV-2 WARN: test_deep_profile_staleness.py — mock_usage:import
2026-04-04T10:23:49.261076+00:00 SEV-2 WARN: test_enforcement.py — mock_usage:import
2026-04-04T10:23:49.261077+00:00 SEV-2 WARN: test_feedback_loop.py — silent_pass:test_correlations_200_has_required_fields
2026-04-04T10:23:49.261078+00:00 SEV-2 WARN: test_feedback_loop.py — silent_pass:test_feedback_summary_200_has_counts
2026-04-04T10:23:49.261079+00:00 SEV-2 WARN: test_feedback_loop.py — mock_usage:import
2026-04-04T10:23:49.261080+00:00 SEV-2 WARN: test_feedback_loop.py — mock_usage:instantiation
2026-04-04T10:23:49.261081+00:00 SEV-2 WARN: test_graph_traceability.py — silent_pass:test_coverage_200_has_required_fields
2026-04-04T10:23:49.261082+00:00 SEV-2 WARN: test_graph_traceability.py — silent_pass:test_coverage_pct_between_0_and_100
2026-04-04T10:23:49.261082+00:00 SEV-2 WARN: test_graph_traceability.py — mock_usage:import
2026-04-04T10:23:49.261083+00:00 SEV-2 WARN: test_graph_traceability.py — mock_usage:instantiation
2026-04-04T10:23:49.261085+00:00 SEV-2 WARN: test_interview_pf_gating.py — mock_usage:import
2026-04-04T10:23:49.261086+00:00 SEV-2 WARN: test_linkedin_narrative_regen.py — mock_usage:import
2026-04-04T10:23:49.261086+00:00 SEV-2 WARN: test_ml_feedback_loop.py — mock_usage:import
2026-04-04T10:23:49.261087+00:00 SEV-2 WARN: test_ml_feedback_loop.py — mock_usage:instantiation
2026-04-04T10:23:49.261088+00:00 SEV-2 WARN: test_p0b_ftal_integration.py — mock_usage:import
2026-04-04T10:23:49.261089+00:00 SEV-2 WARN: test_p0b_ftal_integration.py — mock_usage:instantiation
2026-04-04T10:23:49.261090+00:00 SEV-2 WARN: test_p1a_sqlite_hardening.py — mock_usage:import
2026-04-04T10:23:49.261091+00:00 SEV-2 WARN: test_p2f_db_engine.py — mock_usage:import
2026-04-04T10:23:49.261091+00:00 SEV-2 WARN: test_p2f_db_engine.py — mock_usage:instantiation
2026-04-04T10:23:49.261092+00:00 SEV-2 WARN: test_p3a_security.py — mock_usage:import
2026-04-04T10:23:49.261093+00:00 SEV-2 WARN: test_p3a_security.py — mock_usage:instantiation
2026-04-04T10:23:49.261094+00:00 SEV-2 WARN: test_parallel_orchestrator.py — mock_usage:import
2026-04-04T10:23:49.261095+00:00 SEV-2 WARN: test_persona_seed.py — mock_usage:import
2026-04-04T10:23:49.261096+00:00 SEV-2 WARN: test_persona_seed.py — mock_usage:instantiation
2026-04-04T10:23:49.261097+00:00 SEV-2 WARN: test_personaforge_client.py — mock_usage:import
2026-04-04T10:23:49.261098+00:00 SEV-2 WARN: test_personaforge_client.py — mock_usage:instantiation
2026-04-04T10:23:49.261099+00:00 SEV-2 WARN: test_pg_migration.py — silent_pass:test_pdf_download_name_contains_id
2026-04-04T10:23:49.261100+00:00 SEV-2 WARN: test_pg_migration.py — mock_usage:instantiation
2026-04-04T10:23:49.261100+00:00 SEV-2 WARN: test_r2_low.py — mock_usage:import
2026-04-04T10:23:49.261101+00:00 SEV-2 WARN: test_r2_low.py — mock_usage:instantiation
2026-04-04T10:23:49.261102+00:00 SEV-2 WARN: test_r2_medium.py — mock_usage:import
2026-04-04T10:23:49.261103+00:00 SEV-2 WARN: test_r2_medium.py — mock_usage:instantiation
2026-04-04T10:23:49.261104+00:00 SEV-2 WARN: test_resume_effectiveness.py — mock_usage:import
2026-04-04T10:23:49.261105+00:00 SEV-2 WARN: test_resume_effectiveness.py — mock_usage:instantiation
2026-04-04T10:23:49.261106+00:00 SEV-2 WARN: test_w1_teaching_injection.py — mock_usage:import
2026-04-04T10:23:49.261107+00:00 SEV-2 WARN: test_w6_ai_journey_source.py — mock_usage:import
2026-04-04T10:23:49.261108+00:00 SEV-2 WARN: test_w6_ai_journey_source.py — mock_usage:instantiation
2026-04-04T10:23:49.988523+00:00 SEV-2 WARN: test_arango_context_injection.py — mock_usage:import
2026-04-04T10:23:49.988527+00:00 SEV-2 WARN: test_arango_context_injection.py — mock_usage:instantiation
2026-04-04T10:23:49.988528+00:00 SEV-2 WARN: test_claim_recording.py — mock_usage:import
2026-04-04T10:23:49.988529+00:00 SEV-2 WARN: test_claim_recording.py — mock_usage:instantiation
2026-04-04T10:23:49.988530+00:00 SEV-2 WARN: test_deep_profile_staleness.py — silent_pass:test_status_200_has_required_fields
2026-04-04T10:23:49.988531+00:00 SEV-2 WARN: test_deep_profile_staleness.py — mock_usage:import
2026-04-04T10:23:49.988532+00:00 SEV-2 WARN: test_enforcement.py — mock_usage:import
2026-04-04T10:23:49.988533+00:00 SEV-2 WARN: test_feedback_loop.py — silent_pass:test_correlations_200_has_required_fields
2026-04-04T10:23:49.988534+00:00 SEV-2 WARN: test_feedback_loop.py — silent_pass:test_feedback_summary_200_has_counts
2026-04-04T10:23:49.988535+00:00 SEV-2 WARN: test_feedback_loop.py — mock_usage:import
2026-04-04T10:23:49.988536+00:00 SEV-2 WARN: test_feedback_loop.py — mock_usage:instantiation
2026-04-04T10:23:49.988537+00:00 SEV-2 WARN: test_graph_traceability.py — silent_pass:test_coverage_200_has_required_fields
2026-04-04T10:23:49.988538+00:00 SEV-2 WARN: test_graph_traceability.py — silent_pass:test_coverage_pct_between_0_and_100
2026-04-04T10:23:49.988539+00:00 SEV-2 WARN: test_graph_traceability.py — mock_usage:import
2026-04-04T10:23:49.988539+00:00 SEV-2 WARN: test_graph_traceability.py — mock_usage:instantiation
2026-04-04T10:23:49.988540+00:00 SEV-2 WARN: test_interview_pf_gating.py — mock_usage:import
2026-04-04T10:23:49.988541+00:00 SEV-2 WARN: test_linkedin_narrative_regen.py — mock_usage:import
2026-04-04T10:23:49.988542+00:00 SEV-2 WARN: test_ml_feedback_loop.py — mock_usage:import
2026-04-04T10:23:49.988543+00:00 SEV-2 WARN: test_ml_feedback_loop.py — mock_usage:instantiation
2026-04-04T10:23:49.988544+00:00 SEV-2 WARN: test_p0b_ftal_integration.py — mock_usage:import
2026-04-04T10:23:49.988544+00:00 SEV-2 WARN: test_p0b_ftal_integration.py — mock_usage:instantiation
2026-04-04T10:23:49.988545+00:00 SEV-2 WARN: test_p1a_sqlite_hardening.py — mock_usage:import
2026-04-04T10:23:49.988546+00:00 SEV-2 WARN: test_p2f_db_engine.py — mock_usage:import
2026-04-04T10:23:49.988547+00:00 SEV-2 WARN: test_p2f_db_engine.py — mock_usage:instantiation
2026-04-04T10:23:49.988548+00:00 SEV-2 WARN: test_p3a_security.py — mock_usage:import
2026-04-04T10:23:49.988549+00:00 SEV-2 WARN: test_p3a_security.py — mock_usage:instantiation
2026-04-04T10:23:49.988550+00:00 SEV-2 WARN: test_parallel_orchestrator.py — mock_usage:import
2026-04-04T10:23:49.988550+00:00 SEV-2 WARN: test_persona_seed.py — mock_usage:import
2026-04-04T10:23:49.988551+00:00 SEV-2 WARN: test_persona_seed.py — mock_usage:instantiation
2026-04-04T10:23:49.988552+00:00 SEV-2 WARN: test_personaforge_client.py — mock_usage:import
2026-04-04T10:23:49.988553+00:00 SEV-2 WARN: test_personaforge_client.py — mock_usage:instantiation
2026-04-04T10:23:49.988554+00:00 SEV-2 WARN: test_pg_migration.py — silent_pass:test_pdf_download_name_contains_id
2026-04-04T10:23:49.988555+00:00 SEV-2 WARN: test_pg_migration.py — mock_usage:instantiation
2026-04-04T10:23:49.988556+00:00 SEV-2 WARN: test_r2_low.py — mock_usage:import
2026-04-04T10:23:49.988556+00:00 SEV-2 WARN: test_r2_low.py — mock_usage:instantiation
2026-04-04T10:23:49.988557+00:00 SEV-2 WARN: test_r2_medium.py — mock_usage:import
2026-04-04T10:23:49.988558+00:00 SEV-2 WARN: test_r2_medium.py — mock_usage:instantiation
2026-04-04T10:23:49.988559+00:00 SEV-2 WARN: test_resume_effectiveness.py — mock_usage:import
2026-04-04T10:23:49.988560+00:00 SEV-2 WARN: test_resume_effectiveness.py — mock_usage:instantiation
2026-04-04T10:23:49.988561+00:00 SEV-2 WARN: test_w1_teaching_injection.py — mock_usage:import
2026-04-04T10:23:49.988562+00:00 SEV-2 WARN: test_w6_ai_journey_source.py — mock_usage:import
2026-04-04T10:23:49.988563+00:00 SEV-2 WARN: test_w6_ai_journey_source.py — mock_usage:instantiation
2026-04-04T10:23:50.852977+00:00 SEV-2 WARN: test_arango_context_injection.py — mock_usage:import
2026-04-04T10:23:50.852980+00:00 SEV-2 WARN: test_arango_context_injection.py — mock_usage:instantiation
2026-04-04T10:23:50.852982+00:00 SEV-2 WARN: test_claim_recording.py — mock_usage:import
2026-04-04T10:23:50.852983+00:00 SEV-2 WARN: test_claim_recording.py — mock_usage:instantiation
2026-04-04T10:23:50.852984+00:00 SEV-2 WARN: test_deep_profile_staleness.py — silent_pass:test_status_200_has_required_fields
2026-04-04T10:23:50.852984+00:00 SEV-2 WARN: test_deep_profile_staleness.py — mock_usage:import
2026-04-04T10:23:50.852986+00:00 SEV-2 WARN: test_enforcement.py — mock_usage:import
2026-04-04T10:23:50.852986+00:00 SEV-2 WARN: test_feedback_loop.py — silent_pass:test_correlations_200_has_required_fields
2026-04-04T10:23:50.852987+00:00 SEV-2 WARN: test_feedback_loop.py — silent_pass:test_feedback_summary_200_has_counts
2026-04-04T10:23:50.852988+00:00 SEV-2 WARN: test_feedback_loop.py — mock_usage:import
2026-04-04T10:23:50.852989+00:00 SEV-2 WARN: test_feedback_loop.py — mock_usage:instantiation
2026-04-04T10:23:50.852990+00:00 SEV-2 WARN: test_graph_traceability.py — silent_pass:test_coverage_200_has_required_fields
2026-04-04T10:23:50.852991+00:00 SEV-2 WARN: test_graph_traceability.py — silent_pass:test_coverage_pct_between_0_and_100
2026-04-04T10:23:50.852992+00:00 SEV-2 WARN: test_graph_traceability.py — mock_usage:import
2026-04-04T10:23:50.852993+00:00 SEV-2 WARN: test_graph_traceability.py — mock_usage:instantiation
2026-04-04T10:23:50.852994+00:00 SEV-2 WARN: test_interview_pf_gating.py — mock_usage:import
2026-04-04T10:23:50.852994+00:00 SEV-2 WARN: test_linkedin_narrative_regen.py — mock_usage:import
2026-04-04T10:23:50.852995+00:00 SEV-2 WARN: test_ml_feedback_loop.py — mock_usage:import
2026-04-04T10:23:50.852996+00:00 SEV-2 WARN: test_ml_feedback_loop.py — mock_usage:instantiation
2026-04-04T10:23:50.852997+00:00 SEV-2 WARN: test_p0b_ftal_integration.py — mock_usage:import
2026-04-04T10:23:50.852998+00:00 SEV-2 WARN: test_p0b_ftal_integration.py — mock_usage:instantiation
2026-04-04T10:23:50.852999+00:00 SEV-2 WARN: test_p1a_sqlite_hardening.py — mock_usage:import
2026-04-04T10:23:50.852999+00:00 SEV-2 WARN: test_p2f_db_engine.py — mock_usage:import
2026-04-04T10:23:50.853000+00:00 SEV-2 WARN: test_p2f_db_engine.py — mock_usage:instantiation
2026-04-04T10:23:50.853001+00:00 SEV-2 WARN: test_p3a_security.py — mock_usage:import
2026-04-04T10:23:50.853002+00:00 SEV-2 WARN: test_p3a_security.py — mock_usage:instantiation
2026-04-04T10:23:50.853003+00:00 SEV-2 WARN: test_parallel_orchestrator.py — mock_usage:import
2026-04-04T10:23:50.853004+00:00 SEV-2 WARN: test_persona_seed.py — mock_usage:import
2026-04-04T10:23:50.853005+00:00 SEV-2 WARN: test_persona_seed.py — mock_usage:instantiation
2026-04-04T10:23:50.853005+00:00 SEV-2 WARN: test_personaforge_client.py — mock_usage:import
2026-04-04T10:23:50.853006+00:00 SEV-2 WARN: test_personaforge_client.py — mock_usage:instantiation
2026-04-04T10:23:50.853007+00:00 SEV-2 WARN: test_pg_migration.py — silent_pass:test_pdf_download_name_contains_id
2026-04-04T10:23:50.853008+00:00 SEV-2 WARN: test_pg_migration.py — mock_usage:instantiation
2026-04-04T10:23:50.853009+00:00 SEV-2 WARN: test_r2_low.py — mock_usage:import
2026-04-04T10:23:50.853010+00:00 SEV-2 WARN: test_r2_low.py — mock_usage:instantiation
2026-04-04T10:23:50.853011+00:00 SEV-2 WARN: test_r2_medium.py — mock_usage:import
2026-04-04T10:23:50.853012+00:00 SEV-2 WARN: test_r2_medium.py — mock_usage:instantiation
2026-04-04T10:23:50.853013+00:00 SEV-2 WARN: test_resume_effectiveness.py — mock_usage:import
2026-04-04T10:23:50.853013+00:00 SEV-2 WARN: test_resume_effectiveness.py — mock_usage:instantiation
2026-04-04T10:23:50.853014+00:00 SEV-2 WARN: test_w1_teaching_injection.py — mock_usage:import
2026-04-04T10:23:50.853015+00:00 SEV-2 WARN: test_w6_ai_journey_source.py — mock_usage:import
2026-04-04T10:23:50.853016+00:00 SEV-2 WARN: test_w6_ai_journey_source.py — mock_usage:instantiation
2026-04-04T10:23:52.465587+00:00 SEV-2 WARN: test_arango_context_injection.py — mock_usage:import
2026-04-04T10:23:52.465591+00:00 SEV-2 WARN: test_arango_context_injection.py — mock_usage:instantiation
2026-04-04T10:23:52.465592+00:00 SEV-2 WARN: test_claim_recording.py — mock_usage:import
2026-04-04T10:23:52.465593+00:00 SEV-2 WARN: test_claim_recording.py — mock_usage:instantiation
2026-04-04T10:23:52.465594+00:00 SEV-2 WARN: test_deep_profile_staleness.py — silent_pass:test_status_200_has_required_fields
2026-04-04T10:23:52.465595+00:00 SEV-2 WARN: test_deep_profile_staleness.py — mock_usage:import
2026-04-04T10:23:52.465596+00:00 SEV-2 WARN: test_enforcement.py — mock_usage:import
2026-04-04T10:23:52.465596+00:00 SEV-2 WARN: test_feedback_loop.py — silent_pass:test_correlations_200_has_required_fields
2026-04-04T10:23:52.465597+00:00 SEV-2 WARN: test_feedback_loop.py — silent_pass:test_feedback_summary_200_has_counts
2026-04-04T10:23:52.465598+00:00 SEV-2 WARN: test_feedback_loop.py — mock_usage:import
2026-04-04T10:23:52.465599+00:00 SEV-2 WARN: test_feedback_loop.py — mock_usage:instantiation
2026-04-04T10:23:52.465600+00:00 SEV-2 WARN: test_graph_traceability.py — silent_pass:test_coverage_200_has_required_fields
2026-04-04T10:23:52.465601+00:00 SEV-2 WARN: test_graph_traceability.py — silent_pass:test_coverage_pct_between_0_and_100
2026-04-04T10:23:52.465602+00:00 SEV-2 WARN: test_graph_traceability.py — mock_usage:import
2026-04-04T10:23:52.465603+00:00 SEV-2 WARN: test_graph_traceability.py — mock_usage:instantiation
2026-04-04T10:23:52.465603+00:00 SEV-2 WARN: test_interview_pf_gating.py — mock_usage:import
2026-04-04T10:23:52.465604+00:00 SEV-2 WARN: test_linkedin_narrative_regen.py — mock_usage:import
2026-04-04T10:23:52.465605+00:00 SEV-2 WARN: test_ml_feedback_loop.py — mock_usage:import
2026-04-04T10:23:52.465606+00:00 SEV-2 WARN: test_ml_feedback_loop.py — mock_usage:instantiation
2026-04-04T10:23:52.465607+00:00 SEV-2 WARN: test_p0b_ftal_integration.py — mock_usage:import
2026-04-04T10:23:52.465608+00:00 SEV-2 WARN: test_p0b_ftal_integration.py — mock_usage:instantiation
2026-04-04T10:23:52.465609+00:00 SEV-2 WARN: test_p1a_sqlite_hardening.py — mock_usage:import
2026-04-04T10:23:52.465609+00:00 SEV-2 WARN: test_p2f_db_engine.py — mock_usage:import
2026-04-04T10:23:52.465610+00:00 SEV-2 WARN: test_p2f_db_engine.py — mock_usage:instantiation
2026-04-04T10:23:52.465611+00:00 SEV-2 WARN: test_p3a_security.py — mock_usage:import
2026-04-04T10:23:52.465612+00:00 SEV-2 WARN: test_p3a_security.py — mock_usage:instantiation
2026-04-04T10:23:52.465613+00:00 SEV-2 WARN: test_parallel_orchestrator.py — mock_usage:import
2026-04-04T10:23:52.465614+00:00 SEV-2 WARN: test_persona_seed.py — mock_usage:import
2026-04-04T10:23:52.465615+00:00 SEV-2 WARN: test_persona_seed.py — mock_usage:instantiation
2026-04-04T10:23:52.465616+00:00 SEV-2 WARN: test_personaforge_client.py — mock_usage:import
2026-04-04T10:23:52.465616+00:00 SEV-2 WARN: test_personaforge_client.py — mock_usage:instantiation
2026-04-04T10:23:52.465617+00:00 SEV-2 WARN: test_pg_migration.py — silent_pass:test_pdf_download_name_contains_id
2026-04-04T10:23:52.465618+00:00 SEV-2 WARN: test_pg_migration.py — mock_usage:instantiation
2026-04-04T10:23:52.465619+00:00 SEV-2 WARN: test_r2_low.py — mock_usage:import
2026-04-04T10:23:52.465620+00:00 SEV-2 WARN: test_r2_low.py — mock_usage:instantiation
2026-04-04T10:23:52.465621+00:00 SEV-2 WARN: test_r2_medium.py — mock_usage:import
2026-04-04T10:23:52.465622+00:00 SEV-2 WARN: test_r2_medium.py — mock_usage:instantiation
2026-04-04T10:23:52.465623+00:00 SEV-2 WARN: test_resume_effectiveness.py — mock_usage:import
2026-04-04T10:23:52.465623+00:00 SEV-2 WARN: test_resume_effectiveness.py — mock_usage:instantiation
2026-04-04T10:23:52.465624+00:00 SEV-2 WARN: test_w1_teaching_injection.py — mock_usage:import
2026-04-04T10:23:52.465625+00:00 SEV-2 WARN: test_w6_ai_journey_source.py — mock_usage:import
2026-04-04T10:23:52.465626+00:00 SEV-2 WARN: test_w6_ai_journey_source.py — mock_usage:instantiation
2026-04-10T01:45:42.717560+00:00 SEV-2 WARN: test_arango_context_injection.py — mock_usage:import
2026-04-10T01:45:42.717568+00:00 SEV-2 WARN: test_arango_context_injection.py — mock_usage:instantiation
2026-04-10T01:45:42.717571+00:00 SEV-2 WARN: test_claim_recording.py — mock_usage:import
2026-04-10T01:45:42.717573+00:00 SEV-2 WARN: test_claim_recording.py — mock_usage:instantiation
2026-04-10T01:45:42.717575+00:00 SEV-2 WARN: test_ct1_governance_outcomes.py — mock_usage:import
2026-04-10T01:45:42.717576+00:00 SEV-2 WARN: test_ct1_governance_outcomes.py — mock_usage:instantiation
2026-04-10T01:45:42.717578+00:00 SEV-2 WARN: test_ct4_arango_context_injection.py — mock_usage:import
2026-04-10T01:45:42.717579+00:00 SEV-2 WARN: test_ct5_cross_model_verifier.py — mock_usage:import
2026-04-10T01:45:42.717581+00:00 SEV-2 WARN: test_ct6_failure_teaching.py — mock_usage:import
2026-04-10T01:45:42.717583+00:00 SEV-2 WARN: test_ct9_interview_effectiveness.py — mock_usage:import
2026-04-10T01:45:42.717585+00:00 SEV-2 WARN: test_deep_profile_staleness.py — silent_pass:test_status_200_has_required_fields
2026-04-10T01:45:42.717587+00:00 SEV-2 WARN: test_deep_profile_staleness.py — mock_usage:import
2026-04-10T01:45:42.717589+00:00 SEV-2 WARN: test_enforcement.py — mock_usage:import
2026-04-10T01:45:42.717590+00:00 SEV-2 WARN: test_feedback_loop.py — silent_pass:test_correlations_200_has_required_fields
2026-04-10T01:45:42.717592+00:00 SEV-2 WARN: test_feedback_loop.py — silent_pass:test_feedback_summary_200_has_counts
2026-04-10T01:45:42.717594+00:00 SEV-2 WARN: test_feedback_loop.py — mock_usage:import
2026-04-10T01:45:42.717596+00:00 SEV-2 WARN: test_feedback_loop.py — mock_usage:instantiation
2026-04-10T01:45:42.717598+00:00 SEV-2 WARN: test_graph_traceability.py — silent_pass:test_coverage_200_has_required_fields
2026-04-10T01:45:42.717599+00:00 SEV-2 WARN: test_graph_traceability.py — silent_pass:test_coverage_pct_between_0_and_100
2026-04-10T01:45:42.717601+00:00 SEV-2 WARN: test_graph_traceability.py — mock_usage:import
2026-04-10T01:45:42.717603+00:00 SEV-2 WARN: test_graph_traceability.py — mock_usage:instantiation
2026-04-10T01:45:42.717604+00:00 SEV-2 WARN: test_interview_pf_gating.py — mock_usage:import
2026-04-10T01:45:42.717606+00:00 SEV-2 WARN: test_linkedin_narrative_regen.py — mock_usage:import
2026-04-10T01:45:42.717608+00:00 SEV-2 WARN: test_ml_feedback_loop.py — mock_usage:import
2026-04-10T01:45:42.717610+00:00 SEV-2 WARN: test_ml_feedback_loop.py — mock_usage:instantiation
2026-04-10T01:45:42.717611+00:00 SEV-2 WARN: test_p0b_ftal_integration.py — mock_usage:import
2026-04-10T01:45:42.717613+00:00 SEV-2 WARN: test_p0b_ftal_integration.py — mock_usage:instantiation
2026-04-10T01:45:42.717615+00:00 SEV-2 WARN: test_p1a_sqlite_hardening.py — mock_usage:import
2026-04-10T01:45:42.717616+00:00 SEV-2 WARN: test_p2f_db_engine.py — mock_usage:import
2026-04-10T01:45:42.717618+00:00 SEV-2 WARN: test_p2f_db_engine.py — mock_usage:instantiation
2026-04-10T01:45:42.717620+00:00 SEV-2 WARN: test_p3a_security.py — mock_usage:import
2026-04-10T01:45:42.717621+00:00 SEV-2 WARN: test_p3a_security.py — mock_usage:instantiation
2026-04-10T01:45:42.717623+00:00 SEV-2 WARN: test_parallel_orchestrator.py — mock_usage:import
2026-04-10T01:45:42.717625+00:00 SEV-2 WARN: test_persona_seed.py — mock_usage:import
2026-04-10T01:45:42.717626+00:00 SEV-2 WARN: test_persona_seed.py — mock_usage:instantiation
2026-04-10T01:45:42.717628+00:00 SEV-2 WARN: test_personaforge_client.py — mock_usage:import
2026-04-10T01:45:42.717629+00:00 SEV-2 WARN: test_personaforge_client.py — mock_usage:instantiation
2026-04-10T01:45:42.717631+00:00 SEV-2 WARN: test_pg_migration.py — silent_pass:test_pdf_download_name_contains_id
2026-04-10T01:45:42.717633+00:00 SEV-2 WARN: test_pg_migration.py — mock_usage:instantiation
2026-04-10T01:45:42.717634+00:00 SEV-2 WARN: test_r2_low.py — mock_usage:import
2026-04-10T01:45:42.717637+00:00 SEV-2 WARN: test_r2_low.py — mock_usage:instantiation
2026-04-10T01:45:42.717638+00:00 SEV-2 WARN: test_r2_medium.py — mock_usage:import
2026-04-10T01:45:42.717640+00:00 SEV-2 WARN: test_r2_medium.py — mock_usage:instantiation
2026-04-10T01:45:42.717641+00:00 SEV-2 WARN: test_resume_effectiveness.py — mock_usage:import
2026-04-10T01:45:42.717643+00:00 SEV-2 WARN: test_resume_effectiveness.py — mock_usage:instantiation
2026-04-10T01:45:42.717645+00:00 SEV-2 WARN: test_w1_teaching_injection.py — mock_usage:import
2026-04-10T01:45:42.717646+00:00 SEV-2 WARN: test_w6_ai_journey_source.py — mock_usage:import
2026-04-10T01:45:42.717648+00:00 SEV-2 WARN: test_w6_ai_journey_source.py — mock_usage:instantiation
2026-04-10T01:45:44.074109+00:00 SEV-2 WARN: test_arango_context_injection.py — mock_usage:import
2026-04-10T01:45:44.074114+00:00 SEV-2 WARN: test_arango_context_injection.py — mock_usage:instantiation
2026-04-10T01:45:44.074116+00:00 SEV-2 WARN: test_claim_recording.py — mock_usage:import
2026-04-10T01:45:44.074118+00:00 SEV-2 WARN: test_claim_recording.py — mock_usage:instantiation
2026-04-10T01:45:44.074120+00:00 SEV-2 WARN: test_ct1_governance_outcomes.py — mock_usage:import
2026-04-10T01:45:44.074122+00:00 SEV-2 WARN: test_ct1_governance_outcomes.py — mock_usage:instantiation
2026-04-10T01:45:44.074123+00:00 SEV-2 WARN: test_ct4_arango_context_injection.py — mock_usage:import
2026-04-10T01:45:44.074125+00:00 SEV-2 WARN: test_ct5_cross_model_verifier.py — mock_usage:import
2026-04-10T01:45:44.074126+00:00 SEV-2 WARN: test_ct6_failure_teaching.py — mock_usage:import
2026-04-10T01:45:44.074128+00:00 SEV-2 WARN: test_ct9_interview_effectiveness.py — mock_usage:import
2026-04-10T01:45:44.074129+00:00 SEV-2 WARN: test_deep_profile_staleness.py — silent_pass:test_status_200_has_required_fields
2026-04-10T01:45:44.074131+00:00 SEV-2 WARN: test_deep_profile_staleness.py — mock_usage:import
2026-04-10T01:45:44.074133+00:00 SEV-2 WARN: test_enforcement.py — mock_usage:import
2026-04-10T01:45:44.074134+00:00 SEV-2 WARN: test_feedback_loop.py — silent_pass:test_correlations_200_has_required_fields
2026-04-10T01:45:44.074136+00:00 SEV-2 WARN: test_feedback_loop.py — silent_pass:test_feedback_summary_200_has_counts
2026-04-10T01:45:44.074137+00:00 SEV-2 WARN: test_feedback_loop.py — mock_usage:import
2026-04-10T01:45:44.074139+00:00 SEV-2 WARN: test_feedback_loop.py — mock_usage:instantiation
2026-04-10T01:45:44.074140+00:00 SEV-2 WARN: test_graph_traceability.py — silent_pass:test_coverage_200_has_required_fields
2026-04-10T01:45:44.074142+00:00 SEV-2 WARN: test_graph_traceability.py — silent_pass:test_coverage_pct_between_0_and_100
2026-04-10T01:45:44.074144+00:00 SEV-2 WARN: test_graph_traceability.py — mock_usage:import
2026-04-10T01:45:44.074145+00:00 SEV-2 WARN: test_graph_traceability.py — mock_usage:instantiation
2026-04-10T01:45:44.074147+00:00 SEV-2 WARN: test_interview_pf_gating.py — mock_usage:import
2026-04-10T01:45:44.074148+00:00 SEV-2 WARN: test_linkedin_narrative_regen.py — mock_usage:import
2026-04-10T01:45:44.074150+00:00 SEV-2 WARN: test_ml_feedback_loop.py — mock_usage:import
2026-04-10T01:45:44.074151+00:00 SEV-2 WARN: test_ml_feedback_loop.py — mock_usage:instantiation
2026-04-10T01:45:44.074153+00:00 SEV-2 WARN: test_p0b_ftal_integration.py — mock_usage:import
2026-04-10T01:45:44.074155+00:00 SEV-2 WARN: test_p0b_ftal_integration.py — mock_usage:instantiation
2026-04-10T01:45:44.074157+00:00 SEV-2 WARN: test_p1a_sqlite_hardening.py — mock_usage:import
2026-04-10T01:45:44.074158+00:00 SEV-2 WARN: test_p2f_db_engine.py — mock_usage:import
2026-04-10T01:45:44.074160+00:00 SEV-2 WARN: test_p2f_db_engine.py — mock_usage:instantiation
2026-04-10T01:45:44.074162+00:00 SEV-2 WARN: test_p3a_security.py — mock_usage:import
2026-04-10T01:45:44.074163+00:00 SEV-2 WARN: test_p3a_security.py — mock_usage:instantiation
2026-04-10T01:45:44.074165+00:00 SEV-2 WARN: test_parallel_orchestrator.py — mock_usage:import
2026-04-10T01:45:44.074166+00:00 SEV-2 WARN: test_persona_seed.py — mock_usage:import
2026-04-10T01:45:44.074168+00:00 SEV-2 WARN: test_persona_seed.py — mock_usage:instantiation
2026-04-10T01:45:44.074169+00:00 SEV-2 WARN: test_personaforge_client.py — mock_usage:import
2026-04-10T01:45:44.074171+00:00 SEV-2 WARN: test_personaforge_client.py — mock_usage:instantiation
2026-04-10T01:45:44.074172+00:00 SEV-2 WARN: test_pg_migration.py — silent_pass:test_pdf_download_name_contains_id
2026-04-10T01:45:44.074174+00:00 SEV-2 WARN: test_pg_migration.py — mock_usage:instantiation
2026-04-10T01:45:44.074175+00:00 SEV-2 WARN: test_r2_low.py — mock_usage:import
2026-04-10T01:45:44.074177+00:00 SEV-2 WARN: test_r2_low.py — mock_usage:instantiation
2026-04-10T01:45:44.074179+00:00 SEV-2 WARN: test_r2_medium.py — mock_usage:import
2026-04-10T01:45:44.074180+00:00 SEV-2 WARN: test_r2_medium.py — mock_usage:instantiation
2026-04-10T01:45:44.074181+00:00 SEV-2 WARN: test_resume_effectiveness.py — mock_usage:import
2026-04-10T01:45:44.074183+00:00 SEV-2 WARN: test_resume_effectiveness.py — mock_usage:instantiation
2026-04-10T01:45:44.074184+00:00 SEV-2 WARN: test_w1_teaching_injection.py — mock_usage:import
2026-04-10T01:45:44.074186+00:00 SEV-2 WARN: test_w6_ai_journey_source.py — mock_usage:import
2026-04-10T01:45:44.074187+00:00 SEV-2 WARN: test_w6_ai_journey_source.py — mock_usage:instantiation
2026-04-10T01:45:45.464637+00:00 SEV-2 WARN: test_arango_context_injection.py — mock_usage:import
2026-04-10T01:45:45.464643+00:00 SEV-2 WARN: test_arango_context_injection.py — mock_usage:instantiation
2026-04-10T01:45:45.464645+00:00 SEV-2 WARN: test_claim_recording.py — mock_usage:import
2026-04-10T01:45:45.464647+00:00 SEV-2 WARN: test_claim_recording.py — mock_usage:instantiation
2026-04-10T01:45:45.464649+00:00 SEV-2 WARN: test_ct1_governance_outcomes.py — mock_usage:import
2026-04-10T01:45:45.464651+00:00 SEV-2 WARN: test_ct1_governance_outcomes.py — mock_usage:instantiation
2026-04-10T01:45:45.464652+00:00 SEV-2 WARN: test_ct4_arango_context_injection.py — mock_usage:import
2026-04-10T01:45:45.464654+00:00 SEV-2 WARN: test_ct5_cross_model_verifier.py — mock_usage:import
2026-04-10T01:45:45.464655+00:00 SEV-2 WARN: test_ct6_failure_teaching.py — mock_usage:import
2026-04-10T01:45:45.464657+00:00 SEV-2 WARN: test_ct9_interview_effectiveness.py — mock_usage:import
2026-04-10T01:45:45.464659+00:00 SEV-2 WARN: test_deep_profile_staleness.py — silent_pass:test_status_200_has_required_fields
2026-04-10T01:45:45.464660+00:00 SEV-2 WARN: test_deep_profile_staleness.py — mock_usage:import
2026-04-10T01:45:45.464662+00:00 SEV-2 WARN: test_enforcement.py — mock_usage:import
2026-04-10T01:45:45.464663+00:00 SEV-2 WARN: test_feedback_loop.py — silent_pass:test_correlations_200_has_required_fields
2026-04-10T01:45:45.464665+00:00 SEV-2 WARN: test_feedback_loop.py — silent_pass:test_feedback_summary_200_has_counts
2026-04-10T01:45:45.464666+00:00 SEV-2 WARN: test_feedback_loop.py — mock_usage:import
2026-04-10T01:45:45.464668+00:00 SEV-2 WARN: test_feedback_loop.py — mock_usage:instantiation
2026-04-10T01:45:45.464670+00:00 SEV-2 WARN: test_graph_traceability.py — silent_pass:test_coverage_200_has_required_fields
2026-04-10T01:45:45.464671+00:00 SEV-2 WARN: test_graph_traceability.py — silent_pass:test_coverage_pct_between_0_and_100
2026-04-10T01:45:45.464673+00:00 SEV-2 WARN: test_graph_traceability.py — mock_usage:import
2026-04-10T01:45:45.464675+00:00 SEV-2 WARN: test_graph_traceability.py — mock_usage:instantiation
2026-04-10T01:45:45.464677+00:00 SEV-2 WARN: test_interview_pf_gating.py — mock_usage:import
2026-04-10T01:45:45.464678+00:00 SEV-2 WARN: test_linkedin_narrative_regen.py — mock_usage:import
2026-04-10T01:45:45.464680+00:00 SEV-2 WARN: test_ml_feedback_loop.py — mock_usage:import
2026-04-10T01:45:45.464682+00:00 SEV-2 WARN: test_ml_feedback_loop.py — mock_usage:instantiation
2026-04-10T01:45:45.464684+00:00 SEV-2 WARN: test_p0b_ftal_integration.py — mock_usage:import
2026-04-10T01:45:45.464685+00:00 SEV-2 WARN: test_p0b_ftal_integration.py — mock_usage:instantiation
2026-04-10T01:45:45.464687+00:00 SEV-2 WARN: test_p1a_sqlite_hardening.py — mock_usage:import
2026-04-10T01:45:45.464688+00:00 SEV-2 WARN: test_p2f_db_engine.py — mock_usage:import
2026-04-10T01:45:45.464690+00:00 SEV-2 WARN: test_p2f_db_engine.py — mock_usage:instantiation
2026-04-10T01:45:45.464692+00:00 SEV-2 WARN: test_p3a_security.py — mock_usage:import
2026-04-10T01:45:45.464693+00:00 SEV-2 WARN: test_p3a_security.py — mock_usage:instantiation
2026-04-10T01:45:45.464695+00:00 SEV-2 WARN: test_parallel_orchestrator.py — mock_usage:import
2026-04-10T01:45:45.464696+00:00 SEV-2 WARN: test_persona_seed.py — mock_usage:import
2026-04-10T01:45:45.464698+00:00 SEV-2 WARN: test_persona_seed.py — mock_usage:instantiation
2026-04-10T01:45:45.464700+00:00 SEV-2 WARN: test_personaforge_client.py — mock_usage:import
2026-04-10T01:45:45.464701+00:00 SEV-2 WARN: test_personaforge_client.py — mock_usage:instantiation
2026-04-10T01:45:45.464703+00:00 SEV-2 WARN: test_pg_migration.py — silent_pass:test_pdf_download_name_contains_id
2026-04-10T01:45:45.464704+00:00 SEV-2 WARN: test_pg_migration.py — mock_usage:instantiation
2026-04-10T01:45:45.464706+00:00 SEV-2 WARN: test_r2_low.py — mock_usage:import
2026-04-10T01:45:45.464707+00:00 SEV-2 WARN: test_r2_low.py — mock_usage:instantiation
2026-04-10T01:45:45.464709+00:00 SEV-2 WARN: test_r2_medium.py — mock_usage:import
2026-04-10T01:45:45.464711+00:00 SEV-2 WARN: test_r2_medium.py — mock_usage:instantiation
2026-04-10T01:45:45.464712+00:00 SEV-2 WARN: test_resume_effectiveness.py — mock_usage:import
2026-04-10T01:45:45.464714+00:00 SEV-2 WARN: test_resume_effectiveness.py — mock_usage:instantiation
2026-04-10T01:45:45.464715+00:00 SEV-2 WARN: test_w1_teaching_injection.py — mock_usage:import
2026-04-10T01:45:45.464717+00:00 SEV-2 WARN: test_w6_ai_journey_source.py — mock_usage:import
2026-04-10T01:45:45.464718+00:00 SEV-2 WARN: test_w6_ai_journey_source.py — mock_usage:instantiation
2026-04-10T01:45:46.757137+00:00 SEV-2 WARN: test_arango_context_injection.py — mock_usage:import
2026-04-10T01:45:46.757142+00:00 SEV-2 WARN: test_arango_context_injection.py — mock_usage:instantiation
2026-04-10T01:45:46.757144+00:00 SEV-2 WARN: test_claim_recording.py — mock_usage:import
2026-04-10T01:45:46.757146+00:00 SEV-2 WARN: test_claim_recording.py — mock_usage:instantiation
2026-04-10T01:45:46.757147+00:00 SEV-2 WARN: test_ct1_governance_outcomes.py — mock_usage:import
2026-04-10T01:45:46.757149+00:00 SEV-2 WARN: test_ct1_governance_outcomes.py — mock_usage:instantiation
2026-04-10T01:45:46.757151+00:00 SEV-2 WARN: test_ct4_arango_context_injection.py — mock_usage:import
2026-04-10T01:45:46.757153+00:00 SEV-2 WARN: test_ct5_cross_model_verifier.py — mock_usage:import
2026-04-10T01:45:46.757154+00:00 SEV-2 WARN: test_ct6_failure_teaching.py — mock_usage:import
2026-04-10T01:45:46.757156+00:00 SEV-2 WARN: test_ct9_interview_effectiveness.py — mock_usage:import
2026-04-10T01:45:46.757157+00:00 SEV-2 WARN: test_deep_profile_staleness.py — silent_pass:test_status_200_has_required_fields
2026-04-10T01:45:46.757159+00:00 SEV-2 WARN: test_deep_profile_staleness.py — mock_usage:import
2026-04-10T01:45:46.757160+00:00 SEV-2 WARN: test_enforcement.py — mock_usage:import
2026-04-10T01:45:46.757162+00:00 SEV-2 WARN: test_feedback_loop.py — silent_pass:test_correlations_200_has_required_fields
2026-04-10T01:45:46.757164+00:00 SEV-2 WARN: test_feedback_loop.py — silent_pass:test_feedback_summary_200_has_counts
2026-04-10T01:45:46.757166+00:00 SEV-2 WARN: test_feedback_loop.py — mock_usage:import
2026-04-10T01:45:46.757167+00:00 SEV-2 WARN: test_feedback_loop.py — mock_usage:instantiation
2026-04-10T01:45:46.757169+00:00 SEV-2 WARN: test_graph_traceability.py — silent_pass:test_coverage_200_has_required_fields
2026-04-10T01:45:46.757171+00:00 SEV-2 WARN: test_graph_traceability.py — silent_pass:test_coverage_pct_between_0_and_100
2026-04-10T01:45:46.757172+00:00 SEV-2 WARN: test_graph_traceability.py — mock_usage:import
2026-04-10T01:45:46.757174+00:00 SEV-2 WARN: test_graph_traceability.py — mock_usage:instantiation
2026-04-10T01:45:46.757176+00:00 SEV-2 WARN: test_interview_pf_gating.py — mock_usage:import
2026-04-10T01:45:46.757177+00:00 SEV-2 WARN: test_linkedin_narrative_regen.py — mock_usage:import
2026-04-10T01:45:46.757179+00:00 SEV-2 WARN: test_ml_feedback_loop.py — mock_usage:import
2026-04-10T01:45:46.757180+00:00 SEV-2 WARN: test_ml_feedback_loop.py — mock_usage:instantiation
2026-04-10T01:45:46.757182+00:00 SEV-2 WARN: test_p0b_ftal_integration.py — mock_usage:import
2026-04-10T01:45:46.757184+00:00 SEV-2 WARN: test_p0b_ftal_integration.py — mock_usage:instantiation
2026-04-10T01:45:46.757185+00:00 SEV-2 WARN: test_p1a_sqlite_hardening.py — mock_usage:import
2026-04-10T01:45:46.757187+00:00 SEV-2 WARN: test_p2f_db_engine.py — mock_usage:import
2026-04-10T01:45:46.757188+00:00 SEV-2 WARN: test_p2f_db_engine.py — mock_usage:instantiation
2026-04-10T01:45:46.757190+00:00 SEV-2 WARN: test_p3a_security.py — mock_usage:import
2026-04-10T01:45:46.757191+00:00 SEV-2 WARN: test_p3a_security.py — mock_usage:instantiation
2026-04-10T01:45:46.757193+00:00 SEV-2 WARN: test_parallel_orchestrator.py — mock_usage:import
2026-04-10T01:45:46.757195+00:00 SEV-2 WARN: test_persona_seed.py — mock_usage:import
2026-04-10T01:45:46.757196+00:00 SEV-2 WARN: test_persona_seed.py — mock_usage:instantiation
2026-04-10T01:45:46.757198+00:00 SEV-2 WARN: test_personaforge_client.py — mock_usage:import
2026-04-10T01:45:46.757199+00:00 SEV-2 WARN: test_personaforge_client.py — mock_usage:instantiation
2026-04-10T01:45:46.757201+00:00 SEV-2 WARN: test_pg_migration.py — silent_pass:test_pdf_download_name_contains_id
2026-04-10T01:45:46.757203+00:00 SEV-2 WARN: test_pg_migration.py — mock_usage:instantiation
2026-04-10T01:45:46.757204+00:00 SEV-2 WARN: test_r2_low.py — mock_usage:import
2026-04-10T01:45:46.757206+00:00 SEV-2 WARN: test_r2_low.py — mock_usage:instantiation
2026-04-10T01:45:46.757208+00:00 SEV-2 WARN: test_r2_medium.py — mock_usage:import
2026-04-10T01:45:46.757209+00:00 SEV-2 WARN: test_r2_medium.py — mock_usage:instantiation
2026-04-10T01:45:46.757211+00:00 SEV-2 WARN: test_resume_effectiveness.py — mock_usage:import
2026-04-10T01:45:46.757212+00:00 SEV-2 WARN: test_resume_effectiveness.py — mock_usage:instantiation
2026-04-10T01:45:46.757214+00:00 SEV-2 WARN: test_w1_teaching_injection.py — mock_usage:import
2026-04-10T01:45:46.757215+00:00 SEV-2 WARN: test_w6_ai_journey_source.py — mock_usage:import
2026-04-10T01:45:46.757217+00:00 SEV-2 WARN: test_w6_ai_journey_source.py — mock_usage:instantiation
2026-04-10T01:45:49.447499+00:00 SEV-2 WARN: test_arango_context_injection.py — mock_usage:import
2026-04-10T01:45:49.447504+00:00 SEV-2 WARN: test_arango_context_injection.py — mock_usage:instantiation
2026-04-10T01:45:49.447505+00:00 SEV-2 WARN: test_claim_recording.py — mock_usage:import
2026-04-10T01:45:49.447507+00:00 SEV-2 WARN: test_claim_recording.py — mock_usage:instantiation
2026-04-10T01:45:49.447509+00:00 SEV-2 WARN: test_ct1_governance_outcomes.py — mock_usage:import
2026-04-10T01:45:49.447510+00:00 SEV-2 WARN: test_ct1_governance_outcomes.py — mock_usage:instantiation
2026-04-10T01:45:49.447512+00:00 SEV-2 WARN: test_ct4_arango_context_injection.py — mock_usage:import
2026-04-10T01:45:49.447513+00:00 SEV-2 WARN: test_ct5_cross_model_verifier.py — mock_usage:import
2026-04-10T01:45:49.447514+00:00 SEV-2 WARN: test_ct6_failure_teaching.py — mock_usage:import
2026-04-10T01:45:49.447515+00:00 SEV-2 WARN: test_ct9_interview_effectiveness.py — mock_usage:import
2026-04-10T01:45:49.447516+00:00 SEV-2 WARN: test_deep_profile_staleness.py — silent_pass:test_status_200_has_required_fields
2026-04-10T01:45:49.447517+00:00 SEV-2 WARN: test_deep_profile_staleness.py — mock_usage:import
2026-04-10T01:45:49.447518+00:00 SEV-2 WARN: test_enforcement.py — mock_usage:import
2026-04-10T01:45:49.447519+00:00 SEV-2 WARN: test_feedback_loop.py — silent_pass:test_correlations_200_has_required_fields
2026-04-10T01:45:49.447520+00:00 SEV-2 WARN: test_feedback_loop.py — silent_pass:test_feedback_summary_200_has_counts
2026-04-10T01:45:49.447521+00:00 SEV-2 WARN: test_feedback_loop.py — mock_usage:import
2026-04-10T01:45:49.447522+00:00 SEV-2 WARN: test_feedback_loop.py — mock_usage:instantiation
2026-04-10T01:45:49.447524+00:00 SEV-2 WARN: test_graph_traceability.py — silent_pass:test_coverage_200_has_required_fields
2026-04-10T01:45:49.447525+00:00 SEV-2 WARN: test_graph_traceability.py — silent_pass:test_coverage_pct_between_0_and_100
2026-04-10T01:45:49.447526+00:00 SEV-2 WARN: test_graph_traceability.py — mock_usage:import
2026-04-10T01:45:49.447527+00:00 SEV-2 WARN: test_graph_traceability.py — mock_usage:instantiation
2026-04-10T01:45:49.447528+00:00 SEV-2 WARN: test_interview_pf_gating.py — mock_usage:import
2026-04-10T01:45:49.447529+00:00 SEV-2 WARN: test_linkedin_narrative_regen.py — mock_usage:import
2026-04-10T01:45:49.447530+00:00 SEV-2 WARN: test_ml_feedback_loop.py — mock_usage:import
2026-04-10T01:45:49.447531+00:00 SEV-2 WARN: test_ml_feedback_loop.py — mock_usage:instantiation
2026-04-10T01:45:49.447532+00:00 SEV-2 WARN: test_p0b_ftal_integration.py — mock_usage:import
2026-04-10T01:45:49.447533+00:00 SEV-2 WARN: test_p0b_ftal_integration.py — mock_usage:instantiation
2026-04-10T01:45:49.447534+00:00 SEV-2 WARN: test_p1a_sqlite_hardening.py — mock_usage:import
2026-04-10T01:45:49.447535+00:00 SEV-2 WARN: test_p2f_db_engine.py — mock_usage:import
2026-04-10T01:45:49.447536+00:00 SEV-2 WARN: test_p2f_db_engine.py — mock_usage:instantiation
2026-04-10T01:45:49.447537+00:00 SEV-2 WARN: test_p3a_security.py — mock_usage:import
2026-04-10T01:45:49.447538+00:00 SEV-2 WARN: test_p3a_security.py — mock_usage:instantiation
2026-04-10T01:45:49.447539+00:00 SEV-2 WARN: test_parallel_orchestrator.py — mock_usage:import
2026-04-10T01:45:49.447540+00:00 SEV-2 WARN: test_persona_seed.py — mock_usage:import
2026-04-10T01:45:49.447541+00:00 SEV-2 WARN: test_persona_seed.py — mock_usage:instantiation
2026-04-10T01:45:49.447542+00:00 SEV-2 WARN: test_personaforge_client.py — mock_usage:import
2026-04-10T01:45:49.447543+00:00 SEV-2 WARN: test_personaforge_client.py — mock_usage:instantiation
2026-04-10T01:45:49.447544+00:00 SEV-2 WARN: test_pg_migration.py — silent_pass:test_pdf_download_name_contains_id
2026-04-10T01:45:49.447545+00:00 SEV-2 WARN: test_pg_migration.py — mock_usage:instantiation
2026-04-10T01:45:49.447546+00:00 SEV-2 WARN: test_r2_low.py — mock_usage:import
2026-04-10T01:45:49.447548+00:00 SEV-2 WARN: test_r2_low.py — mock_usage:instantiation
2026-04-10T01:45:49.447549+00:00 SEV-2 WARN: test_r2_medium.py — mock_usage:import
2026-04-10T01:45:49.447550+00:00 SEV-2 WARN: test_r2_medium.py — mock_usage:instantiation
2026-04-10T01:45:49.447551+00:00 SEV-2 WARN: test_resume_effectiveness.py — mock_usage:import
2026-04-10T01:45:49.447552+00:00 SEV-2 WARN: test_resume_effectiveness.py — mock_usage:instantiation
2026-04-10T01:45:49.447553+00:00 SEV-2 WARN: test_w1_teaching_injection.py — mock_usage:import
2026-04-10T01:45:49.447554+00:00 SEV-2 WARN: test_w6_ai_journey_source.py — mock_usage:import
2026-04-10T01:45:49.447555+00:00 SEV-2 WARN: test_w6_ai_journey_source.py — mock_usage:instantiation
2026-04-10T01:55:05.848732+00:00 SEV-2 WARN: test_arango_context_injection.py — mock_usage:import
2026-04-10T01:55:05.848740+00:00 SEV-2 WARN: test_arango_context_injection.py — mock_usage:instantiation
2026-04-10T01:55:05.848744+00:00 SEV-2 WARN: test_claim_recording.py — mock_usage:import
2026-04-10T01:55:05.848747+00:00 SEV-2 WARN: test_claim_recording.py — mock_usage:instantiation
2026-04-10T01:55:05.848750+00:00 SEV-2 WARN: test_ct1_governance_outcomes.py — mock_usage:import
2026-04-10T01:55:05.848752+00:00 SEV-2 WARN: test_ct1_governance_outcomes.py — mock_usage:instantiation
2026-04-10T01:55:05.848755+00:00 SEV-2 WARN: test_ct4_arango_context_injection.py — mock_usage:import
2026-04-10T01:55:05.848757+00:00 SEV-2 WARN: test_ct5_cross_model_verifier.py — mock_usage:import
2026-04-10T01:55:05.848759+00:00 SEV-2 WARN: test_ct6_failure_teaching.py — mock_usage:import
2026-04-10T01:55:05.848761+00:00 SEV-2 WARN: test_ct9_interview_effectiveness.py — mock_usage:import
2026-04-10T01:55:05.848763+00:00 SEV-2 WARN: test_deep_profile_staleness.py — silent_pass:test_status_200_has_required_fields
2026-04-10T01:55:05.848766+00:00 SEV-2 WARN: test_deep_profile_staleness.py — mock_usage:import
2026-04-10T01:55:05.848768+00:00 SEV-2 WARN: test_enforcement.py — mock_usage:import
2026-04-10T01:55:05.848770+00:00 SEV-2 WARN: test_feedback_loop.py — silent_pass:test_correlations_200_has_required_fields
2026-04-10T01:55:05.848772+00:00 SEV-2 WARN: test_feedback_loop.py — silent_pass:test_feedback_summary_200_has_counts
2026-04-10T01:55:05.848774+00:00 SEV-2 WARN: test_feedback_loop.py — mock_usage:import
2026-04-10T01:55:05.848777+00:00 SEV-2 WARN: test_feedback_loop.py — mock_usage:instantiation
2026-04-10T01:55:05.848779+00:00 SEV-2 WARN: test_graph_traceability.py — silent_pass:test_coverage_200_has_required_fields
2026-04-10T01:55:05.848781+00:00 SEV-2 WARN: test_graph_traceability.py — silent_pass:test_coverage_pct_between_0_and_100
2026-04-10T01:55:05.848783+00:00 SEV-2 WARN: test_graph_traceability.py — mock_usage:import
2026-04-10T01:55:05.848785+00:00 SEV-2 WARN: test_graph_traceability.py — mock_usage:instantiation
2026-04-10T01:55:05.848787+00:00 SEV-2 WARN: test_interview_pf_gating.py — mock_usage:import
2026-04-10T01:55:05.848789+00:00 SEV-2 WARN: test_linkedin_narrative_regen.py — mock_usage:import
2026-04-10T01:55:05.848791+00:00 SEV-2 WARN: test_ml_feedback_loop.py — mock_usage:import
2026-04-10T01:55:05.848793+00:00 SEV-2 WARN: test_ml_feedback_loop.py — mock_usage:instantiation
2026-04-10T01:55:05.848795+00:00 SEV-2 WARN: test_p0b_ftal_integration.py — mock_usage:import
2026-04-10T01:55:05.848797+00:00 SEV-2 WARN: test_p0b_ftal_integration.py — mock_usage:instantiation
2026-04-10T01:55:05.848799+00:00 SEV-2 WARN: test_p1a_sqlite_hardening.py — mock_usage:import
2026-04-10T01:55:05.848801+00:00 SEV-2 WARN: test_p2f_db_engine.py — mock_usage:import
2026-04-10T01:55:05.848803+00:00 SEV-2 WARN: test_p2f_db_engine.py — mock_usage:instantiation
2026-04-10T01:55:05.848805+00:00 SEV-2 WARN: test_p3a_security.py — mock_usage:import
2026-04-10T01:55:05.848808+00:00 SEV-2 WARN: test_p3a_security.py — mock_usage:instantiation
2026-04-10T01:55:05.848809+00:00 SEV-2 WARN: test_parallel_orchestrator.py — mock_usage:import
2026-04-10T01:55:05.848812+00:00 SEV-2 WARN: test_persona_seed.py — mock_usage:import
2026-04-10T01:55:05.848814+00:00 SEV-2 WARN: test_persona_seed.py — mock_usage:instantiation
2026-04-10T01:55:05.848816+00:00 SEV-2 WARN: test_personaforge_client.py — mock_usage:import
2026-04-10T01:55:05.848818+00:00 SEV-2 WARN: test_personaforge_client.py — mock_usage:instantiation
2026-04-10T01:55:05.848820+00:00 SEV-2 WARN: test_pg_migration.py — silent_pass:test_pdf_download_name_contains_id
2026-04-10T01:55:05.848822+00:00 SEV-2 WARN: test_pg_migration.py — mock_usage:instantiation
2026-04-10T01:55:05.848824+00:00 SEV-2 WARN: test_r2_low.py — mock_usage:import
2026-04-10T01:55:05.848826+00:00 SEV-2 WARN: test_r2_low.py — mock_usage:instantiation
2026-04-10T01:55:05.848828+00:00 SEV-2 WARN: test_r2_medium.py — mock_usage:import
2026-04-10T01:55:05.848830+00:00 SEV-2 WARN: test_r2_medium.py — mock_usage:instantiation
2026-04-10T01:55:05.848832+00:00 SEV-2 WARN: test_resume_effectiveness.py — mock_usage:import
2026-04-10T01:55:05.848834+00:00 SEV-2 WARN: test_resume_effectiveness.py — mock_usage:instantiation
2026-04-10T01:55:05.848836+00:00 SEV-2 WARN: test_w1_teaching_injection.py — mock_usage:import
2026-04-10T01:55:05.848838+00:00 SEV-2 WARN: test_w6_ai_journey_source.py — mock_usage:import
2026-04-10T01:55:05.848840+00:00 SEV-2 WARN: test_w6_ai_journey_source.py — mock_usage:instantiation
2026-04-10T01:55:07.526000+00:00 SEV-2 WARN: test_arango_context_injection.py — mock_usage:import
2026-04-10T01:55:07.526007+00:00 SEV-2 WARN: test_arango_context_injection.py — mock_usage:instantiation
2026-04-10T01:55:07.526010+00:00 SEV-2 WARN: test_claim_recording.py — mock_usage:import
2026-04-10T01:55:07.526013+00:00 SEV-2 WARN: test_claim_recording.py — mock_usage:instantiation
2026-04-10T01:55:07.526015+00:00 SEV-2 WARN: test_ct1_governance_outcomes.py — mock_usage:import
2026-04-10T01:55:07.526017+00:00 SEV-2 WARN: test_ct1_governance_outcomes.py — mock_usage:instantiation
2026-04-10T01:55:07.526019+00:00 SEV-2 WARN: test_ct4_arango_context_injection.py — mock_usage:import
2026-04-10T01:55:07.526022+00:00 SEV-2 WARN: test_ct5_cross_model_verifier.py — mock_usage:import
2026-04-10T01:55:07.526024+00:00 SEV-2 WARN: test_ct6_failure_teaching.py — mock_usage:import
2026-04-10T01:55:07.526027+00:00 SEV-2 WARN: test_ct9_interview_effectiveness.py — mock_usage:import
2026-04-10T01:55:07.526029+00:00 SEV-2 WARN: test_deep_profile_staleness.py — silent_pass:test_status_200_has_required_fields
2026-04-10T01:55:07.526031+00:00 SEV-2 WARN: test_deep_profile_staleness.py — mock_usage:import
2026-04-10T01:55:07.526033+00:00 SEV-2 WARN: test_enforcement.py — mock_usage:import
2026-04-10T01:55:07.526035+00:00 SEV-2 WARN: test_feedback_loop.py — silent_pass:test_correlations_200_has_required_fields
2026-04-10T01:55:07.526037+00:00 SEV-2 WARN: test_feedback_loop.py — silent_pass:test_feedback_summary_200_has_counts
2026-04-10T01:55:07.526039+00:00 SEV-2 WARN: test_feedback_loop.py — mock_usage:import
2026-04-10T01:55:07.526041+00:00 SEV-2 WARN: test_feedback_loop.py — mock_usage:instantiation
2026-04-10T01:55:07.526043+00:00 SEV-2 WARN: test_graph_traceability.py — silent_pass:test_coverage_200_has_required_fields
2026-04-10T01:55:07.526045+00:00 SEV-2 WARN: test_graph_traceability.py — silent_pass:test_coverage_pct_between_0_and_100
2026-04-10T01:55:07.526048+00:00 SEV-2 WARN: test_graph_traceability.py — mock_usage:import
2026-04-10T01:55:07.526050+00:00 SEV-2 WARN: test_graph_traceability.py — mock_usage:instantiation
2026-04-10T01:55:07.526052+00:00 SEV-2 WARN: test_interview_pf_gating.py — mock_usage:import
2026-04-10T01:55:07.526054+00:00 SEV-2 WARN: test_linkedin_narrative_regen.py — mock_usage:import
2026-04-10T01:55:07.526056+00:00 SEV-2 WARN: test_ml_feedback_loop.py — mock_usage:import
2026-04-10T01:55:07.526058+00:00 SEV-2 WARN: test_ml_feedback_loop.py — mock_usage:instantiation
2026-04-10T01:55:07.526060+00:00 SEV-2 WARN: test_p0b_ftal_integration.py — mock_usage:import
2026-04-10T01:55:07.526062+00:00 SEV-2 WARN: test_p0b_ftal_integration.py — mock_usage:instantiation
2026-04-10T01:55:07.526065+00:00 SEV-2 WARN: test_p1a_sqlite_hardening.py — mock_usage:import
2026-04-10T01:55:07.526067+00:00 SEV-2 WARN: test_p2f_db_engine.py — mock_usage:import
2026-04-10T01:55:07.526069+00:00 SEV-2 WARN: test_p2f_db_engine.py — mock_usage:instantiation
2026-04-10T01:55:07.526072+00:00 SEV-2 WARN: test_p3a_security.py — mock_usage:import
2026-04-10T01:55:07.526074+00:00 SEV-2 WARN: test_p3a_security.py — mock_usage:instantiation
2026-04-10T01:55:07.526076+00:00 SEV-2 WARN: test_parallel_orchestrator.py — mock_usage:import
2026-04-10T01:55:07.526078+00:00 SEV-2 WARN: test_persona_seed.py — mock_usage:import
2026-04-10T01:55:07.526080+00:00 SEV-2 WARN: test_persona_seed.py — mock_usage:instantiation
2026-04-10T01:55:07.526082+00:00 SEV-2 WARN: test_personaforge_client.py — mock_usage:import
2026-04-10T01:55:07.526084+00:00 SEV-2 WARN: test_personaforge_client.py — mock_usage:instantiation
2026-04-10T01:55:07.526086+00:00 SEV-2 WARN: test_pg_migration.py — silent_pass:test_pdf_download_name_contains_id
2026-04-10T01:55:07.526089+00:00 SEV-2 WARN: test_pg_migration.py — mock_usage:instantiation
2026-04-10T01:55:07.526091+00:00 SEV-2 WARN: test_r2_low.py — mock_usage:import
2026-04-10T01:55:07.526093+00:00 SEV-2 WARN: test_r2_low.py — mock_usage:instantiation
2026-04-10T01:55:07.526095+00:00 SEV-2 WARN: test_r2_medium.py — mock_usage:import
2026-04-10T01:55:07.526097+00:00 SEV-2 WARN: test_r2_medium.py — mock_usage:instantiation
2026-04-10T01:55:07.526099+00:00 SEV-2 WARN: test_resume_effectiveness.py — mock_usage:import
2026-04-10T01:55:07.526101+00:00 SEV-2 WARN: test_resume_effectiveness.py — mock_usage:instantiation
2026-04-10T01:55:07.526103+00:00 SEV-2 WARN: test_w1_teaching_injection.py — mock_usage:import
2026-04-10T01:55:07.526105+00:00 SEV-2 WARN: test_w6_ai_journey_source.py — mock_usage:import
2026-04-10T01:55:07.526107+00:00 SEV-2 WARN: test_w6_ai_journey_source.py — mock_usage:instantiation
2026-04-10T01:55:09.302691+00:00 SEV-2 WARN: test_arango_context_injection.py — mock_usage:import
2026-04-10T01:55:09.302699+00:00 SEV-2 WARN: test_arango_context_injection.py — mock_usage:instantiation
2026-04-10T01:55:09.302702+00:00 SEV-2 WARN: test_claim_recording.py — mock_usage:import
2026-04-10T01:55:09.302705+00:00 SEV-2 WARN: test_claim_recording.py — mock_usage:instantiation
2026-04-10T01:55:09.302707+00:00 SEV-2 WARN: test_ct1_governance_outcomes.py — mock_usage:import
2026-04-10T01:55:09.302709+00:00 SEV-2 WARN: test_ct1_governance_outcomes.py — mock_usage:instantiation
2026-04-10T01:55:09.302711+00:00 SEV-2 WARN: test_ct4_arango_context_injection.py — mock_usage:import
2026-04-10T01:55:09.302713+00:00 SEV-2 WARN: test_ct5_cross_model_verifier.py — mock_usage:import
2026-04-10T01:55:09.302716+00:00 SEV-2 WARN: test_ct6_failure_teaching.py — mock_usage:import
2026-04-10T01:55:09.302718+00:00 SEV-2 WARN: test_ct9_interview_effectiveness.py — mock_usage:import
2026-04-10T01:55:09.302720+00:00 SEV-2 WARN: test_deep_profile_staleness.py — silent_pass:test_status_200_has_required_fields
2026-04-10T01:55:09.302723+00:00 SEV-2 WARN: test_deep_profile_staleness.py — mock_usage:import
2026-04-10T01:55:09.302725+00:00 SEV-2 WARN: test_enforcement.py — mock_usage:import
2026-04-10T01:55:09.302727+00:00 SEV-2 WARN: test_feedback_loop.py — silent_pass:test_correlations_200_has_required_fields
2026-04-10T01:55:09.302729+00:00 SEV-2 WARN: test_feedback_loop.py — silent_pass:test_feedback_summary_200_has_counts
2026-04-10T01:55:09.302731+00:00 SEV-2 WARN: test_feedback_loop.py — mock_usage:import
2026-04-10T01:55:09.302733+00:00 SEV-2 WARN: test_feedback_loop.py — mock_usage:instantiation
2026-04-10T01:55:09.302735+00:00 SEV-2 WARN: test_graph_traceability.py — silent_pass:test_coverage_200_has_required_fields
2026-04-10T01:55:09.302737+00:00 SEV-2 WARN: test_graph_traceability.py — silent_pass:test_coverage_pct_between_0_and_100
2026-04-10T01:55:09.302739+00:00 SEV-2 WARN: test_graph_traceability.py — mock_usage:import
2026-04-10T01:55:09.302741+00:00 SEV-2 WARN: test_graph_traceability.py — mock_usage:instantiation
2026-04-10T01:55:09.302743+00:00 SEV-2 WARN: test_interview_pf_gating.py — mock_usage:import
2026-04-10T01:55:09.302745+00:00 SEV-2 WARN: test_linkedin_narrative_regen.py — mock_usage:import
2026-04-10T01:55:09.302747+00:00 SEV-2 WARN: test_ml_feedback_loop.py — mock_usage:import
2026-04-10T01:55:09.302750+00:00 SEV-2 WARN: test_ml_feedback_loop.py — mock_usage:instantiation
2026-04-10T01:55:09.302752+00:00 SEV-2 WARN: test_p0b_ftal_integration.py — mock_usage:import
2026-04-10T01:55:09.302754+00:00 SEV-2 WARN: test_p0b_ftal_integration.py — mock_usage:instantiation
2026-04-10T01:55:09.302757+00:00 SEV-2 WARN: test_p1a_sqlite_hardening.py — mock_usage:import
2026-04-10T01:55:09.302759+00:00 SEV-2 WARN: test_p2f_db_engine.py — mock_usage:import
2026-04-10T01:55:09.302761+00:00 SEV-2 WARN: test_p2f_db_engine.py — mock_usage:instantiation
2026-04-10T01:55:09.302763+00:00 SEV-2 WARN: test_p3a_security.py — mock_usage:import
2026-04-10T01:55:09.302765+00:00 SEV-2 WARN: test_p3a_security.py — mock_usage:instantiation
2026-04-10T01:55:09.302767+00:00 SEV-2 WARN: test_parallel_orchestrator.py — mock_usage:import
2026-04-10T01:55:09.302769+00:00 SEV-2 WARN: test_persona_seed.py — mock_usage:import
2026-04-10T01:55:09.302771+00:00 SEV-2 WARN: test_persona_seed.py — mock_usage:instantiation
2026-04-10T01:55:09.302773+00:00 SEV-2 WARN: test_personaforge_client.py — mock_usage:import
2026-04-10T01:55:09.302775+00:00 SEV-2 WARN: test_personaforge_client.py — mock_usage:instantiation
2026-04-10T01:55:09.302777+00:00 SEV-2 WARN: test_pg_migration.py — silent_pass:test_pdf_download_name_contains_id
2026-04-10T01:55:09.302779+00:00 SEV-2 WARN: test_pg_migration.py — mock_usage:instantiation
2026-04-10T01:55:09.302781+00:00 SEV-2 WARN: test_r2_low.py — mock_usage:import
2026-04-10T01:55:09.302783+00:00 SEV-2 WARN: test_r2_low.py — mock_usage:instantiation
2026-04-10T01:55:09.302786+00:00 SEV-2 WARN: test_r2_medium.py — mock_usage:import
2026-04-10T01:55:09.302788+00:00 SEV-2 WARN: test_r2_medium.py — mock_usage:instantiation
2026-04-10T01:55:09.302790+00:00 SEV-2 WARN: test_resume_effectiveness.py — mock_usage:import
2026-04-10T01:55:09.302792+00:00 SEV-2 WARN: test_resume_effectiveness.py — mock_usage:instantiation
2026-04-10T01:55:09.302794+00:00 SEV-2 WARN: test_w1_teaching_injection.py — mock_usage:import
2026-04-10T01:55:09.302796+00:00 SEV-2 WARN: test_w6_ai_journey_source.py — mock_usage:import
2026-04-10T01:55:09.302798+00:00 SEV-2 WARN: test_w6_ai_journey_source.py — mock_usage:instantiation
2026-04-10T01:55:10.963326+00:00 SEV-2 WARN: test_arango_context_injection.py — mock_usage:import
2026-04-10T01:55:10.963333+00:00 SEV-2 WARN: test_arango_context_injection.py — mock_usage:instantiation
2026-04-10T01:55:10.963336+00:00 SEV-2 WARN: test_claim_recording.py — mock_usage:import
2026-04-10T01:55:10.963338+00:00 SEV-2 WARN: test_claim_recording.py — mock_usage:instantiation
2026-04-10T01:55:10.963341+00:00 SEV-2 WARN: test_ct1_governance_outcomes.py — mock_usage:import
2026-04-10T01:55:10.963343+00:00 SEV-2 WARN: test_ct1_governance_outcomes.py — mock_usage:instantiation
2026-04-10T01:55:10.963345+00:00 SEV-2 WARN: test_ct4_arango_context_injection.py — mock_usage:import
2026-04-10T01:55:10.963347+00:00 SEV-2 WARN: test_ct5_cross_model_verifier.py — mock_usage:import
2026-04-10T01:55:10.963349+00:00 SEV-2 WARN: test_ct6_failure_teaching.py — mock_usage:import
2026-04-10T01:55:10.963351+00:00 SEV-2 WARN: test_ct9_interview_effectiveness.py — mock_usage:import
2026-04-10T01:55:10.963353+00:00 SEV-2 WARN: test_deep_profile_staleness.py — silent_pass:test_status_200_has_required_fields
2026-04-10T01:55:10.963355+00:00 SEV-2 WARN: test_deep_profile_staleness.py — mock_usage:import
2026-04-10T01:55:10.963357+00:00 SEV-2 WARN: test_enforcement.py — mock_usage:import
2026-04-10T01:55:10.963359+00:00 SEV-2 WARN: test_feedback_loop.py — silent_pass:test_correlations_200_has_required_fields
2026-04-10T01:55:10.963361+00:00 SEV-2 WARN: test_feedback_loop.py — silent_pass:test_feedback_summary_200_has_counts
2026-04-10T01:55:10.963363+00:00 SEV-2 WARN: test_feedback_loop.py — mock_usage:import
2026-04-10T01:55:10.963365+00:00 SEV-2 WARN: test_feedback_loop.py — mock_usage:instantiation
2026-04-10T01:55:10.963367+00:00 SEV-2 WARN: test_graph_traceability.py — silent_pass:test_coverage_200_has_required_fields
2026-04-10T01:55:10.963369+00:00 SEV-2 WARN: test_graph_traceability.py — silent_pass:test_coverage_pct_between_0_and_100
2026-04-10T01:55:10.963371+00:00 SEV-2 WARN: test_graph_traceability.py — mock_usage:import
2026-04-10T01:55:10.963373+00:00 SEV-2 WARN: test_graph_traceability.py — mock_usage:instantiation
2026-04-10T01:55:10.963375+00:00 SEV-2 WARN: test_interview_pf_gating.py — mock_usage:import
2026-04-10T01:55:10.963377+00:00 SEV-2 WARN: test_linkedin_narrative_regen.py — mock_usage:import
2026-04-10T01:55:10.963379+00:00 SEV-2 WARN: test_ml_feedback_loop.py — mock_usage:import
2026-04-10T01:55:10.963381+00:00 SEV-2 WARN: test_ml_feedback_loop.py — mock_usage:instantiation
2026-04-10T01:55:10.963383+00:00 SEV-2 WARN: test_p0b_ftal_integration.py — mock_usage:import
2026-04-10T01:55:10.963385+00:00 SEV-2 WARN: test_p0b_ftal_integration.py — mock_usage:instantiation
2026-04-10T01:55:10.963387+00:00 SEV-2 WARN: test_p1a_sqlite_hardening.py — mock_usage:import
2026-04-10T01:55:10.963390+00:00 SEV-2 WARN: test_p2f_db_engine.py — mock_usage:import
2026-04-10T01:55:10.963392+00:00 SEV-2 WARN: test_p2f_db_engine.py — mock_usage:instantiation
2026-04-10T01:55:10.963394+00:00 SEV-2 WARN: test_p3a_security.py — mock_usage:import
2026-04-10T01:55:10.963395+00:00 SEV-2 WARN: test_p3a_security.py — mock_usage:instantiation
2026-04-10T01:55:10.963397+00:00 SEV-2 WARN: test_parallel_orchestrator.py — mock_usage:import
2026-04-10T01:55:10.963399+00:00 SEV-2 WARN: test_persona_seed.py — mock_usage:import
2026-04-10T01:55:10.963401+00:00 SEV-2 WARN: test_persona_seed.py — mock_usage:instantiation
2026-04-10T01:55:10.963404+00:00 SEV-2 WARN: test_personaforge_client.py — mock_usage:import
2026-04-10T01:55:10.963406+00:00 SEV-2 WARN: test_personaforge_client.py — mock_usage:instantiation
2026-04-10T01:55:10.963408+00:00 SEV-2 WARN: test_pg_migration.py — silent_pass:test_pdf_download_name_contains_id
2026-04-10T01:55:10.963410+00:00 SEV-2 WARN: test_pg_migration.py — mock_usage:instantiation
2026-04-10T01:55:10.963412+00:00 SEV-2 WARN: test_r2_low.py — mock_usage:import
2026-04-10T01:55:10.963414+00:00 SEV-2 WARN: test_r2_low.py — mock_usage:instantiation
2026-04-10T01:55:10.963416+00:00 SEV-2 WARN: test_r2_medium.py — mock_usage:import
2026-04-10T01:55:10.963418+00:00 SEV-2 WARN: test_r2_medium.py — mock_usage:instantiation
2026-04-10T01:55:10.963420+00:00 SEV-2 WARN: test_resume_effectiveness.py — mock_usage:import
2026-04-10T01:55:10.963422+00:00 SEV-2 WARN: test_resume_effectiveness.py — mock_usage:instantiation
2026-04-10T01:55:10.963424+00:00 SEV-2 WARN: test_w1_teaching_injection.py — mock_usage:import
2026-04-10T01:55:10.963426+00:00 SEV-2 WARN: test_w6_ai_journey_source.py — mock_usage:import
2026-04-10T01:55:10.963428+00:00 SEV-2 WARN: test_w6_ai_journey_source.py — mock_usage:instantiation
2026-04-10T01:55:14.499472+00:00 SEV-2 WARN: test_arango_context_injection.py — mock_usage:import
2026-04-10T01:55:14.499480+00:00 SEV-2 WARN: test_arango_context_injection.py — mock_usage:instantiation
2026-04-10T01:55:14.499483+00:00 SEV-2 WARN: test_claim_recording.py — mock_usage:import
2026-04-10T01:55:14.499486+00:00 SEV-2 WARN: test_claim_recording.py — mock_usage:instantiation
2026-04-10T01:55:14.499488+00:00 SEV-2 WARN: test_ct1_governance_outcomes.py — mock_usage:import
2026-04-10T01:55:14.499491+00:00 SEV-2 WARN: test_ct1_governance_outcomes.py — mock_usage:instantiation
2026-04-10T01:55:14.499493+00:00 SEV-2 WARN: test_ct4_arango_context_injection.py — mock_usage:import
2026-04-10T01:55:14.499495+00:00 SEV-2 WARN: test_ct5_cross_model_verifier.py — mock_usage:import
2026-04-10T01:55:14.499498+00:00 SEV-2 WARN: test_ct6_failure_teaching.py — mock_usage:import
2026-04-10T01:55:14.499500+00:00 SEV-2 WARN: test_ct9_interview_effectiveness.py — mock_usage:import
2026-04-10T01:55:14.499502+00:00 SEV-2 WARN: test_deep_profile_staleness.py — silent_pass:test_status_200_has_required_fields
2026-04-10T01:55:14.499504+00:00 SEV-2 WARN: test_deep_profile_staleness.py — mock_usage:import
2026-04-10T01:55:14.499506+00:00 SEV-2 WARN: test_enforcement.py — mock_usage:import
2026-04-10T01:55:14.499508+00:00 SEV-2 WARN: test_feedback_loop.py — silent_pass:test_correlations_200_has_required_fields
2026-04-10T01:55:14.499510+00:00 SEV-2 WARN: test_feedback_loop.py — silent_pass:test_feedback_summary_200_has_counts
2026-04-10T01:55:14.499512+00:00 SEV-2 WARN: test_feedback_loop.py — mock_usage:import
2026-04-10T01:55:14.499514+00:00 SEV-2 WARN: test_feedback_loop.py — mock_usage:instantiation
2026-04-10T01:55:14.499516+00:00 SEV-2 WARN: test_graph_traceability.py — silent_pass:test_coverage_200_has_required_fields
2026-04-10T01:55:14.499518+00:00 SEV-2 WARN: test_graph_traceability.py — silent_pass:test_coverage_pct_between_0_and_100
2026-04-10T01:55:14.499520+00:00 SEV-2 WARN: test_graph_traceability.py — mock_usage:import
2026-04-10T01:55:14.499523+00:00 SEV-2 WARN: test_graph_traceability.py — mock_usage:instantiation
2026-04-10T01:55:14.499525+00:00 SEV-2 WARN: test_interview_pf_gating.py — mock_usage:import
2026-04-10T01:55:14.499527+00:00 SEV-2 WARN: test_linkedin_narrative_regen.py — mock_usage:import
2026-04-10T01:55:14.499529+00:00 SEV-2 WARN: test_ml_feedback_loop.py — mock_usage:import
2026-04-10T01:55:14.499530+00:00 SEV-2 WARN: test_ml_feedback_loop.py — mock_usage:instantiation
2026-04-10T01:55:14.499533+00:00 SEV-2 WARN: test_p0b_ftal_integration.py — mock_usage:import
2026-04-10T01:55:14.499535+00:00 SEV-2 WARN: test_p0b_ftal_integration.py — mock_usage:instantiation
2026-04-10T01:55:14.499537+00:00 SEV-2 WARN: test_p1a_sqlite_hardening.py — mock_usage:import
2026-04-10T01:55:14.499539+00:00 SEV-2 WARN: test_p2f_db_engine.py — mock_usage:import
2026-04-10T01:55:14.499541+00:00 SEV-2 WARN: test_p2f_db_engine.py — mock_usage:instantiation
2026-04-10T01:55:14.499543+00:00 SEV-2 WARN: test_p3a_security.py — mock_usage:import
2026-04-10T01:55:14.499545+00:00 SEV-2 WARN: test_p3a_security.py — mock_usage:instantiation
2026-04-10T01:55:14.499547+00:00 SEV-2 WARN: test_parallel_orchestrator.py — mock_usage:import
2026-04-10T01:55:14.499549+00:00 SEV-2 WARN: test_persona_seed.py — mock_usage:import
2026-04-10T01:55:14.499551+00:00 SEV-2 WARN: test_persona_seed.py — mock_usage:instantiation
2026-04-10T01:55:14.499553+00:00 SEV-2 WARN: test_personaforge_client.py — mock_usage:import
2026-04-10T01:55:14.499555+00:00 SEV-2 WARN: test_personaforge_client.py — mock_usage:instantiation
2026-04-10T01:55:14.499557+00:00 SEV-2 WARN: test_pg_migration.py — silent_pass:test_pdf_download_name_contains_id
2026-04-10T01:55:14.499559+00:00 SEV-2 WARN: test_pg_migration.py — mock_usage:instantiation
2026-04-10T01:55:14.499561+00:00 SEV-2 WARN: test_r2_low.py — mock_usage:import
2026-04-10T01:55:14.499563+00:00 SEV-2 WARN: test_r2_low.py — mock_usage:instantiation
2026-04-10T01:55:14.499565+00:00 SEV-2 WARN: test_r2_medium.py — mock_usage:import
2026-04-10T01:55:14.499567+00:00 SEV-2 WARN: test_r2_medium.py — mock_usage:instantiation
2026-04-10T01:55:14.499569+00:00 SEV-2 WARN: test_resume_effectiveness.py — mock_usage:import
2026-04-10T01:55:14.499571+00:00 SEV-2 WARN: test_resume_effectiveness.py — mock_usage:instantiation
2026-04-10T01:55:14.499573+00:00 SEV-2 WARN: test_w1_teaching_injection.py — mock_usage:import
2026-04-10T01:55:14.499575+00:00 SEV-2 WARN: test_w6_ai_journey_source.py — mock_usage:import
2026-04-10T01:55:14.499577+00:00 SEV-2 WARN: test_w6_ai_journey_source.py — mock_usage:instantiation
2026-04-10T02:07:42.074374+00:00 SEV-2 WARN: test_arango_context_injection.py — mock_usage:instantiation
2026-04-10T02:07:42.074381+00:00 SEV-2 WARN: test_arango_context_injection.py — mock_usage:import
2026-04-10T02:07:42.074384+00:00 SEV-2 WARN: test_claim_recording.py — mock_usage:instantiation
2026-04-10T02:07:42.074385+00:00 SEV-2 WARN: test_claim_recording.py — mock_usage:import
2026-04-10T02:07:42.074387+00:00 SEV-2 WARN: test_ct1_governance_outcomes.py — mock_usage:instantiation
2026-04-10T02:07:42.074389+00:00 SEV-2 WARN: test_ct1_governance_outcomes.py — mock_usage:import
2026-04-10T02:07:42.074390+00:00 SEV-2 WARN: test_ct4_arango_context_injection.py — mock_usage:import
2026-04-10T02:07:42.074392+00:00 SEV-2 WARN: test_ct5_cross_model_verifier.py — mock_usage:import
2026-04-10T02:07:42.074393+00:00 SEV-2 WARN: test_ct6_failure_teaching.py — mock_usage:import
2026-04-10T02:07:42.074395+00:00 SEV-2 WARN: test_ct9_interview_effectiveness.py — mock_usage:import
2026-04-10T02:07:42.074396+00:00 SEV-2 WARN: test_deep_profile_staleness.py — silent_pass:test_status_200_has_required_fields
2026-04-10T02:07:42.074398+00:00 SEV-2 WARN: test_deep_profile_staleness.py — mock_usage:import
2026-04-10T02:07:42.074399+00:00 SEV-2 WARN: test_enforcement.py — mock_usage:import
2026-04-10T02:07:42.074401+00:00 SEV-2 WARN: test_feedback_loop.py — silent_pass:test_correlations_200_has_required_fields
2026-04-10T02:07:42.074403+00:00 SEV-2 WARN: test_feedback_loop.py — silent_pass:test_feedback_summary_200_has_counts
2026-04-10T02:07:42.074404+00:00 SEV-2 WARN: test_feedback_loop.py — mock_usage:instantiation
2026-04-10T02:07:42.074406+00:00 SEV-2 WARN: test_feedback_loop.py — mock_usage:import
2026-04-10T02:07:42.074407+00:00 SEV-2 WARN: test_graph_traceability.py — silent_pass:test_coverage_200_has_required_fields
2026-04-10T02:07:42.074409+00:00 SEV-2 WARN: test_graph_traceability.py — silent_pass:test_coverage_pct_between_0_and_100
2026-04-10T02:07:42.074411+00:00 SEV-2 WARN: test_graph_traceability.py — mock_usage:instantiation
2026-04-10T02:07:42.074413+00:00 SEV-2 WARN: test_graph_traceability.py — mock_usage:import
2026-04-10T02:07:42.074414+00:00 SEV-2 WARN: test_interview_pf_gating.py — mock_usage:import
2026-04-10T02:07:42.074416+00:00 SEV-2 WARN: test_linkedin_narrative_regen.py — mock_usage:import
2026-04-10T02:07:42.074417+00:00 SEV-2 WARN: test_ml_feedback_loop.py — mock_usage:instantiation
2026-04-10T02:07:42.074419+00:00 SEV-2 WARN: test_ml_feedback_loop.py — mock_usage:import
2026-04-10T02:07:42.074420+00:00 SEV-2 WARN: test_p0b_ftal_integration.py — mock_usage:instantiation
2026-04-10T02:07:42.074422+00:00 SEV-2 WARN: test_p0b_ftal_integration.py — mock_usage:import
2026-04-10T02:07:42.074424+00:00 SEV-2 WARN: test_p1a_sqlite_hardening.py — mock_usage:import
2026-04-10T02:07:42.074425+00:00 SEV-2 WARN: test_p2f_db_engine.py — mock_usage:instantiation
2026-04-10T02:07:42.074427+00:00 SEV-2 WARN: test_p2f_db_engine.py — mock_usage:import
2026-04-10T02:07:42.074429+00:00 SEV-2 WARN: test_p3a_security.py — mock_usage:instantiation
2026-04-10T02:07:42.074430+00:00 SEV-2 WARN: test_p3a_security.py — mock_usage:import
2026-04-10T02:07:42.074432+00:00 SEV-2 WARN: test_parallel_orchestrator.py — mock_usage:import
2026-04-10T02:07:42.074433+00:00 SEV-2 WARN: test_persona_seed.py — mock_usage:instantiation
2026-04-10T02:07:42.074435+00:00 SEV-2 WARN: test_persona_seed.py — mock_usage:import
2026-04-10T02:07:42.074436+00:00 SEV-2 WARN: test_personaforge_client.py — mock_usage:instantiation
2026-04-10T02:07:42.074438+00:00 SEV-2 WARN: test_personaforge_client.py — mock_usage:import
2026-04-10T02:07:42.074440+00:00 SEV-2 WARN: test_pg_migration.py — silent_pass:test_pdf_download_name_contains_id
2026-04-10T02:07:42.074441+00:00 SEV-2 WARN: test_pg_migration.py — mock_usage:instantiation
2026-04-10T02:07:42.074442+00:00 SEV-2 WARN: test_r2_low.py — mock_usage:instantiation
2026-04-10T02:07:42.074444+00:00 SEV-2 WARN: test_r2_low.py — mock_usage:import
2026-04-10T02:07:42.074446+00:00 SEV-2 WARN: test_r2_medium.py — mock_usage:instantiation
2026-04-10T02:07:42.074447+00:00 SEV-2 WARN: test_r2_medium.py — mock_usage:import
2026-04-10T02:07:42.074449+00:00 SEV-2 WARN: test_resume_effectiveness.py — mock_usage:instantiation
2026-04-10T02:07:42.074450+00:00 SEV-2 WARN: test_resume_effectiveness.py — mock_usage:import
2026-04-10T02:07:42.074452+00:00 SEV-2 WARN: test_w1_teaching_injection.py — mock_usage:import
2026-04-10T02:07:42.074455+00:00 SEV-2 WARN: test_w6_ai_journey_source.py — mock_usage:instantiation
2026-04-10T02:07:42.074456+00:00 SEV-2 WARN: test_w6_ai_journey_source.py — mock_usage:import
2026-04-10T02:07:43.713530+00:00 SEV-2 WARN: test_arango_context_injection.py — mock_usage:instantiation
2026-04-10T02:07:43.713536+00:00 SEV-2 WARN: test_arango_context_injection.py — mock_usage:import
2026-04-10T02:07:43.713538+00:00 SEV-2 WARN: test_claim_recording.py — mock_usage:instantiation
2026-04-10T02:07:43.713540+00:00 SEV-2 WARN: test_claim_recording.py — mock_usage:import
2026-04-10T02:07:43.713541+00:00 SEV-2 WARN: test_ct1_governance_outcomes.py — mock_usage:instantiation
2026-04-10T02:07:43.713543+00:00 SEV-2 WARN: test_ct1_governance_outcomes.py — mock_usage:import
2026-04-10T02:07:43.713545+00:00 SEV-2 WARN: test_ct4_arango_context_injection.py — mock_usage:import
2026-04-10T02:07:43.713547+00:00 SEV-2 WARN: test_ct5_cross_model_verifier.py — mock_usage:import
2026-04-10T02:07:43.713548+00:00 SEV-2 WARN: test_ct6_failure_teaching.py — mock_usage:import
2026-04-10T02:07:43.713550+00:00 SEV-2 WARN: test_ct9_interview_effectiveness.py — mock_usage:import
2026-04-10T02:07:43.713552+00:00 SEV-2 WARN: test_deep_profile_staleness.py — silent_pass:test_status_200_has_required_fields
2026-04-10T02:07:43.713553+00:00 SEV-2 WARN: test_deep_profile_staleness.py — mock_usage:import
2026-04-10T02:07:43.713555+00:00 SEV-2 WARN: test_enforcement.py — mock_usage:import
2026-04-10T02:07:43.713557+00:00 SEV-2 WARN: test_feedback_loop.py — silent_pass:test_correlations_200_has_required_fields
2026-04-10T02:07:43.713558+00:00 SEV-2 WARN: test_feedback_loop.py — silent_pass:test_feedback_summary_200_has_counts
2026-04-10T02:07:43.713560+00:00 SEV-2 WARN: test_feedback_loop.py — mock_usage:instantiation
2026-04-10T02:07:43.713561+00:00 SEV-2 WARN: test_feedback_loop.py — mock_usage:import
2026-04-10T02:07:43.713563+00:00 SEV-2 WARN: test_graph_traceability.py — silent_pass:test_coverage_200_has_required_fields
2026-04-10T02:07:43.713564+00:00 SEV-2 WARN: test_graph_traceability.py — silent_pass:test_coverage_pct_between_0_and_100
2026-04-10T02:07:43.713566+00:00 SEV-2 WARN: test_graph_traceability.py — mock_usage:instantiation
2026-04-10T02:07:43.713567+00:00 SEV-2 WARN: test_graph_traceability.py — mock_usage:import
2026-04-10T02:07:43.713569+00:00 SEV-2 WARN: test_interview_pf_gating.py — mock_usage:import
2026-04-10T02:07:43.713570+00:00 SEV-2 WARN: test_linkedin_narrative_regen.py — mock_usage:import
2026-04-10T02:07:43.713572+00:00 SEV-2 WARN: test_ml_feedback_loop.py — mock_usage:instantiation
2026-04-10T02:07:43.713573+00:00 SEV-2 WARN: test_ml_feedback_loop.py — mock_usage:import
2026-04-10T02:07:43.713575+00:00 SEV-2 WARN: test_p0b_ftal_integration.py — mock_usage:instantiation
2026-04-10T02:07:43.713576+00:00 SEV-2 WARN: test_p0b_ftal_integration.py — mock_usage:import
2026-04-10T02:07:43.713578+00:00 SEV-2 WARN: test_p1a_sqlite_hardening.py — mock_usage:import
2026-04-10T02:07:43.713579+00:00 SEV-2 WARN: test_p2f_db_engine.py — mock_usage:instantiation
2026-04-10T02:07:43.713581+00:00 SEV-2 WARN: test_p2f_db_engine.py — mock_usage:import
2026-04-10T02:07:43.713582+00:00 SEV-2 WARN: test_p3a_security.py — mock_usage:instantiation
2026-04-10T02:07:43.713584+00:00 SEV-2 WARN: test_p3a_security.py — mock_usage:import
2026-04-10T02:07:43.713585+00:00 SEV-2 WARN: test_parallel_orchestrator.py — mock_usage:import
2026-04-10T02:07:43.713587+00:00 SEV-2 WARN: test_persona_seed.py — mock_usage:instantiation
2026-04-10T02:07:43.713588+00:00 SEV-2 WARN: test_persona_seed.py — mock_usage:import
2026-04-10T02:07:43.713589+00:00 SEV-2 WARN: test_personaforge_client.py — mock_usage:instantiation
2026-04-10T02:07:43.713591+00:00 SEV-2 WARN: test_personaforge_client.py — mock_usage:import
2026-04-10T02:07:43.713592+00:00 SEV-2 WARN: test_pg_migration.py — silent_pass:test_pdf_download_name_contains_id
2026-04-10T02:07:43.713594+00:00 SEV-2 WARN: test_pg_migration.py — mock_usage:instantiation
2026-04-10T02:07:43.713595+00:00 SEV-2 WARN: test_r2_low.py — mock_usage:instantiation
2026-04-10T02:07:43.713597+00:00 SEV-2 WARN: test_r2_low.py — mock_usage:import
2026-04-10T02:07:43.713599+00:00 SEV-2 WARN: test_r2_medium.py — mock_usage:instantiation
2026-04-10T02:07:43.713600+00:00 SEV-2 WARN: test_r2_medium.py — mock_usage:import
2026-04-10T02:07:43.713602+00:00 SEV-2 WARN: test_resume_effectiveness.py — mock_usage:instantiation
2026-04-10T02:07:43.713603+00:00 SEV-2 WARN: test_resume_effectiveness.py — mock_usage:import
2026-04-10T02:07:43.713604+00:00 SEV-2 WARN: test_w1_teaching_injection.py — mock_usage:import
2026-04-10T02:07:43.713606+00:00 SEV-2 WARN: test_w6_ai_journey_source.py — mock_usage:instantiation
2026-04-10T02:07:43.713607+00:00 SEV-2 WARN: test_w6_ai_journey_source.py — mock_usage:import
2026-04-10T02:07:45.259841+00:00 SEV-2 WARN: test_arango_context_injection.py — mock_usage:instantiation
2026-04-10T02:07:45.259845+00:00 SEV-2 WARN: test_arango_context_injection.py — mock_usage:import
2026-04-10T02:07:45.259846+00:00 SEV-2 WARN: test_claim_recording.py — mock_usage:instantiation
2026-04-10T02:07:45.259848+00:00 SEV-2 WARN: test_claim_recording.py — mock_usage:import
2026-04-10T02:07:45.259849+00:00 SEV-2 WARN: test_ct1_governance_outcomes.py — mock_usage:instantiation
2026-04-10T02:07:45.259850+00:00 SEV-2 WARN: test_ct1_governance_outcomes.py — mock_usage:import
2026-04-10T02:07:45.259852+00:00 SEV-2 WARN: test_ct4_arango_context_injection.py — mock_usage:import
2026-04-10T02:07:45.259854+00:00 SEV-2 WARN: test_ct5_cross_model_verifier.py — mock_usage:import
2026-04-10T02:07:45.259855+00:00 SEV-2 WARN: test_ct6_failure_teaching.py — mock_usage:import
2026-04-10T02:07:45.259856+00:00 SEV-2 WARN: test_ct9_interview_effectiveness.py — mock_usage:import
2026-04-10T02:07:45.259857+00:00 SEV-2 WARN: test_deep_profile_staleness.py — silent_pass:test_status_200_has_required_fields
2026-04-10T02:07:45.259858+00:00 SEV-2 WARN: test_deep_profile_staleness.py — mock_usage:import
2026-04-10T02:07:45.259859+00:00 SEV-2 WARN: test_enforcement.py — mock_usage:import
2026-04-10T02:07:45.259861+00:00 SEV-2 WARN: test_feedback_loop.py — silent_pass:test_correlations_200_has_required_fields
2026-04-10T02:07:45.259862+00:00 SEV-2 WARN: test_feedback_loop.py — silent_pass:test_feedback_summary_200_has_counts
2026-04-10T02:07:45.259863+00:00 SEV-2 WARN: test_feedback_loop.py — mock_usage:instantiation
2026-04-10T02:07:45.259864+00:00 SEV-2 WARN: test_feedback_loop.py — mock_usage:import
2026-04-10T02:07:45.259865+00:00 SEV-2 WARN: test_graph_traceability.py — silent_pass:test_coverage_200_has_required_fields
2026-04-10T02:07:45.259866+00:00 SEV-2 WARN: test_graph_traceability.py — silent_pass:test_coverage_pct_between_0_and_100
2026-04-10T02:07:45.259867+00:00 SEV-2 WARN: test_graph_traceability.py — mock_usage:instantiation
2026-04-10T02:07:45.259869+00:00 SEV-2 WARN: test_graph_traceability.py — mock_usage:import
2026-04-10T02:07:45.259870+00:00 SEV-2 WARN: test_interview_pf_gating.py — mock_usage:import
2026-04-10T02:07:45.259871+00:00 SEV-2 WARN: test_linkedin_narrative_regen.py — mock_usage:import
2026-04-10T02:07:45.259872+00:00 SEV-2 WARN: test_ml_feedback_loop.py — mock_usage:instantiation
2026-04-10T02:07:45.259873+00:00 SEV-2 WARN: test_ml_feedback_loop.py — mock_usage:import
2026-04-10T02:07:45.259875+00:00 SEV-2 WARN: test_p0b_ftal_integration.py — mock_usage:instantiation
2026-04-10T02:07:45.259876+00:00 SEV-2 WARN: test_p0b_ftal_integration.py — mock_usage:import
2026-04-10T02:07:45.259877+00:00 SEV-2 WARN: test_p1a_sqlite_hardening.py — mock_usage:import
2026-04-10T02:07:45.259878+00:00 SEV-2 WARN: test_p2f_db_engine.py — mock_usage:instantiation
2026-04-10T02:07:45.259880+00:00 SEV-2 WARN: test_p2f_db_engine.py — mock_usage:import
2026-04-10T02:07:45.259881+00:00 SEV-2 WARN: test_p3a_security.py — mock_usage:instantiation
2026-04-10T02:07:45.259882+00:00 SEV-2 WARN: test_p3a_security.py — mock_usage:import
2026-04-10T02:07:45.259883+00:00 SEV-2 WARN: test_parallel_orchestrator.py — mock_usage:import
2026-04-10T02:07:45.259884+00:00 SEV-2 WARN: test_persona_seed.py — mock_usage:instantiation
2026-04-10T02:07:45.259886+00:00 SEV-2 WARN: test_persona_seed.py — mock_usage:import
2026-04-10T02:07:45.259887+00:00 SEV-2 WARN: test_personaforge_client.py — mock_usage:instantiation
2026-04-10T02:07:45.259888+00:00 SEV-2 WARN: test_personaforge_client.py — mock_usage:import
2026-04-10T02:07:45.259889+00:00 SEV-2 WARN: test_pg_migration.py — silent_pass:test_pdf_download_name_contains_id
2026-04-10T02:07:45.259890+00:00 SEV-2 WARN: test_pg_migration.py — mock_usage:instantiation
2026-04-10T02:07:45.259891+00:00 SEV-2 WARN: test_r2_low.py — mock_usage:instantiation
2026-04-10T02:07:45.259893+00:00 SEV-2 WARN: test_r2_low.py — mock_usage:import
2026-04-10T02:07:45.259894+00:00 SEV-2 WARN: test_r2_medium.py — mock_usage:instantiation
2026-04-10T02:07:45.259895+00:00 SEV-2 WARN: test_r2_medium.py — mock_usage:import
2026-04-10T02:07:45.259896+00:00 SEV-2 WARN: test_resume_effectiveness.py — mock_usage:instantiation
2026-04-10T02:07:45.259897+00:00 SEV-2 WARN: test_resume_effectiveness.py — mock_usage:import
2026-04-10T02:07:45.259898+00:00 SEV-2 WARN: test_w1_teaching_injection.py — mock_usage:import
2026-04-10T02:07:45.259900+00:00 SEV-2 WARN: test_w6_ai_journey_source.py — mock_usage:instantiation
2026-04-10T02:07:45.259901+00:00 SEV-2 WARN: test_w6_ai_journey_source.py — mock_usage:import
2026-04-10T02:07:47.274344+00:00 SEV-2 WARN: test_arango_context_injection.py — mock_usage:instantiation
2026-04-10T02:07:47.274352+00:00 SEV-2 WARN: test_arango_context_injection.py — mock_usage:import
2026-04-10T02:07:47.274355+00:00 SEV-2 WARN: test_claim_recording.py — mock_usage:instantiation
2026-04-10T02:07:47.274357+00:00 SEV-2 WARN: test_claim_recording.py — mock_usage:import
2026-04-10T02:07:47.274359+00:00 SEV-2 WARN: test_ct1_governance_outcomes.py — mock_usage:instantiation
2026-04-10T02:07:47.274362+00:00 SEV-2 WARN: test_ct1_governance_outcomes.py — mock_usage:import
2026-04-10T02:07:47.274364+00:00 SEV-2 WARN: test_ct4_arango_context_injection.py — mock_usage:import
2026-04-10T02:07:47.274367+00:00 SEV-2 WARN: test_ct5_cross_model_verifier.py — mock_usage:import
2026-04-10T02:07:47.274369+00:00 SEV-2 WARN: test_ct6_failure_teaching.py — mock_usage:import
2026-04-10T02:07:47.274371+00:00 SEV-2 WARN: test_ct9_interview_effectiveness.py — mock_usage:import
2026-04-10T02:07:47.274373+00:00 SEV-2 WARN: test_deep_profile_staleness.py — silent_pass:test_status_200_has_required_fields
2026-04-10T02:07:47.274375+00:00 SEV-2 WARN: test_deep_profile_staleness.py — mock_usage:import
2026-04-10T02:07:47.274378+00:00 SEV-2 WARN: test_enforcement.py — mock_usage:import
2026-04-10T02:07:47.274380+00:00 SEV-2 WARN: test_feedback_loop.py — silent_pass:test_correlations_200_has_required_fields
2026-04-10T02:07:47.274382+00:00 SEV-2 WARN: test_feedback_loop.py — silent_pass:test_feedback_summary_200_has_counts
2026-04-10T02:07:47.274384+00:00 SEV-2 WARN: test_feedback_loop.py — mock_usage:instantiation
2026-04-10T02:07:47.274386+00:00 SEV-2 WARN: test_feedback_loop.py — mock_usage:import
2026-04-10T02:07:47.274388+00:00 SEV-2 WARN: test_graph_traceability.py — silent_pass:test_coverage_200_has_required_fields
2026-04-10T02:07:47.274390+00:00 SEV-2 WARN: test_graph_traceability.py — silent_pass:test_coverage_pct_between_0_and_100
2026-04-10T02:07:47.274392+00:00 SEV-2 WARN: test_graph_traceability.py — mock_usage:instantiation
2026-04-10T02:07:47.274394+00:00 SEV-2 WARN: test_graph_traceability.py — mock_usage:import
2026-04-10T02:07:47.274396+00:00 SEV-2 WARN: test_interview_pf_gating.py — mock_usage:import
2026-04-10T02:07:47.274398+00:00 SEV-2 WARN: test_linkedin_narrative_regen.py — mock_usage:import
2026-04-10T02:07:47.274400+00:00 SEV-2 WARN: test_ml_feedback_loop.py — mock_usage:instantiation
2026-04-10T02:07:47.274402+00:00 SEV-2 WARN: test_ml_feedback_loop.py — mock_usage:import
2026-04-10T02:07:47.274404+00:00 SEV-2 WARN: test_p0b_ftal_integration.py — mock_usage:instantiation
2026-04-10T02:07:47.274406+00:00 SEV-2 WARN: test_p0b_ftal_integration.py — mock_usage:import
2026-04-10T02:07:47.274408+00:00 SEV-2 WARN: test_p1a_sqlite_hardening.py — mock_usage:import
2026-04-10T02:07:47.274410+00:00 SEV-2 WARN: test_p2f_db_engine.py — mock_usage:instantiation
2026-04-10T02:07:47.274413+00:00 SEV-2 WARN: test_p2f_db_engine.py — mock_usage:import
2026-04-10T02:07:47.274415+00:00 SEV-2 WARN: test_p3a_security.py — mock_usage:instantiation
2026-04-10T02:07:47.274416+00:00 SEV-2 WARN: test_p3a_security.py — mock_usage:import
2026-04-10T02:07:47.274419+00:00 SEV-2 WARN: test_parallel_orchestrator.py — mock_usage:import
2026-04-10T02:07:47.274421+00:00 SEV-2 WARN: test_persona_seed.py — mock_usage:instantiation
2026-04-10T02:07:47.274423+00:00 SEV-2 WARN: test_persona_seed.py — mock_usage:import
2026-04-10T02:07:47.274425+00:00 SEV-2 WARN: test_personaforge_client.py — mock_usage:instantiation
2026-04-10T02:07:47.274427+00:00 SEV-2 WARN: test_personaforge_client.py — mock_usage:import
2026-04-10T02:07:47.274429+00:00 SEV-2 WARN: test_pg_migration.py — silent_pass:test_pdf_download_name_contains_id
2026-04-10T02:07:47.274431+00:00 SEV-2 WARN: test_pg_migration.py — mock_usage:instantiation
2026-04-10T02:07:47.274433+00:00 SEV-2 WARN: test_r2_low.py — mock_usage:instantiation
2026-04-10T02:07:47.274435+00:00 SEV-2 WARN: test_r2_low.py — mock_usage:import
2026-04-10T02:07:47.274437+00:00 SEV-2 WARN: test_r2_medium.py — mock_usage:instantiation
2026-04-10T02:07:47.274439+00:00 SEV-2 WARN: test_r2_medium.py — mock_usage:import
2026-04-10T02:07:47.274441+00:00 SEV-2 WARN: test_resume_effectiveness.py — mock_usage:instantiation
2026-04-10T02:07:47.274443+00:00 SEV-2 WARN: test_resume_effectiveness.py — mock_usage:import
2026-04-10T02:07:47.274445+00:00 SEV-2 WARN: test_w1_teaching_injection.py — mock_usage:import
2026-04-10T02:07:47.274447+00:00 SEV-2 WARN: test_w6_ai_journey_source.py — mock_usage:instantiation
2026-04-10T02:07:47.274449+00:00 SEV-2 WARN: test_w6_ai_journey_source.py — mock_usage:import
2026-04-10T02:07:50.897698+00:00 SEV-2 WARN: test_arango_context_injection.py — mock_usage:instantiation
2026-04-10T02:07:50.897705+00:00 SEV-2 WARN: test_arango_context_injection.py — mock_usage:import
2026-04-10T02:07:50.897709+00:00 SEV-2 WARN: test_claim_recording.py — mock_usage:instantiation
2026-04-10T02:07:50.897711+00:00 SEV-2 WARN: test_claim_recording.py — mock_usage:import
2026-04-10T02:07:50.897714+00:00 SEV-2 WARN: test_ct1_governance_outcomes.py — mock_usage:instantiation
2026-04-10T02:07:50.897716+00:00 SEV-2 WARN: test_ct1_governance_outcomes.py — mock_usage:import
2026-04-10T02:07:50.897718+00:00 SEV-2 WARN: test_ct4_arango_context_injection.py — mock_usage:import
2026-04-10T02:07:50.897720+00:00 SEV-2 WARN: test_ct5_cross_model_verifier.py — mock_usage:import
2026-04-10T02:07:50.897722+00:00 SEV-2 WARN: test_ct6_failure_teaching.py — mock_usage:import
2026-04-10T02:07:50.897725+00:00 SEV-2 WARN: test_ct9_interview_effectiveness.py — mock_usage:import
2026-04-10T02:07:50.897727+00:00 SEV-2 WARN: test_deep_profile_staleness.py — silent_pass:test_status_200_has_required_fields
2026-04-10T02:07:50.897729+00:00 SEV-2 WARN: test_deep_profile_staleness.py — mock_usage:import
2026-04-10T02:07:50.897731+00:00 SEV-2 WARN: test_enforcement.py — mock_usage:import
2026-04-10T02:07:50.897733+00:00 SEV-2 WARN: test_feedback_loop.py — silent_pass:test_correlations_200_has_required_fields
2026-04-10T02:07:50.897735+00:00 SEV-2 WARN: test_feedback_loop.py — silent_pass:test_feedback_summary_200_has_counts
2026-04-10T02:07:50.897737+00:00 SEV-2 WARN: test_feedback_loop.py — mock_usage:instantiation
2026-04-10T02:07:50.897739+00:00 SEV-2 WARN: test_feedback_loop.py — mock_usage:import
2026-04-10T02:07:50.897741+00:00 SEV-2 WARN: test_graph_traceability.py — silent_pass:test_coverage_200_has_required_fields
2026-04-10T02:07:50.897743+00:00 SEV-2 WARN: test_graph_traceability.py — silent_pass:test_coverage_pct_between_0_and_100
2026-04-10T02:07:50.897745+00:00 SEV-2 WARN: test_graph_traceability.py — mock_usage:instantiation
2026-04-10T02:07:50.897747+00:00 SEV-2 WARN: test_graph_traceability.py — mock_usage:import
2026-04-10T02:07:50.897749+00:00 SEV-2 WARN: test_interview_pf_gating.py — mock_usage:import
2026-04-10T02:07:50.897751+00:00 SEV-2 WARN: test_linkedin_narrative_regen.py — mock_usage:import
2026-04-10T02:07:50.897753+00:00 SEV-2 WARN: test_ml_feedback_loop.py — mock_usage:instantiation
2026-04-10T02:07:50.897755+00:00 SEV-2 WARN: test_ml_feedback_loop.py — mock_usage:import
2026-04-10T02:07:50.897757+00:00 SEV-2 WARN: test_p0b_ftal_integration.py — mock_usage:instantiation
2026-04-10T02:07:50.897759+00:00 SEV-2 WARN: test_p0b_ftal_integration.py — mock_usage:import
2026-04-10T02:07:50.897761+00:00 SEV-2 WARN: test_p1a_sqlite_hardening.py — mock_usage:import
2026-04-10T02:07:50.897763+00:00 SEV-2 WARN: test_p2f_db_engine.py — mock_usage:instantiation
2026-04-10T02:07:50.897765+00:00 SEV-2 WARN: test_p2f_db_engine.py — mock_usage:import
2026-04-10T02:07:50.897768+00:00 SEV-2 WARN: test_p3a_security.py — mock_usage:instantiation
2026-04-10T02:07:50.897770+00:00 SEV-2 WARN: test_p3a_security.py — mock_usage:import
2026-04-10T02:07:50.897772+00:00 SEV-2 WARN: test_parallel_orchestrator.py — mock_usage:import
2026-04-10T02:07:50.897774+00:00 SEV-2 WARN: test_persona_seed.py — mock_usage:instantiation
2026-04-10T02:07:50.897775+00:00 SEV-2 WARN: test_persona_seed.py — mock_usage:import
2026-04-10T02:07:50.897778+00:00 SEV-2 WARN: test_personaforge_client.py — mock_usage:instantiation
2026-04-10T02:07:50.897780+00:00 SEV-2 WARN: test_personaforge_client.py — mock_usage:import
2026-04-10T02:07:50.897782+00:00 SEV-2 WARN: test_pg_migration.py — silent_pass:test_pdf_download_name_contains_id
2026-04-10T02:07:50.897784+00:00 SEV-2 WARN: test_pg_migration.py — mock_usage:instantiation
2026-04-10T02:07:50.897786+00:00 SEV-2 WARN: test_r2_low.py — mock_usage:instantiation
2026-04-10T02:07:50.897788+00:00 SEV-2 WARN: test_r2_low.py — mock_usage:import
2026-04-10T02:07:50.897790+00:00 SEV-2 WARN: test_r2_medium.py — mock_usage:instantiation
2026-04-10T02:07:50.897792+00:00 SEV-2 WARN: test_r2_medium.py — mock_usage:import
2026-04-10T02:07:50.897794+00:00 SEV-2 WARN: test_resume_effectiveness.py — mock_usage:instantiation
2026-04-10T02:07:50.897796+00:00 SEV-2 WARN: test_resume_effectiveness.py — mock_usage:import
2026-04-10T02:07:50.897799+00:00 SEV-2 WARN: test_w1_teaching_injection.py — mock_usage:import
2026-04-10T02:07:50.897801+00:00 SEV-2 WARN: test_w6_ai_journey_source.py — mock_usage:instantiation
2026-04-10T02:07:50.897803+00:00 SEV-2 WARN: test_w6_ai_journey_source.py — mock_usage:import
2026-04-10T06:50:00.680312+00:00 SEV-2 WARN: test_arango_context_injection.py — mock_usage:instantiation
2026-04-10T06:50:00.680321+00:00 SEV-2 WARN: test_arango_context_injection.py — mock_usage:import
2026-04-10T06:50:00.680324+00:00 SEV-2 WARN: test_claim_recording.py — mock_usage:instantiation
2026-04-10T06:50:00.680325+00:00 SEV-2 WARN: test_claim_recording.py — mock_usage:import
2026-04-10T06:50:00.680327+00:00 SEV-2 WARN: test_ct1_governance_outcomes.py — mock_usage:instantiation
2026-04-10T06:50:00.680328+00:00 SEV-2 WARN: test_ct1_governance_outcomes.py — mock_usage:import
2026-04-10T06:50:00.680329+00:00 SEV-2 WARN: test_ct4_arango_context_injection.py — mock_usage:import
2026-04-10T06:50:00.680330+00:00 SEV-2 WARN: test_ct5_cross_model_verifier.py — mock_usage:import
2026-04-10T06:50:00.680332+00:00 SEV-2 WARN: test_ct6_failure_teaching.py — mock_usage:import
2026-04-10T06:50:00.680333+00:00 SEV-2 WARN: test_ct9_interview_effectiveness.py — mock_usage:import
2026-04-10T06:50:00.680334+00:00 SEV-2 WARN: test_deep_profile_staleness.py — silent_pass:test_status_200_has_required_fields
2026-04-10T06:50:00.680335+00:00 SEV-2 WARN: test_deep_profile_staleness.py — mock_usage:import
2026-04-10T06:50:00.680337+00:00 SEV-2 WARN: test_enforcement.py — mock_usage:import
2026-04-10T06:50:00.680338+00:00 SEV-2 WARN: test_feedback_loop.py — silent_pass:test_correlations_200_has_required_fields
2026-04-10T06:50:00.680339+00:00 SEV-2 WARN: test_feedback_loop.py — silent_pass:test_feedback_summary_200_has_counts
2026-04-10T06:50:00.680340+00:00 SEV-2 WARN: test_feedback_loop.py — mock_usage:instantiation
2026-04-10T06:50:00.680342+00:00 SEV-2 WARN: test_feedback_loop.py — mock_usage:import
2026-04-10T06:50:00.680343+00:00 SEV-2 WARN: test_graph_traceability.py — silent_pass:test_coverage_200_has_required_fields
2026-04-10T06:50:00.680345+00:00 SEV-2 WARN: test_graph_traceability.py — silent_pass:test_coverage_pct_between_0_and_100
2026-04-10T06:50:00.680346+00:00 SEV-2 WARN: test_graph_traceability.py — mock_usage:instantiation
2026-04-10T06:50:00.680347+00:00 SEV-2 WARN: test_graph_traceability.py — mock_usage:import
2026-04-10T06:50:00.680348+00:00 SEV-2 WARN: test_interview_pf_gating.py — mock_usage:import
2026-04-10T06:50:00.680350+00:00 SEV-2 WARN: test_linkedin_narrative_regen.py — mock_usage:import
2026-04-10T06:50:00.680351+00:00 SEV-2 WARN: test_ml_feedback_loop.py — mock_usage:instantiation
2026-04-10T06:50:00.680352+00:00 SEV-2 WARN: test_ml_feedback_loop.py — mock_usage:import
2026-04-10T06:50:00.680353+00:00 SEV-2 WARN: test_p0b_ftal_integration.py — mock_usage:instantiation
2026-04-10T06:50:00.680355+00:00 SEV-2 WARN: test_p0b_ftal_integration.py — mock_usage:import
2026-04-10T06:50:00.680356+00:00 SEV-2 WARN: test_p1a_sqlite_hardening.py — mock_usage:import
2026-04-10T06:50:00.680357+00:00 SEV-2 WARN: test_p2f_db_engine.py — mock_usage:instantiation
2026-04-10T06:50:00.680358+00:00 SEV-2 WARN: test_p2f_db_engine.py — mock_usage:import
2026-04-10T06:50:00.680360+00:00 SEV-2 WARN: test_p3a_security.py — mock_usage:instantiation
2026-04-10T06:50:00.680361+00:00 SEV-2 WARN: test_p3a_security.py — mock_usage:import
2026-04-10T06:50:00.680362+00:00 SEV-2 WARN: test_parallel_orchestrator.py — mock_usage:import
2026-04-10T06:50:00.680364+00:00 SEV-2 WARN: test_persona_seed.py — mock_usage:instantiation
2026-04-10T06:50:00.680365+00:00 SEV-2 WARN: test_persona_seed.py — mock_usage:import
2026-04-10T06:50:00.680366+00:00 SEV-2 WARN: test_personaforge_client.py — mock_usage:instantiation
2026-04-10T06:50:00.680367+00:00 SEV-2 WARN: test_personaforge_client.py — mock_usage:import
2026-04-10T06:50:00.680368+00:00 SEV-2 WARN: test_pg_migration.py — silent_pass:test_pdf_download_name_contains_id
2026-04-10T06:50:00.680370+00:00 SEV-2 WARN: test_pg_migration.py — mock_usage:instantiation
2026-04-10T06:50:00.680371+00:00 SEV-2 WARN: test_r2_low.py — mock_usage:instantiation
2026-04-10T06:50:00.680372+00:00 SEV-2 WARN: test_r2_low.py — mock_usage:import
2026-04-10T06:50:00.680373+00:00 SEV-2 WARN: test_r2_medium.py — mock_usage:instantiation
2026-04-10T06:50:00.680375+00:00 SEV-2 WARN: test_r2_medium.py — mock_usage:import
2026-04-10T06:50:00.680376+00:00 SEV-2 WARN: test_resume_effectiveness.py — mock_usage:instantiation
2026-04-10T06:50:00.680377+00:00 SEV-2 WARN: test_resume_effectiveness.py — mock_usage:import
2026-04-10T06:50:00.680378+00:00 SEV-2 WARN: test_w1_teaching_injection.py — mock_usage:import
2026-04-10T06:50:00.680379+00:00 SEV-2 WARN: test_w6_ai_journey_source.py — mock_usage:instantiation
2026-04-10T06:50:00.680381+00:00 SEV-2 WARN: test_w6_ai_journey_source.py — mock_usage:import
2026-04-10T06:50:03.102437+00:00 SEV-2 WARN: test_arango_context_injection.py — mock_usage:import
2026-04-10T06:50:03.102443+00:00 SEV-2 WARN: test_arango_context_injection.py — mock_usage:instantiation
2026-04-10T06:50:03.102445+00:00 SEV-2 WARN: test_claim_recording.py — mock_usage:import
2026-04-10T06:50:03.102446+00:00 SEV-2 WARN: test_claim_recording.py — mock_usage:instantiation
2026-04-10T06:50:03.102448+00:00 SEV-2 WARN: test_ct1_governance_outcomes.py — mock_usage:import
2026-04-10T06:50:03.102449+00:00 SEV-2 WARN: test_ct1_governance_outcomes.py — mock_usage:instantiation
2026-04-10T06:50:03.102450+00:00 SEV-2 WARN: test_ct4_arango_context_injection.py — mock_usage:import
2026-04-10T06:50:03.102451+00:00 SEV-2 WARN: test_ct5_cross_model_verifier.py — mock_usage:import
2026-04-10T06:50:03.102452+00:00 SEV-2 WARN: test_ct6_failure_teaching.py — mock_usage:import
2026-04-10T06:50:03.102454+00:00 SEV-2 WARN: test_ct9_interview_effectiveness.py — mock_usage:import
2026-04-10T06:50:03.102455+00:00 SEV-2 WARN: test_deep_profile_staleness.py — silent_pass:test_status_200_has_required_fields
2026-04-10T06:50:03.102456+00:00 SEV-2 WARN: test_deep_profile_staleness.py — mock_usage:import
2026-04-10T06:50:03.102457+00:00 SEV-2 WARN: test_enforcement.py — mock_usage:import
2026-04-10T06:50:03.102459+00:00 SEV-2 WARN: test_feedback_loop.py — silent_pass:test_correlations_200_has_required_fields
2026-04-10T06:50:03.102460+00:00 SEV-2 WARN: test_feedback_loop.py — silent_pass:test_feedback_summary_200_has_counts
2026-04-10T06:50:03.102461+00:00 SEV-2 WARN: test_feedback_loop.py — mock_usage:import
2026-04-10T06:50:03.102463+00:00 SEV-2 WARN: test_feedback_loop.py — mock_usage:instantiation
2026-04-10T06:50:03.102464+00:00 SEV-2 WARN: test_graph_traceability.py — silent_pass:test_coverage_200_has_required_fields
2026-04-10T06:50:03.102465+00:00 SEV-2 WARN: test_graph_traceability.py — silent_pass:test_coverage_pct_between_0_and_100
2026-04-10T06:50:03.102466+00:00 SEV-2 WARN: test_graph_traceability.py — mock_usage:import
2026-04-10T06:50:03.102467+00:00 SEV-2 WARN: test_graph_traceability.py — mock_usage:instantiation
2026-04-10T06:50:03.102468+00:00 SEV-2 WARN: test_interview_pf_gating.py — mock_usage:import
2026-04-10T06:50:03.102469+00:00 SEV-2 WARN: test_linkedin_narrative_regen.py — mock_usage:import
2026-04-10T06:50:03.102471+00:00 SEV-2 WARN: test_ml_feedback_loop.py — mock_usage:import
2026-04-10T06:50:03.102472+00:00 SEV-2 WARN: test_ml_feedback_loop.py — mock_usage:instantiation
2026-04-10T06:50:03.102473+00:00 SEV-2 WARN: test_p0b_ftal_integration.py — mock_usage:import
2026-04-10T06:50:03.102474+00:00 SEV-2 WARN: test_p0b_ftal_integration.py — mock_usage:instantiation
2026-04-10T06:50:03.102476+00:00 SEV-2 WARN: test_p1a_sqlite_hardening.py — mock_usage:import
2026-04-10T06:50:03.102477+00:00 SEV-2 WARN: test_p2f_db_engine.py — mock_usage:import
2026-04-10T06:50:03.102478+00:00 SEV-2 WARN: test_p2f_db_engine.py — mock_usage:instantiation
2026-04-10T06:50:03.102479+00:00 SEV-2 WARN: test_p3a_security.py — mock_usage:import
2026-04-10T06:50:03.102480+00:00 SEV-2 WARN: test_p3a_security.py — mock_usage:instantiation
2026-04-10T06:50:03.102481+00:00 SEV-2 WARN: test_parallel_orchestrator.py — mock_usage:import
2026-04-10T06:50:03.102482+00:00 SEV-2 WARN: test_persona_seed.py — mock_usage:import
2026-04-10T06:50:03.102484+00:00 SEV-2 WARN: test_persona_seed.py — mock_usage:instantiation
2026-04-10T06:50:03.102485+00:00 SEV-2 WARN: test_personaforge_client.py — mock_usage:import
2026-04-10T06:50:03.102486+00:00 SEV-2 WARN: test_personaforge_client.py — mock_usage:instantiation
2026-04-10T06:50:03.102487+00:00 SEV-2 WARN: test_pg_migration.py — silent_pass:test_pdf_download_name_contains_id
2026-04-10T06:50:03.102489+00:00 SEV-2 WARN: test_pg_migration.py — mock_usage:instantiation
2026-04-10T06:50:03.102490+00:00 SEV-2 WARN: test_r2_low.py — mock_usage:import
2026-04-10T06:50:03.102491+00:00 SEV-2 WARN: test_r2_low.py — mock_usage:instantiation
2026-04-10T06:50:03.102492+00:00 SEV-2 WARN: test_r2_medium.py — mock_usage:import
2026-04-10T06:50:03.102493+00:00 SEV-2 WARN: test_r2_medium.py — mock_usage:instantiation
2026-04-10T06:50:03.102494+00:00 SEV-2 WARN: test_resume_effectiveness.py — mock_usage:import
2026-04-10T06:50:03.102496+00:00 SEV-2 WARN: test_resume_effectiveness.py — mock_usage:instantiation
2026-04-10T06:50:03.102497+00:00 SEV-2 WARN: test_w1_teaching_injection.py — mock_usage:import
2026-04-10T06:50:03.102498+00:00 SEV-2 WARN: test_w6_ai_journey_source.py — mock_usage:import
2026-04-10T06:50:03.102499+00:00 SEV-2 WARN: test_w6_ai_journey_source.py — mock_usage:instantiation
2026-04-10T07:16:49.234072+00:00 SEV-2 WARN: test_arango_context_injection.py — mock_usage:import
2026-04-10T07:16:49.234077+00:00 SEV-2 WARN: test_arango_context_injection.py — mock_usage:instantiation
2026-04-10T07:16:49.234079+00:00 SEV-2 WARN: test_claim_recording.py — mock_usage:import
2026-04-10T07:16:49.234081+00:00 SEV-2 WARN: test_claim_recording.py — mock_usage:instantiation
2026-04-10T07:16:49.234082+00:00 SEV-2 WARN: test_ct1_governance_outcomes.py — mock_usage:import
2026-04-10T07:16:49.234083+00:00 SEV-2 WARN: test_ct1_governance_outcomes.py — mock_usage:instantiation
2026-04-10T07:16:49.234085+00:00 SEV-2 WARN: test_ct4_arango_context_injection.py — mock_usage:import
2026-04-10T07:16:49.234086+00:00 SEV-2 WARN: test_ct5_cross_model_verifier.py — mock_usage:import
2026-04-10T07:16:49.234087+00:00 SEV-2 WARN: test_ct6_failure_teaching.py — mock_usage:import
2026-04-10T07:16:49.234088+00:00 SEV-2 WARN: test_ct9_interview_effectiveness.py — mock_usage:import
2026-04-10T07:16:49.234089+00:00 SEV-2 WARN: test_deep_profile_staleness.py — silent_pass:test_status_200_has_required_fields
2026-04-10T07:16:49.234090+00:00 SEV-2 WARN: test_deep_profile_staleness.py — mock_usage:import
2026-04-10T07:16:49.234092+00:00 SEV-2 WARN: test_enforcement.py — mock_usage:import
2026-04-10T07:16:49.234093+00:00 SEV-2 WARN: test_feedback_loop.py — silent_pass:test_correlations_200_has_required_fields
2026-04-10T07:16:49.234094+00:00 SEV-2 WARN: test_feedback_loop.py — silent_pass:test_feedback_summary_200_has_counts
2026-04-10T07:16:49.234095+00:00 SEV-2 WARN: test_feedback_loop.py — mock_usage:import
2026-04-10T07:16:49.234096+00:00 SEV-2 WARN: test_feedback_loop.py — mock_usage:instantiation
2026-04-10T07:16:49.234097+00:00 SEV-2 WARN: test_graph_traceability.py — silent_pass:test_coverage_200_has_required_fields
2026-04-10T07:16:49.234099+00:00 SEV-2 WARN: test_graph_traceability.py — silent_pass:test_coverage_pct_between_0_and_100
2026-04-10T07:16:49.234100+00:00 SEV-2 WARN: test_graph_traceability.py — mock_usage:import
2026-04-10T07:16:49.234101+00:00 SEV-2 WARN: test_graph_traceability.py — mock_usage:instantiation
2026-04-10T07:16:49.234102+00:00 SEV-2 WARN: test_interview_pf_gating.py — mock_usage:import
2026-04-10T07:16:49.234103+00:00 SEV-2 WARN: test_linkedin_narrative_regen.py — mock_usage:import
2026-04-10T07:16:49.234105+00:00 SEV-2 WARN: test_ml_feedback_loop.py — mock_usage:import
2026-04-10T07:16:49.234106+00:00 SEV-2 WARN: test_ml_feedback_loop.py — mock_usage:instantiation
2026-04-10T07:16:49.234107+00:00 SEV-2 WARN: test_p0b_ftal_integration.py — mock_usage:import
2026-04-10T07:16:49.234108+00:00 SEV-2 WARN: test_p0b_ftal_integration.py — mock_usage:instantiation
2026-04-10T07:16:49.234109+00:00 SEV-2 WARN: test_p1a_sqlite_hardening.py — mock_usage:import
2026-04-10T07:16:49.234110+00:00 SEV-2 WARN: test_p2f_db_engine.py — mock_usage:import
2026-04-10T07:16:49.234111+00:00 SEV-2 WARN: test_p2f_db_engine.py — mock_usage:instantiation
2026-04-10T07:16:49.234113+00:00 SEV-2 WARN: test_p3a_security.py — mock_usage:import
2026-04-10T07:16:49.234114+00:00 SEV-2 WARN: test_p3a_security.py — mock_usage:instantiation
2026-04-10T07:16:49.234115+00:00 SEV-2 WARN: test_parallel_orchestrator.py — mock_usage:import
2026-04-10T07:16:49.234116+00:00 SEV-2 WARN: test_persona_seed.py — mock_usage:import
2026-04-10T07:16:49.234117+00:00 SEV-2 WARN: test_persona_seed.py — mock_usage:instantiation
2026-04-10T07:16:49.234118+00:00 SEV-2 WARN: test_personaforge_client.py — mock_usage:import
2026-04-10T07:16:49.234120+00:00 SEV-2 WARN: test_personaforge_client.py — mock_usage:instantiation
2026-04-10T07:16:49.234121+00:00 SEV-2 WARN: test_pg_migration.py — silent_pass:test_pdf_download_name_contains_id
2026-04-10T07:16:49.234122+00:00 SEV-2 WARN: test_pg_migration.py — mock_usage:instantiation
2026-04-10T07:16:49.234123+00:00 SEV-2 WARN: test_r2_low.py — mock_usage:import
2026-04-10T07:16:49.234124+00:00 SEV-2 WARN: test_r2_low.py — mock_usage:instantiation
2026-04-10T07:16:49.234126+00:00 SEV-2 WARN: test_r2_medium.py — mock_usage:import
2026-04-10T07:16:49.234127+00:00 SEV-2 WARN: test_r2_medium.py — mock_usage:instantiation
2026-04-10T07:16:49.234128+00:00 SEV-2 WARN: test_resume_effectiveness.py — mock_usage:import
2026-04-10T07:16:49.234129+00:00 SEV-2 WARN: test_resume_effectiveness.py — mock_usage:instantiation
2026-04-10T07:16:49.234130+00:00 SEV-2 WARN: test_w1_teaching_injection.py — mock_usage:import
2026-04-10T07:16:49.234131+00:00 SEV-2 WARN: test_w6_ai_journey_source.py — mock_usage:import
2026-04-10T07:16:49.234133+00:00 SEV-2 WARN: test_w6_ai_journey_source.py — mock_usage:instantiation
2026-04-10T07:16:51.698367+00:00 SEV-2 WARN: test_arango_context_injection.py — mock_usage:import
2026-04-10T07:16:51.698374+00:00 SEV-2 WARN: test_arango_context_injection.py — mock_usage:instantiation
2026-04-10T07:16:51.698377+00:00 SEV-2 WARN: test_claim_recording.py — mock_usage:import
2026-04-10T07:16:51.698378+00:00 SEV-2 WARN: test_claim_recording.py — mock_usage:instantiation
2026-04-10T07:16:51.698379+00:00 SEV-2 WARN: test_ct1_governance_outcomes.py — mock_usage:import
2026-04-10T07:16:51.698380+00:00 SEV-2 WARN: test_ct1_governance_outcomes.py — mock_usage:instantiation
2026-04-10T07:16:51.698381+00:00 SEV-2 WARN: test_ct4_arango_context_injection.py — mock_usage:import
2026-04-10T07:16:51.698383+00:00 SEV-2 WARN: test_ct5_cross_model_verifier.py — mock_usage:import
2026-04-10T07:16:51.698384+00:00 SEV-2 WARN: test_ct6_failure_teaching.py — mock_usage:import
2026-04-10T07:16:51.698385+00:00 SEV-2 WARN: test_ct9_interview_effectiveness.py — mock_usage:import
2026-04-10T07:16:51.698386+00:00 SEV-2 WARN: test_deep_profile_staleness.py — silent_pass:test_status_200_has_required_fields
2026-04-10T07:16:51.698387+00:00 SEV-2 WARN: test_deep_profile_staleness.py — mock_usage:import
2026-04-10T07:16:51.698388+00:00 SEV-2 WARN: test_enforcement.py — mock_usage:import
2026-04-10T07:16:51.698390+00:00 SEV-2 WARN: test_feedback_loop.py — silent_pass:test_correlations_200_has_required_fields
2026-04-10T07:16:51.698391+00:00 SEV-2 WARN: test_feedback_loop.py — silent_pass:test_feedback_summary_200_has_counts
2026-04-10T07:16:51.698392+00:00 SEV-2 WARN: test_feedback_loop.py — mock_usage:import
2026-04-10T07:16:51.698393+00:00 SEV-2 WARN: test_feedback_loop.py — mock_usage:instantiation
2026-04-10T07:16:51.698394+00:00 SEV-2 WARN: test_graph_traceability.py — silent_pass:test_coverage_200_has_required_fields
2026-04-10T07:16:51.698395+00:00 SEV-2 WARN: test_graph_traceability.py — silent_pass:test_coverage_pct_between_0_and_100
2026-04-10T07:16:51.698396+00:00 SEV-2 WARN: test_graph_traceability.py — mock_usage:import
2026-04-10T07:16:51.698397+00:00 SEV-2 WARN: test_graph_traceability.py — mock_usage:instantiation
2026-04-10T07:16:51.698399+00:00 SEV-2 WARN: test_interview_pf_gating.py — mock_usage:import
2026-04-10T07:16:51.698400+00:00 SEV-2 WARN: test_linkedin_narrative_regen.py — mock_usage:import
2026-04-10T07:16:51.698401+00:00 SEV-2 WARN: test_ml_feedback_loop.py — mock_usage:import
2026-04-10T07:16:51.698402+00:00 SEV-2 WARN: test_ml_feedback_loop.py — mock_usage:instantiation
2026-04-10T07:16:51.698403+00:00 SEV-2 WARN: test_p0b_ftal_integration.py — mock_usage:import
2026-04-10T07:16:51.698404+00:00 SEV-2 WARN: test_p0b_ftal_integration.py — mock_usage:instantiation
2026-04-10T07:16:51.698405+00:00 SEV-2 WARN: test_p1a_sqlite_hardening.py — mock_usage:import
2026-04-10T07:16:51.698406+00:00 SEV-2 WARN: test_p2f_db_engine.py — mock_usage:import
2026-04-10T07:16:51.698407+00:00 SEV-2 WARN: test_p2f_db_engine.py — mock_usage:instantiation
2026-04-10T07:16:51.698408+00:00 SEV-2 WARN: test_p3a_security.py — mock_usage:import
2026-04-10T07:16:51.698410+00:00 SEV-2 WARN: test_p3a_security.py — mock_usage:instantiation
2026-04-10T07:16:51.698411+00:00 SEV-2 WARN: test_parallel_orchestrator.py — mock_usage:import
2026-04-10T07:16:51.698412+00:00 SEV-2 WARN: test_persona_seed.py — mock_usage:import
2026-04-10T07:16:51.698413+00:00 SEV-2 WARN: test_persona_seed.py — mock_usage:instantiation
2026-04-10T07:16:51.698414+00:00 SEV-2 WARN: test_personaforge_client.py — mock_usage:import
2026-04-10T07:16:51.698415+00:00 SEV-2 WARN: test_personaforge_client.py — mock_usage:instantiation
2026-04-10T07:16:51.698416+00:00 SEV-2 WARN: test_pg_migration.py — silent_pass:test_pdf_download_name_contains_id
2026-04-10T07:16:51.698417+00:00 SEV-2 WARN: test_pg_migration.py — mock_usage:instantiation
2026-04-10T07:16:51.698419+00:00 SEV-2 WARN: test_r2_low.py — mock_usage:import
2026-04-10T07:16:51.698420+00:00 SEV-2 WARN: test_r2_low.py — mock_usage:instantiation
2026-04-10T07:16:51.698421+00:00 SEV-2 WARN: test_r2_medium.py — mock_usage:import
2026-04-10T07:16:51.698422+00:00 SEV-2 WARN: test_r2_medium.py — mock_usage:instantiation
2026-04-10T07:16:51.698423+00:00 SEV-2 WARN: test_resume_effectiveness.py — mock_usage:import
2026-04-10T07:16:51.698424+00:00 SEV-2 WARN: test_resume_effectiveness.py — mock_usage:instantiation
2026-04-10T07:16:51.698425+00:00 SEV-2 WARN: test_w1_teaching_injection.py — mock_usage:import
2026-04-10T07:16:51.698427+00:00 SEV-2 WARN: test_w6_ai_journey_source.py — mock_usage:import
2026-04-10T07:16:51.698428+00:00 SEV-2 WARN: test_w6_ai_journey_source.py — mock_usage:instantiation
2026-04-10T13:01:18.906236+00:00 SEV-2 WARN: test_arango_context_injection.py — mock_usage:instantiation
2026-04-10T13:01:18.906243+00:00 SEV-2 WARN: test_arango_context_injection.py — mock_usage:import
2026-04-10T13:01:18.906245+00:00 SEV-2 WARN: test_claim_recording.py — mock_usage:instantiation
2026-04-10T13:01:18.906247+00:00 SEV-2 WARN: test_claim_recording.py — mock_usage:import
2026-04-10T13:01:18.906248+00:00 SEV-2 WARN: test_ct1_governance_outcomes.py — mock_usage:instantiation
2026-04-10T13:01:18.906249+00:00 SEV-2 WARN: test_ct1_governance_outcomes.py — mock_usage:import
2026-04-10T13:01:18.906251+00:00 SEV-2 WARN: test_ct4_arango_context_injection.py — mock_usage:import
2026-04-10T13:01:18.906252+00:00 SEV-2 WARN: test_ct5_cross_model_verifier.py — mock_usage:import
2026-04-10T13:01:18.906253+00:00 SEV-2 WARN: test_ct6_failure_teaching.py — mock_usage:import
2026-04-10T13:01:18.906254+00:00 SEV-2 WARN: test_ct9_interview_effectiveness.py — mock_usage:import
2026-04-10T13:01:18.906255+00:00 SEV-2 WARN: test_deep_profile_staleness.py — silent_pass:test_status_200_has_required_fields
2026-04-10T13:01:18.906257+00:00 SEV-2 WARN: test_deep_profile_staleness.py — mock_usage:import
2026-04-10T13:01:18.906258+00:00 SEV-2 WARN: test_enforcement.py — mock_usage:import
2026-04-10T13:01:18.906259+00:00 SEV-2 WARN: test_feedback_loop.py — silent_pass:test_correlations_200_has_required_fields
2026-04-10T13:01:18.906260+00:00 SEV-2 WARN: test_feedback_loop.py — silent_pass:test_feedback_summary_200_has_counts
2026-04-10T13:01:18.906261+00:00 SEV-2 WARN: test_feedback_loop.py — mock_usage:instantiation
2026-04-10T13:01:18.906262+00:00 SEV-2 WARN: test_feedback_loop.py — mock_usage:import
2026-04-10T13:01:18.906263+00:00 SEV-2 WARN: test_graph_traceability.py — silent_pass:test_coverage_200_has_required_fields
2026-04-10T13:01:18.906265+00:00 SEV-2 WARN: test_graph_traceability.py — silent_pass:test_coverage_pct_between_0_and_100
2026-04-10T13:01:18.906266+00:00 SEV-2 WARN: test_graph_traceability.py — mock_usage:instantiation
2026-04-10T13:01:18.906267+00:00 SEV-2 WARN: test_graph_traceability.py — mock_usage:import
2026-04-10T13:01:18.906268+00:00 SEV-2 WARN: test_interview_pf_gating.py — mock_usage:import
2026-04-10T13:01:18.906269+00:00 SEV-2 WARN: test_linkedin_narrative_regen.py — mock_usage:import
2026-04-10T13:01:18.906270+00:00 SEV-2 WARN: test_ml_feedback_loop.py — mock_usage:instantiation
2026-04-10T13:01:18.906271+00:00 SEV-2 WARN: test_ml_feedback_loop.py — mock_usage:import
2026-04-10T13:01:18.906272+00:00 SEV-2 WARN: test_p0b_ftal_integration.py — mock_usage:instantiation
2026-04-10T13:01:18.906274+00:00 SEV-2 WARN: test_p0b_ftal_integration.py — mock_usage:import
2026-04-10T13:01:18.906275+00:00 SEV-2 WARN: test_p1a_sqlite_hardening.py — mock_usage:import
2026-04-10T13:01:18.906276+00:00 SEV-2 WARN: test_p2f_db_engine.py — mock_usage:instantiation
2026-04-10T13:01:18.906277+00:00 SEV-2 WARN: test_p2f_db_engine.py — mock_usage:import
2026-04-10T13:01:18.906278+00:00 SEV-2 WARN: test_p3a_security.py — mock_usage:instantiation
2026-04-10T13:01:18.906279+00:00 SEV-2 WARN: test_p3a_security.py — mock_usage:import
2026-04-10T13:01:18.906281+00:00 SEV-2 WARN: test_parallel_orchestrator.py — mock_usage:import
2026-04-10T13:01:18.906282+00:00 SEV-2 WARN: test_persona_seed.py — mock_usage:instantiation
2026-04-10T13:01:18.906283+00:00 SEV-2 WARN: test_persona_seed.py — mock_usage:import
2026-04-10T13:01:18.906284+00:00 SEV-2 WARN: test_personaforge_client.py — mock_usage:instantiation
2026-04-10T13:01:18.906285+00:00 SEV-2 WARN: test_personaforge_client.py — mock_usage:import
2026-04-10T13:01:18.906286+00:00 SEV-2 WARN: test_pg_migration.py — silent_pass:test_pdf_download_name_contains_id
2026-04-10T13:01:18.906287+00:00 SEV-2 WARN: test_pg_migration.py — mock_usage:instantiation
2026-04-10T13:01:18.906288+00:00 SEV-2 WARN: test_r2_low.py — mock_usage:instantiation
2026-04-10T13:01:18.906289+00:00 SEV-2 WARN: test_r2_low.py — mock_usage:import
2026-04-10T13:01:18.906291+00:00 SEV-2 WARN: test_r2_medium.py — mock_usage:instantiation
2026-04-10T13:01:18.906292+00:00 SEV-2 WARN: test_r2_medium.py — mock_usage:import
2026-04-10T13:01:18.906293+00:00 SEV-2 WARN: test_resume_effectiveness.py — mock_usage:instantiation
2026-04-10T13:01:18.906294+00:00 SEV-2 WARN: test_resume_effectiveness.py — mock_usage:import
2026-04-10T13:01:18.906295+00:00 SEV-2 WARN: test_w1_teaching_injection.py — mock_usage:import
2026-04-10T13:01:18.906296+00:00 SEV-2 WARN: test_w6_ai_journey_source.py — mock_usage:instantiation
2026-04-10T13:01:18.906297+00:00 SEV-2 WARN: test_w6_ai_journey_source.py — mock_usage:import
2026-04-10T13:01:20.814401+00:00 SEV-2 WARN: test_arango_context_injection.py — mock_usage:instantiation
2026-04-10T13:01:20.814409+00:00 SEV-2 WARN: test_arango_context_injection.py — mock_usage:import
2026-04-10T13:01:20.814412+00:00 SEV-2 WARN: test_claim_recording.py — mock_usage:instantiation
2026-04-10T13:01:20.814415+00:00 SEV-2 WARN: test_claim_recording.py — mock_usage:import
2026-04-10T13:01:20.814417+00:00 SEV-2 WARN: test_ct1_governance_outcomes.py — mock_usage:instantiation
2026-04-10T13:01:20.814418+00:00 SEV-2 WARN: test_ct1_governance_outcomes.py — mock_usage:import
2026-04-10T13:01:20.814420+00:00 SEV-2 WARN: test_ct4_arango_context_injection.py — mock_usage:import
2026-04-10T13:01:20.814422+00:00 SEV-2 WARN: test_ct5_cross_model_verifier.py — mock_usage:import
2026-04-10T13:01:20.814423+00:00 SEV-2 WARN: test_ct6_failure_teaching.py — mock_usage:import
2026-04-10T13:01:20.814425+00:00 SEV-2 WARN: test_ct9_interview_effectiveness.py — mock_usage:import
2026-04-10T13:01:20.814427+00:00 SEV-2 WARN: test_deep_profile_staleness.py — silent_pass:test_status_200_has_required_fields
2026-04-10T13:01:20.814429+00:00 SEV-2 WARN: test_deep_profile_staleness.py — mock_usage:import
2026-04-10T13:01:20.814431+00:00 SEV-2 WARN: test_enforcement.py — mock_usage:import
2026-04-10T13:01:20.814432+00:00 SEV-2 WARN: test_feedback_loop.py — silent_pass:test_correlations_200_has_required_fields
2026-04-10T13:01:20.814434+00:00 SEV-2 WARN: test_feedback_loop.py — silent_pass:test_feedback_summary_200_has_counts
2026-04-10T13:01:20.814436+00:00 SEV-2 WARN: test_feedback_loop.py — mock_usage:instantiation
2026-04-10T13:01:20.814438+00:00 SEV-2 WARN: test_feedback_loop.py — mock_usage:import
2026-04-10T13:01:20.814439+00:00 SEV-2 WARN: test_graph_traceability.py — silent_pass:test_coverage_200_has_required_fields
2026-04-10T13:01:20.814441+00:00 SEV-2 WARN: test_graph_traceability.py — silent_pass:test_coverage_pct_between_0_and_100
2026-04-10T13:01:20.814443+00:00 SEV-2 WARN: test_graph_traceability.py — mock_usage:instantiation
2026-04-10T13:01:20.814444+00:00 SEV-2 WARN: test_graph_traceability.py — mock_usage:import
2026-04-10T13:01:20.814446+00:00 SEV-2 WARN: test_interview_pf_gating.py — mock_usage:import
2026-04-10T13:01:20.814447+00:00 SEV-2 WARN: test_linkedin_narrative_regen.py — mock_usage:import
2026-04-10T13:01:20.814449+00:00 SEV-2 WARN: test_ml_feedback_loop.py — mock_usage:instantiation
2026-04-10T13:01:20.814451+00:00 SEV-2 WARN: test_ml_feedback_loop.py — mock_usage:import
2026-04-10T13:01:20.814452+00:00 SEV-2 WARN: test_p0b_ftal_integration.py — mock_usage:instantiation
2026-04-10T13:01:20.814454+00:00 SEV-2 WARN: test_p0b_ftal_integration.py — mock_usage:import
2026-04-10T13:01:20.814456+00:00 SEV-2 WARN: test_p1a_sqlite_hardening.py — mock_usage:import
2026-04-10T13:01:20.814457+00:00 SEV-2 WARN: test_p2f_db_engine.py — mock_usage:instantiation
2026-04-10T13:01:20.814459+00:00 SEV-2 WARN: test_p2f_db_engine.py — mock_usage:import
2026-04-10T13:01:20.814460+00:00 SEV-2 WARN: test_p3a_security.py — mock_usage:instantiation
2026-04-10T13:01:20.814462+00:00 SEV-2 WARN: test_p3a_security.py — mock_usage:import
2026-04-10T13:01:20.814464+00:00 SEV-2 WARN: test_parallel_orchestrator.py — mock_usage:import
2026-04-10T13:01:20.814465+00:00 SEV-2 WARN: test_persona_seed.py — mock_usage:instantiation
2026-04-10T13:01:20.814467+00:00 SEV-2 WARN: test_persona_seed.py — mock_usage:import
2026-04-10T13:01:20.814469+00:00 SEV-2 WARN: test_personaforge_client.py — mock_usage:instantiation
2026-04-10T13:01:20.814470+00:00 SEV-2 WARN: test_personaforge_client.py — mock_usage:import
2026-04-10T13:01:20.814472+00:00 SEV-2 WARN: test_pg_migration.py — silent_pass:test_pdf_download_name_contains_id
2026-04-10T13:01:20.814474+00:00 SEV-2 WARN: test_pg_migration.py — mock_usage:instantiation
2026-04-10T13:01:20.814475+00:00 SEV-2 WARN: test_r2_low.py — mock_usage:instantiation
2026-04-10T13:01:20.814477+00:00 SEV-2 WARN: test_r2_low.py — mock_usage:import
2026-04-10T13:01:20.814479+00:00 SEV-2 WARN: test_r2_medium.py — mock_usage:instantiation
2026-04-10T13:01:20.814480+00:00 SEV-2 WARN: test_r2_medium.py — mock_usage:import
2026-04-10T13:01:20.814482+00:00 SEV-2 WARN: test_resume_effectiveness.py — mock_usage:instantiation
2026-04-10T13:01:20.814484+00:00 SEV-2 WARN: test_resume_effectiveness.py — mock_usage:import
2026-04-10T13:01:20.814485+00:00 SEV-2 WARN: test_w1_teaching_injection.py — mock_usage:import
2026-04-10T13:01:20.814487+00:00 SEV-2 WARN: test_w6_ai_journey_source.py — mock_usage:instantiation
2026-04-10T13:01:20.814488+00:00 SEV-2 WARN: test_w6_ai_journey_source.py — mock_usage:import
2026-04-20T13:39:48.017382+00:00 SEV-2 WARN: test_arango_context_injection.py — mock_usage:import
2026-04-20T13:39:48.017387+00:00 SEV-2 WARN: test_arango_context_injection.py — mock_usage:instantiation
2026-04-20T13:39:48.017388+00:00 SEV-2 WARN: test_artifact_generator_heuristic.py — mock_usage:import
2026-04-20T13:39:48.017389+00:00 SEV-2 WARN: test_artifact_generator_llm.py — mock_usage:import
2026-04-20T13:39:48.017390+00:00 SEV-2 WARN: test_artifact_generator_llm.py — mock_usage:instantiation
2026-04-20T13:39:48.017391+00:00 SEV-2 WARN: test_artifact_generator_orchestration.py — mock_usage:import
2026-04-20T13:39:48.017392+00:00 SEV-2 WARN: test_artifact_generator_orchestration.py — mock_usage:instantiation
2026-04-20T13:39:48.017393+00:00 SEV-2 WARN: test_claim_recording.py — mock_usage:import
2026-04-20T13:39:48.017394+00:00 SEV-2 WARN: test_claim_recording.py — mock_usage:instantiation
2026-04-20T13:39:48.017395+00:00 SEV-2 WARN: test_ct1_governance_outcomes.py — mock_usage:import
2026-04-20T13:39:48.017395+00:00 SEV-2 WARN: test_ct1_governance_outcomes.py — mock_usage:instantiation
2026-04-20T13:39:48.017396+00:00 SEV-2 WARN: test_ct4_arango_context_injection.py — mock_usage:import
2026-04-20T13:39:48.017397+00:00 SEV-2 WARN: test_ct5_cross_model_verifier.py — mock_usage:import
2026-04-20T13:39:48.017398+00:00 SEV-2 WARN: test_ct6_failure_teaching.py — mock_usage:import
2026-04-20T13:39:48.017399+00:00 SEV-2 WARN: test_ct9_interview_effectiveness.py — mock_usage:import
2026-04-20T13:39:48.017399+00:00 SEV-2 WARN: test_deep_profile_staleness.py — silent_pass:test_status_200_has_required_fields
2026-04-20T13:39:48.017400+00:00 SEV-2 WARN: test_deep_profile_staleness.py — mock_usage:import
2026-04-20T13:39:48.017401+00:00 SEV-2 WARN: test_enforcement.py — mock_usage:import
2026-04-20T13:39:48.017402+00:00 SEV-2 WARN: test_feedback_loop.py — silent_pass:test_correlations_200_has_required_fields
2026-04-20T13:39:48.017403+00:00 SEV-2 WARN: test_feedback_loop.py — silent_pass:test_feedback_summary_200_has_counts
2026-04-20T13:39:48.017404+00:00 SEV-2 WARN: test_feedback_loop.py — mock_usage:import
2026-04-20T13:39:48.017405+00:00 SEV-2 WARN: test_feedback_loop.py — mock_usage:instantiation
2026-04-20T13:39:48.017406+00:00 SEV-2 WARN: test_graph_traceability.py — silent_pass:test_coverage_200_has_required_fields
2026-04-20T13:39:48.017406+00:00 SEV-2 WARN: test_graph_traceability.py — silent_pass:test_coverage_pct_between_0_and_100
2026-04-20T13:39:48.017407+00:00 SEV-2 WARN: test_graph_traceability.py — mock_usage:import
2026-04-20T13:39:48.017408+00:00 SEV-2 WARN: test_graph_traceability.py — mock_usage:instantiation
2026-04-20T13:39:48.017409+00:00 SEV-2 WARN: test_interview_pf_gating.py — mock_usage:import
2026-04-20T13:39:48.017410+00:00 SEV-2 WARN: test_journey_phase1_phase3_integration.py — mock_usage:import
2026-04-20T13:39:48.017410+00:00 SEV-2 WARN: test_journey_phase1_watermarks.py — mock_usage:import
2026-04-20T13:39:48.017411+00:00 SEV-2 WARN: test_linkedin_narrative_regen.py — mock_usage:import
2026-04-20T13:39:48.017412+00:00 SEV-2 WARN: test_ml_feedback_loop.py — mock_usage:import
2026-04-20T13:39:48.017412+00:00 SEV-2 WARN: test_ml_feedback_loop.py — mock_usage:instantiation
2026-04-20T13:39:48.017413+00:00 SEV-2 WARN: test_option_c1_audit_table.py — mock_usage:import
2026-04-20T13:39:48.017414+00:00 SEV-2 WARN: test_option_c4_operation_logging.py — mock_usage:import
2026-04-20T13:39:48.017415+00:00 SEV-2 WARN: test_option_c4_operation_logging.py — mock_usage:instantiation
2026-04-20T13:39:48.017416+00:00 SEV-2 WARN: test_p0b_ftal_integration.py — mock_usage:import
2026-04-20T13:39:48.017416+00:00 SEV-2 WARN: test_p0b_ftal_integration.py — mock_usage:instantiation
2026-04-20T13:39:48.017417+00:00 SEV-2 WARN: test_p1a_sqlite_hardening.py — mock_usage:import
2026-04-20T13:39:48.017418+00:00 SEV-2 WARN: test_p2f_db_engine.py — mock_usage:import
2026-04-20T13:39:48.017418+00:00 SEV-2 WARN: test_p2f_db_engine.py — mock_usage:instantiation
2026-04-20T13:39:48.017419+00:00 SEV-2 WARN: test_p3a_security.py — mock_usage:import
2026-04-20T13:39:48.017420+00:00 SEV-2 WARN: test_p3a_security.py — mock_usage:instantiation
2026-04-20T13:39:48.017420+00:00 SEV-2 WARN: test_parallel_orchestrator.py — mock_usage:import
2026-04-20T13:39:48.017421+00:00 SEV-2 WARN: test_persona_seed.py — mock_usage:import
2026-04-20T13:39:48.017422+00:00 SEV-2 WARN: test_persona_seed.py — mock_usage:instantiation
2026-04-20T13:39:48.017422+00:00 SEV-2 WARN: test_personaforge_client.py — mock_usage:import
2026-04-20T13:39:48.017423+00:00 SEV-2 WARN: test_personaforge_client.py — mock_usage:instantiation
2026-04-20T13:39:48.017424+00:00 SEV-2 WARN: test_pg_migration.py — silent_pass:test_pdf_download_name_contains_id
2026-04-20T13:39:48.017424+00:00 SEV-2 WARN: test_pg_migration.py — mock_usage:instantiation
2026-04-20T13:39:48.017425+00:00 SEV-2 WARN: test_phase6a_double_fallback.py — mock_usage:import
2026-04-20T13:39:48.017426+00:00 SEV-2 WARN: test_phase6b_retry.py — mock_usage:import
2026-04-20T13:39:48.017426+00:00 SEV-2 WARN: test_phase6c_caching.py — mock_usage:import
2026-04-20T13:39:48.017427+00:00 SEV-2 WARN: test_phase6d_skip_rag.py — mock_usage:import
2026-04-20T13:39:48.017428+00:00 SEV-2 WARN: test_phase_a_gap_classifier.py — mock_usage:import
2026-04-20T13:39:48.017429+00:00 SEV-2 WARN: test_phase_a_jd_parser.py — mock_usage:import
2026-04-20T13:39:48.017429+00:00 SEV-2 WARN: test_phase_a_normalizer.py — mock_usage:import
2026-04-20T13:39:48.017430+00:00 SEV-2 WARN: test_phase_b_hybrid_scorer.py — mock_usage:import
2026-04-20T13:39:48.017431+00:00 SEV-2 WARN: test_phase_c_claim_auditor.py — mock_usage:import
2026-04-20T13:39:48.017431+00:00 SEV-2 WARN: test_phase_c_claim_auditor_extended.py — mock_usage:import
2026-04-20T13:39:48.017432+00:00 SEV-2 WARN: test_phase_c_rewrite_planner.py — mock_usage:import
2026-04-20T13:39:48.017432+00:00 SEV-2 WARN: test_phase_c_rewrite_planner_extended.py — mock_usage:import
2026-04-20T13:39:48.017433+00:00 SEV-2 WARN: test_phase_d_item9_alignment_integration.py — mock_usage:import
2026-04-20T13:39:48.017434+00:00 SEV-2 WARN: test_phase_d_items10_11_audit_rewrite.py — mock_usage:import
2026-04-20T13:39:48.017434+00:00 SEV-2 WARN: test_phase_e_equiv_scoring.py — mock_usage:import
2026-04-20T13:39:48.017435+00:00 SEV-2 WARN: test_phase_e_keyword_routes.py — mock_usage:import
2026-04-20T13:39:48.017436+00:00 SEV-2 WARN: test_phase_e_match_endpoint.py — mock_usage:import
2026-04-20T13:39:48.017436+00:00 SEV-2 WARN: test_r2_low.py — mock_usage:import
2026-04-20T13:39:48.017437+00:00 SEV-2 WARN: test_r2_low.py — mock_usage:instantiation
2026-04-20T13:39:48.017438+00:00 SEV-2 WARN: test_r2_medium.py — mock_usage:import
2026-04-20T13:39:48.017438+00:00 SEV-2 WARN: test_r2_medium.py — mock_usage:instantiation
2026-04-20T13:39:48.017439+00:00 SEV-2 WARN: test_resume_effectiveness.py — mock_usage:import
2026-04-20T13:39:48.017440+00:00 SEV-2 WARN: test_resume_effectiveness.py — mock_usage:instantiation
2026-04-20T13:39:48.017440+00:00 SEV-2 WARN: test_semantic_scoring.py — mock_usage:import
2026-04-20T13:39:48.017441+00:00 SEV-2 WARN: test_w1_teaching_injection.py — mock_usage:import
2026-04-20T13:39:48.017442+00:00 SEV-2 WARN: test_w6_ai_journey_source.py — mock_usage:import
2026-04-20T13:39:48.017442+00:00 SEV-2 WARN: test_w6_ai_journey_source.py — mock_usage:instantiation
2026-04-20T13:39:49.025515+00:00 SEV-2 WARN: test_arango_context_injection.py — mock_usage:import
2026-04-20T13:39:49.025518+00:00 SEV-2 WARN: test_arango_context_injection.py — mock_usage:instantiation
2026-04-20T13:39:49.025519+00:00 SEV-2 WARN: test_artifact_generator_heuristic.py — mock_usage:import
2026-04-20T13:39:49.025520+00:00 SEV-2 WARN: test_artifact_generator_llm.py — mock_usage:import
2026-04-20T13:39:49.025521+00:00 SEV-2 WARN: test_artifact_generator_llm.py — mock_usage:instantiation
2026-04-20T13:39:49.025522+00:00 SEV-2 WARN: test_artifact_generator_orchestration.py — mock_usage:import
2026-04-20T13:39:49.025523+00:00 SEV-2 WARN: test_artifact_generator_orchestration.py — mock_usage:instantiation
2026-04-20T13:39:49.025523+00:00 SEV-2 WARN: test_claim_recording.py — mock_usage:import
2026-04-20T13:39:49.025524+00:00 SEV-2 WARN: test_claim_recording.py — mock_usage:instantiation
2026-04-20T13:39:49.025525+00:00 SEV-2 WARN: test_ct1_governance_outcomes.py — mock_usage:import
2026-04-20T13:39:49.025526+00:00 SEV-2 WARN: test_ct1_governance_outcomes.py — mock_usage:instantiation
2026-04-20T13:39:49.025527+00:00 SEV-2 WARN: test_ct4_arango_context_injection.py — mock_usage:import
2026-04-20T13:39:49.025528+00:00 SEV-2 WARN: test_ct5_cross_model_verifier.py — mock_usage:import
2026-04-20T13:39:49.025528+00:00 SEV-2 WARN: test_ct6_failure_teaching.py — mock_usage:import
2026-04-20T13:39:49.025529+00:00 SEV-2 WARN: test_ct9_interview_effectiveness.py — mock_usage:import
2026-04-20T13:39:49.025530+00:00 SEV-2 WARN: test_deep_profile_staleness.py — silent_pass:test_status_200_has_required_fields
2026-04-20T13:39:49.025531+00:00 SEV-2 WARN: test_deep_profile_staleness.py — mock_usage:import
2026-04-20T13:39:49.025532+00:00 SEV-2 WARN: test_enforcement.py — mock_usage:import
2026-04-20T13:39:49.025532+00:00 SEV-2 WARN: test_feedback_loop.py — silent_pass:test_correlations_200_has_required_fields
2026-04-20T13:39:49.025533+00:00 SEV-2 WARN: test_feedback_loop.py — silent_pass:test_feedback_summary_200_has_counts
2026-04-20T13:39:49.025534+00:00 SEV-2 WARN: test_feedback_loop.py — mock_usage:import
2026-04-20T13:39:49.025535+00:00 SEV-2 WARN: test_feedback_loop.py — mock_usage:instantiation
2026-04-20T13:39:49.025535+00:00 SEV-2 WARN: test_graph_traceability.py — silent_pass:test_coverage_200_has_required_fields
2026-04-20T13:39:49.025536+00:00 SEV-2 WARN: test_graph_traceability.py — silent_pass:test_coverage_pct_between_0_and_100
2026-04-20T13:39:49.025537+00:00 SEV-2 WARN: test_graph_traceability.py — mock_usage:import
2026-04-20T13:39:49.025538+00:00 SEV-2 WARN: test_graph_traceability.py — mock_usage:instantiation
2026-04-20T13:39:49.025538+00:00 SEV-2 WARN: test_interview_pf_gating.py — mock_usage:import
2026-04-20T13:39:49.025539+00:00 SEV-2 WARN: test_journey_phase1_phase3_integration.py — mock_usage:import
2026-04-20T13:39:49.025540+00:00 SEV-2 WARN: test_journey_phase1_watermarks.py — mock_usage:import
2026-04-20T13:39:49.025541+00:00 SEV-2 WARN: test_linkedin_narrative_regen.py — mock_usage:import
2026-04-20T13:39:49.025541+00:00 SEV-2 WARN: test_ml_feedback_loop.py — mock_usage:import
2026-04-20T13:39:49.025542+00:00 SEV-2 WARN: test_ml_feedback_loop.py — mock_usage:instantiation
2026-04-20T13:39:49.025543+00:00 SEV-2 WARN: test_option_c1_audit_table.py — mock_usage:import
2026-04-20T13:39:49.025544+00:00 SEV-2 WARN: test_option_c4_operation_logging.py — mock_usage:import
2026-04-20T13:39:49.025544+00:00 SEV-2 WARN: test_option_c4_operation_logging.py — mock_usage:instantiation
2026-04-20T13:39:49.025545+00:00 SEV-2 WARN: test_p0b_ftal_integration.py — mock_usage:import
2026-04-20T13:39:49.025546+00:00 SEV-2 WARN: test_p0b_ftal_integration.py — mock_usage:instantiation
2026-04-20T13:39:49.025547+00:00 SEV-2 WARN: test_p1a_sqlite_hardening.py — mock_usage:import
2026-04-20T13:39:49.025547+00:00 SEV-2 WARN: test_p2f_db_engine.py — mock_usage:import
2026-04-20T13:39:49.025548+00:00 SEV-2 WARN: test_p2f_db_engine.py — mock_usage:instantiation
2026-04-20T13:39:49.025549+00:00 SEV-2 WARN: test_p3a_security.py — mock_usage:import
2026-04-20T13:39:49.025549+00:00 SEV-2 WARN: test_p3a_security.py — mock_usage:instantiation
2026-04-20T13:39:49.025550+00:00 SEV-2 WARN: test_parallel_orchestrator.py — mock_usage:import
2026-04-20T13:39:49.025551+00:00 SEV-2 WARN: test_persona_seed.py — mock_usage:import
2026-04-20T13:39:49.025552+00:00 SEV-2 WARN: test_persona_seed.py — mock_usage:instantiation
2026-04-20T13:39:49.025552+00:00 SEV-2 WARN: test_personaforge_client.py — mock_usage:import
2026-04-20T13:39:49.025553+00:00 SEV-2 WARN: test_personaforge_client.py — mock_usage:instantiation
2026-04-20T13:39:49.025554+00:00 SEV-2 WARN: test_pg_migration.py — silent_pass:test_pdf_download_name_contains_id
2026-04-20T13:39:49.025555+00:00 SEV-2 WARN: test_pg_migration.py — mock_usage:instantiation
2026-04-20T13:39:49.025555+00:00 SEV-2 WARN: test_phase6a_double_fallback.py — mock_usage:import
2026-04-20T13:39:49.025556+00:00 SEV-2 WARN: test_phase6b_retry.py — mock_usage:import
2026-04-20T13:39:49.025556+00:00 SEV-2 WARN: test_phase6c_caching.py — mock_usage:import
2026-04-20T13:39:49.025557+00:00 SEV-2 WARN: test_phase6d_skip_rag.py — mock_usage:import
2026-04-20T13:39:49.025558+00:00 SEV-2 WARN: test_phase_a_gap_classifier.py — mock_usage:import
2026-04-20T13:39:49.025558+00:00 SEV-2 WARN: test_phase_a_jd_parser.py — mock_usage:import
2026-04-20T13:39:49.025559+00:00 SEV-2 WARN: test_phase_a_normalizer.py — mock_usage:import
2026-04-20T13:39:49.025560+00:00 SEV-2 WARN: test_phase_b_hybrid_scorer.py — mock_usage:import
2026-04-20T13:39:49.025560+00:00 SEV-2 WARN: test_phase_c_claim_auditor.py — mock_usage:import
2026-04-20T13:39:49.025561+00:00 SEV-2 WARN: test_phase_c_claim_auditor_extended.py — mock_usage:import
2026-04-20T13:39:49.025562+00:00 SEV-2 WARN: test_phase_c_rewrite_planner.py — mock_usage:import
2026-04-20T13:39:49.025562+00:00 SEV-2 WARN: test_phase_c_rewrite_planner_extended.py — mock_usage:import
2026-04-20T13:39:49.025563+00:00 SEV-2 WARN: test_phase_d_item9_alignment_integration.py — mock_usage:import
2026-04-20T13:39:49.025564+00:00 SEV-2 WARN: test_phase_d_items10_11_audit_rewrite.py — mock_usage:import
2026-04-20T13:39:49.025564+00:00 SEV-2 WARN: test_phase_e_equiv_scoring.py — mock_usage:import
2026-04-20T13:39:49.025565+00:00 SEV-2 WARN: test_phase_e_keyword_routes.py — mock_usage:import
2026-04-20T13:39:49.025566+00:00 SEV-2 WARN: test_phase_e_match_endpoint.py — mock_usage:import
2026-04-20T13:39:49.025567+00:00 SEV-2 WARN: test_r2_low.py — mock_usage:import
2026-04-20T13:39:49.025567+00:00 SEV-2 WARN: test_r2_low.py — mock_usage:instantiation
2026-04-20T13:39:49.025568+00:00 SEV-2 WARN: test_r2_medium.py — mock_usage:import
2026-04-20T13:39:49.025569+00:00 SEV-2 WARN: test_r2_medium.py — mock_usage:instantiation
2026-04-20T13:39:49.025569+00:00 SEV-2 WARN: test_resume_effectiveness.py — mock_usage:import
2026-04-20T13:39:49.025570+00:00 SEV-2 WARN: test_resume_effectiveness.py — mock_usage:instantiation
2026-04-20T13:39:49.025571+00:00 SEV-2 WARN: test_semantic_scoring.py — mock_usage:import
2026-04-20T13:39:49.025571+00:00 SEV-2 WARN: test_w1_teaching_injection.py — mock_usage:import
2026-04-20T13:39:49.025572+00:00 SEV-2 WARN: test_w6_ai_journey_source.py — mock_usage:import
2026-04-20T13:39:49.025572+00:00 SEV-2 WARN: test_w6_ai_journey_source.py — mock_usage:instantiation
2026-04-20T13:39:50.084718+00:00 SEV-2 WARN: test_arango_context_injection.py — mock_usage:import
2026-04-20T13:39:50.084721+00:00 SEV-2 WARN: test_arango_context_injection.py — mock_usage:instantiation
2026-04-20T13:39:50.084723+00:00 SEV-2 WARN: test_artifact_generator_heuristic.py — mock_usage:import
2026-04-20T13:39:50.084723+00:00 SEV-2 WARN: test_artifact_generator_llm.py — mock_usage:import
2026-04-20T13:39:50.084724+00:00 SEV-2 WARN: test_artifact_generator_llm.py — mock_usage:instantiation
2026-04-20T13:39:50.084725+00:00 SEV-2 WARN: test_artifact_generator_orchestration.py — mock_usage:import
2026-04-20T13:39:50.084726+00:00 SEV-2 WARN: test_artifact_generator_orchestration.py — mock_usage:instantiation
2026-04-20T13:39:50.084727+00:00 SEV-2 WARN: test_claim_recording.py — mock_usage:import
2026-04-20T13:39:50.084727+00:00 SEV-2 WARN: test_claim_recording.py — mock_usage:instantiation
2026-04-20T13:39:50.084728+00:00 SEV-2 WARN: test_ct1_governance_outcomes.py — mock_usage:import
2026-04-20T13:39:50.084729+00:00 SEV-2 WARN: test_ct1_governance_outcomes.py — mock_usage:instantiation
2026-04-20T13:39:50.084729+00:00 SEV-2 WARN: test_ct4_arango_context_injection.py — mock_usage:import
2026-04-20T13:39:50.084730+00:00 SEV-2 WARN: test_ct5_cross_model_verifier.py — mock_usage:import
2026-04-20T13:39:50.084731+00:00 SEV-2 WARN: test_ct6_failure_teaching.py — mock_usage:import
2026-04-20T13:39:50.084731+00:00 SEV-2 WARN: test_ct9_interview_effectiveness.py — mock_usage:import
2026-04-20T13:39:50.084732+00:00 SEV-2 WARN: test_deep_profile_staleness.py — silent_pass:test_status_200_has_required_fields
2026-04-20T13:39:50.084733+00:00 SEV-2 WARN: test_deep_profile_staleness.py — mock_usage:import
2026-04-20T13:39:50.084734+00:00 SEV-2 WARN: test_enforcement.py — mock_usage:import
2026-04-20T13:39:50.084734+00:00 SEV-2 WARN: test_feedback_loop.py — silent_pass:test_correlations_200_has_required_fields
2026-04-20T13:39:50.084735+00:00 SEV-2 WARN: test_feedback_loop.py — silent_pass:test_feedback_summary_200_has_counts
2026-04-20T13:39:50.084736+00:00 SEV-2 WARN: test_feedback_loop.py — mock_usage:import
2026-04-20T13:39:50.084737+00:00 SEV-2 WARN: test_feedback_loop.py — mock_usage:instantiation
2026-04-20T13:39:50.084737+00:00 SEV-2 WARN: test_graph_traceability.py — silent_pass:test_coverage_200_has_required_fields
2026-04-20T13:39:50.084738+00:00 SEV-2 WARN: test_graph_traceability.py — silent_pass:test_coverage_pct_between_0_and_100
2026-04-20T13:39:50.084739+00:00 SEV-2 WARN: test_graph_traceability.py — mock_usage:import
2026-04-20T13:39:50.084740+00:00 SEV-2 WARN: test_graph_traceability.py — mock_usage:instantiation
2026-04-20T13:39:50.084740+00:00 SEV-2 WARN: test_interview_pf_gating.py — mock_usage:import
2026-04-20T13:39:50.084741+00:00 SEV-2 WARN: test_journey_phase1_phase3_integration.py — mock_usage:import
2026-04-20T13:39:50.084742+00:00 SEV-2 WARN: test_journey_phase1_watermarks.py — mock_usage:import
2026-04-20T13:39:50.084743+00:00 SEV-2 WARN: test_linkedin_narrative_regen.py — mock_usage:import
2026-04-20T13:39:50.084743+00:00 SEV-2 WARN: test_ml_feedback_loop.py — mock_usage:import
2026-04-20T13:39:50.084744+00:00 SEV-2 WARN: test_ml_feedback_loop.py — mock_usage:instantiation
2026-04-20T13:39:50.084745+00:00 SEV-2 WARN: test_option_c1_audit_table.py — mock_usage:import
2026-04-20T13:39:50.084745+00:00 SEV-2 WARN: test_option_c4_operation_logging.py — mock_usage:import
2026-04-20T13:39:50.084746+00:00 SEV-2 WARN: test_option_c4_operation_logging.py — mock_usage:instantiation
2026-04-20T13:39:50.084747+00:00 SEV-2 WARN: test_p0b_ftal_integration.py — mock_usage:import
2026-04-20T13:39:50.084748+00:00 SEV-2 WARN: test_p0b_ftal_integration.py — mock_usage:instantiation
2026-04-20T13:39:50.084749+00:00 SEV-2 WARN: test_p1a_sqlite_hardening.py — mock_usage:import
2026-04-20T13:39:50.084749+00:00 SEV-2 WARN: test_p2f_db_engine.py — mock_usage:import
2026-04-20T13:39:50.084750+00:00 SEV-2 WARN: test_p2f_db_engine.py — mock_usage:instantiation
2026-04-20T13:39:50.084751+00:00 SEV-2 WARN: test_p3a_security.py — mock_usage:import
2026-04-20T13:39:50.084752+00:00 SEV-2 WARN: test_p3a_security.py — mock_usage:instantiation
2026-04-20T13:39:50.084752+00:00 SEV-2 WARN: test_parallel_orchestrator.py — mock_usage:import
2026-04-20T13:39:50.084753+00:00 SEV-2 WARN: test_persona_seed.py — mock_usage:import
2026-04-20T13:39:50.084754+00:00 SEV-2 WARN: test_persona_seed.py — mock_usage:instantiation
2026-04-20T13:39:50.084754+00:00 SEV-2 WARN: test_personaforge_client.py — mock_usage:import
2026-04-20T13:39:50.084755+00:00 SEV-2 WARN: test_personaforge_client.py — mock_usage:instantiation
2026-04-20T13:39:50.084756+00:00 SEV-2 WARN: test_pg_migration.py — silent_pass:test_pdf_download_name_contains_id
2026-04-20T13:39:50.084756+00:00 SEV-2 WARN: test_pg_migration.py — mock_usage:instantiation
2026-04-20T13:39:50.084757+00:00 SEV-2 WARN: test_phase6a_double_fallback.py — mock_usage:import
2026-04-20T13:39:50.084758+00:00 SEV-2 WARN: test_phase6b_retry.py — mock_usage:import
2026-04-20T13:39:50.084759+00:00 SEV-2 WARN: test_phase6c_caching.py — mock_usage:import
2026-04-20T13:39:50.084759+00:00 SEV-2 WARN: test_phase6d_skip_rag.py — mock_usage:import
2026-04-20T13:39:50.084760+00:00 SEV-2 WARN: test_phase_a_gap_classifier.py — mock_usage:import
2026-04-20T13:39:50.084761+00:00 SEV-2 WARN: test_phase_a_jd_parser.py — mock_usage:import
2026-04-20T13:39:50.084762+00:00 SEV-2 WARN: test_phase_a_normalizer.py — mock_usage:import
2026-04-20T13:39:50.084762+00:00 SEV-2 WARN: test_phase_b_hybrid_scorer.py — mock_usage:import
2026-04-20T13:39:50.084763+00:00 SEV-2 WARN: test_phase_c_claim_auditor.py — mock_usage:import
2026-04-20T13:39:50.084764+00:00 SEV-2 WARN: test_phase_c_claim_auditor_extended.py — mock_usage:import
2026-04-20T13:39:50.084764+00:00 SEV-2 WARN: test_phase_c_rewrite_planner.py — mock_usage:import
2026-04-20T13:39:50.084765+00:00 SEV-2 WARN: test_phase_c_rewrite_planner_extended.py — mock_usage:import
2026-04-20T13:39:50.084766+00:00 SEV-2 WARN: test_phase_d_item9_alignment_integration.py — mock_usage:import
2026-04-20T13:39:50.084767+00:00 SEV-2 WARN: test_phase_d_items10_11_audit_rewrite.py — mock_usage:import
2026-04-20T13:39:50.084767+00:00 SEV-2 WARN: test_phase_e_equiv_scoring.py — mock_usage:import
2026-04-20T13:39:50.084768+00:00 SEV-2 WARN: test_phase_e_keyword_routes.py — mock_usage:import
2026-04-20T13:39:50.084769+00:00 SEV-2 WARN: test_phase_e_match_endpoint.py — mock_usage:import
2026-04-20T13:39:50.084769+00:00 SEV-2 WARN: test_r2_low.py — mock_usage:import
2026-04-20T13:39:50.084770+00:00 SEV-2 WARN: test_r2_low.py — mock_usage:instantiation
2026-04-20T13:39:50.084771+00:00 SEV-2 WARN: test_r2_medium.py — mock_usage:import
2026-04-20T13:39:50.084772+00:00 SEV-2 WARN: test_r2_medium.py — mock_usage:instantiation
2026-04-20T13:39:50.084772+00:00 SEV-2 WARN: test_resume_effectiveness.py — mock_usage:import
2026-04-20T13:39:50.084773+00:00 SEV-2 WARN: test_resume_effectiveness.py — mock_usage:instantiation
2026-04-20T13:39:50.084774+00:00 SEV-2 WARN: test_semantic_scoring.py — mock_usage:import
2026-04-20T13:39:50.084774+00:00 SEV-2 WARN: test_w1_teaching_injection.py — mock_usage:import
2026-04-20T13:39:50.084775+00:00 SEV-2 WARN: test_w6_ai_journey_source.py — mock_usage:import
2026-04-20T13:39:50.084776+00:00 SEV-2 WARN: test_w6_ai_journey_source.py — mock_usage:instantiation
2026-04-20T13:39:51.055291+00:00 SEV-2 WARN: test_arango_context_injection.py — mock_usage:import
2026-04-20T13:39:51.055294+00:00 SEV-2 WARN: test_arango_context_injection.py — mock_usage:instantiation
2026-04-20T13:39:51.055296+00:00 SEV-2 WARN: test_artifact_generator_heuristic.py — mock_usage:import
2026-04-20T13:39:51.055297+00:00 SEV-2 WARN: test_artifact_generator_llm.py — mock_usage:import
2026-04-20T13:39:51.055297+00:00 SEV-2 WARN: test_artifact_generator_llm.py — mock_usage:instantiation
2026-04-20T13:39:51.055298+00:00 SEV-2 WARN: test_artifact_generator_orchestration.py — mock_usage:import
2026-04-20T13:39:51.055299+00:00 SEV-2 WARN: test_artifact_generator_orchestration.py — mock_usage:instantiation
2026-04-20T13:39:51.055300+00:00 SEV-2 WARN: test_claim_recording.py — mock_usage:import
2026-04-20T13:39:51.055300+00:00 SEV-2 WARN: test_claim_recording.py — mock_usage:instantiation
2026-04-20T13:39:51.055302+00:00 SEV-2 WARN: test_ct1_governance_outcomes.py — mock_usage:import
2026-04-20T13:39:51.055302+00:00 SEV-2 WARN: test_ct1_governance_outcomes.py — mock_usage:instantiation
2026-04-20T13:39:51.055303+00:00 SEV-2 WARN: test_ct4_arango_context_injection.py — mock_usage:import
2026-04-20T13:39:51.055304+00:00 SEV-2 WARN: test_ct5_cross_model_verifier.py — mock_usage:import
2026-04-20T13:39:51.055304+00:00 SEV-2 WARN: test_ct6_failure_teaching.py — mock_usage:import
2026-04-20T13:39:51.055305+00:00 SEV-2 WARN: test_ct9_interview_effectiveness.py — mock_usage:import
2026-04-20T13:39:51.055306+00:00 SEV-2 WARN: test_deep_profile_staleness.py — silent_pass:test_status_200_has_required_fields
2026-04-20T13:39:51.055307+00:00 SEV-2 WARN: test_deep_profile_staleness.py — mock_usage:import
2026-04-20T13:39:51.055307+00:00 SEV-2 WARN: test_enforcement.py — mock_usage:import
2026-04-20T13:39:51.055308+00:00 SEV-2 WARN: test_feedback_loop.py — silent_pass:test_correlations_200_has_required_fields
2026-04-20T13:39:51.055309+00:00 SEV-2 WARN: test_feedback_loop.py — silent_pass:test_feedback_summary_200_has_counts
2026-04-20T13:39:51.055310+00:00 SEV-2 WARN: test_feedback_loop.py — mock_usage:import
2026-04-20T13:39:51.055311+00:00 SEV-2 WARN: test_feedback_loop.py — mock_usage:instantiation
2026-04-20T13:39:51.055312+00:00 SEV-2 WARN: test_graph_traceability.py — silent_pass:test_coverage_200_has_required_fields
2026-04-20T13:39:51.055313+00:00 SEV-2 WARN: test_graph_traceability.py — silent_pass:test_coverage_pct_between_0_and_100
2026-04-20T13:39:51.055313+00:00 SEV-2 WARN: test_graph_traceability.py — mock_usage:import
2026-04-20T13:39:51.055314+00:00 SEV-2 WARN: test_graph_traceability.py — mock_usage:instantiation
2026-04-20T13:39:51.055315+00:00 SEV-2 WARN: test_interview_pf_gating.py — mock_usage:import
2026-04-20T13:39:51.055316+00:00 SEV-2 WARN: test_journey_phase1_phase3_integration.py — mock_usage:import
2026-04-20T13:39:51.055316+00:00 SEV-2 WARN: test_journey_phase1_watermarks.py — mock_usage:import
2026-04-20T13:39:51.055317+00:00 SEV-2 WARN: test_linkedin_narrative_regen.py — mock_usage:import
2026-04-20T13:39:51.055318+00:00 SEV-2 WARN: test_ml_feedback_loop.py — mock_usage:import
2026-04-20T13:39:51.055318+00:00 SEV-2 WARN: test_ml_feedback_loop.py — mock_usage:instantiation
2026-04-20T13:39:51.055319+00:00 SEV-2 WARN: test_option_c1_audit_table.py — mock_usage:import
2026-04-20T13:39:51.055320+00:00 SEV-2 WARN: test_option_c4_operation_logging.py — mock_usage:import
2026-04-20T13:39:51.055321+00:00 SEV-2 WARN: test_option_c4_operation_logging.py — mock_usage:instantiation
2026-04-20T13:39:51.055321+00:00 SEV-2 WARN: test_p0b_ftal_integration.py — mock_usage:import
2026-04-20T13:39:51.055322+00:00 SEV-2 WARN: test_p0b_ftal_integration.py — mock_usage:instantiation
2026-04-20T13:39:51.055323+00:00 SEV-2 WARN: test_p1a_sqlite_hardening.py — mock_usage:import
2026-04-20T13:39:51.055323+00:00 SEV-2 WARN: test_p2f_db_engine.py — mock_usage:import
2026-04-20T13:39:51.055324+00:00 SEV-2 WARN: test_p2f_db_engine.py — mock_usage:instantiation
2026-04-20T13:39:51.055325+00:00 SEV-2 WARN: test_p3a_security.py — mock_usage:import
2026-04-20T13:39:51.055325+00:00 SEV-2 WARN: test_p3a_security.py — mock_usage:instantiation
2026-04-20T13:39:51.055326+00:00 SEV-2 WARN: test_parallel_orchestrator.py — mock_usage:import
2026-04-20T13:39:51.055327+00:00 SEV-2 WARN: test_persona_seed.py — mock_usage:import
2026-04-20T13:39:51.055327+00:00 SEV-2 WARN: test_persona_seed.py — mock_usage:instantiation
2026-04-20T13:39:51.055328+00:00 SEV-2 WARN: test_personaforge_client.py — mock_usage:import
2026-04-20T13:39:51.055329+00:00 SEV-2 WARN: test_personaforge_client.py — mock_usage:instantiation
2026-04-20T13:39:51.055329+00:00 SEV-2 WARN: test_pg_migration.py — silent_pass:test_pdf_download_name_contains_id
2026-04-20T13:39:51.055330+00:00 SEV-2 WARN: test_pg_migration.py — mock_usage:instantiation
2026-04-20T13:39:51.055331+00:00 SEV-2 WARN: test_phase6a_double_fallback.py — mock_usage:import
2026-04-20T13:39:51.055331+00:00 SEV-2 WARN: test_phase6b_retry.py — mock_usage:import
2026-04-20T13:39:51.055332+00:00 SEV-2 WARN: test_phase6c_caching.py — mock_usage:import
2026-04-20T13:39:51.055333+00:00 SEV-2 WARN: test_phase6d_skip_rag.py — mock_usage:import
2026-04-20T13:39:51.055333+00:00 SEV-2 WARN: test_phase_a_gap_classifier.py — mock_usage:import
2026-04-20T13:39:51.055334+00:00 SEV-2 WARN: test_phase_a_jd_parser.py — mock_usage:import
2026-04-20T13:39:51.055335+00:00 SEV-2 WARN: test_phase_a_normalizer.py — mock_usage:import
2026-04-20T13:39:51.055335+00:00 SEV-2 WARN: test_phase_b_hybrid_scorer.py — mock_usage:import
2026-04-20T13:39:51.055336+00:00 SEV-2 WARN: test_phase_c_claim_auditor.py — mock_usage:import
2026-04-20T13:39:51.055337+00:00 SEV-2 WARN: test_phase_c_claim_auditor_extended.py — mock_usage:import
2026-04-20T13:39:51.055337+00:00 SEV-2 WARN: test_phase_c_rewrite_planner.py — mock_usage:import
2026-04-20T13:39:51.055338+00:00 SEV-2 WARN: test_phase_c_rewrite_planner_extended.py — mock_usage:import
2026-04-20T13:39:51.055339+00:00 SEV-2 WARN: test_phase_d_item9_alignment_integration.py — mock_usage:import
2026-04-20T13:39:51.055339+00:00 SEV-2 WARN: test_phase_d_items10_11_audit_rewrite.py — mock_usage:import
2026-04-20T13:39:51.055340+00:00 SEV-2 WARN: test_phase_e_equiv_scoring.py — mock_usage:import
2026-04-20T13:39:51.055341+00:00 SEV-2 WARN: test_phase_e_keyword_routes.py — mock_usage:import
2026-04-20T13:39:51.055342+00:00 SEV-2 WARN: test_phase_e_match_endpoint.py — mock_usage:import
2026-04-20T13:39:51.055342+00:00 SEV-2 WARN: test_r2_low.py — mock_usage:import
2026-04-20T13:39:51.055343+00:00 SEV-2 WARN: test_r2_low.py — mock_usage:instantiation
2026-04-20T13:39:51.055344+00:00 SEV-2 WARN: test_r2_medium.py — mock_usage:import
2026-04-20T13:39:51.055344+00:00 SEV-2 WARN: test_r2_medium.py — mock_usage:instantiation
2026-04-20T13:39:51.055345+00:00 SEV-2 WARN: test_resume_effectiveness.py — mock_usage:import
2026-04-20T13:39:51.055346+00:00 SEV-2 WARN: test_resume_effectiveness.py — mock_usage:instantiation
2026-04-20T13:39:51.055346+00:00 SEV-2 WARN: test_semantic_scoring.py — mock_usage:import
2026-04-20T13:39:51.055347+00:00 SEV-2 WARN: test_w1_teaching_injection.py — mock_usage:import
2026-04-20T13:39:51.055348+00:00 SEV-2 WARN: test_w6_ai_journey_source.py — mock_usage:import
2026-04-20T13:39:51.055348+00:00 SEV-2 WARN: test_w6_ai_journey_source.py — mock_usage:instantiation
2026-04-20T13:39:53.271627+00:00 SEV-2 WARN: test_arango_context_injection.py — mock_usage:import
2026-04-20T13:39:53.271631+00:00 SEV-2 WARN: test_arango_context_injection.py — mock_usage:instantiation
2026-04-20T13:39:53.271632+00:00 SEV-2 WARN: test_artifact_generator_heuristic.py — mock_usage:import
2026-04-20T13:39:53.271633+00:00 SEV-2 WARN: test_artifact_generator_llm.py — mock_usage:import
2026-04-20T13:39:53.271634+00:00 SEV-2 WARN: test_artifact_generator_llm.py — mock_usage:instantiation
2026-04-20T13:39:53.271635+00:00 SEV-2 WARN: test_artifact_generator_orchestration.py — mock_usage:import
2026-04-20T13:39:53.271635+00:00 SEV-2 WARN: test_artifact_generator_orchestration.py — mock_usage:instantiation
2026-04-20T13:39:53.271636+00:00 SEV-2 WARN: test_claim_recording.py — mock_usage:import
2026-04-20T13:39:53.271637+00:00 SEV-2 WARN: test_claim_recording.py — mock_usage:instantiation
2026-04-20T13:39:53.271638+00:00 SEV-2 WARN: test_ct1_governance_outcomes.py — mock_usage:import
2026-04-20T13:39:53.271638+00:00 SEV-2 WARN: test_ct1_governance_outcomes.py — mock_usage:instantiation
2026-04-20T13:39:53.271639+00:00 SEV-2 WARN: test_ct4_arango_context_injection.py — mock_usage:import
2026-04-20T13:39:53.271640+00:00 SEV-2 WARN: test_ct5_cross_model_verifier.py — mock_usage:import
2026-04-20T13:39:53.271641+00:00 SEV-2 WARN: test_ct6_failure_teaching.py — mock_usage:import
2026-04-20T13:39:53.271641+00:00 SEV-2 WARN: test_ct9_interview_effectiveness.py — mock_usage:import
2026-04-20T13:39:53.271642+00:00 SEV-2 WARN: test_deep_profile_staleness.py — silent_pass:test_status_200_has_required_fields
2026-04-20T13:39:53.271643+00:00 SEV-2 WARN: test_deep_profile_staleness.py — mock_usage:import
2026-04-20T13:39:53.271643+00:00 SEV-2 WARN: test_enforcement.py — mock_usage:import
2026-04-20T13:39:53.271644+00:00 SEV-2 WARN: test_feedback_loop.py — silent_pass:test_correlations_200_has_required_fields
2026-04-20T13:39:53.271645+00:00 SEV-2 WARN: test_feedback_loop.py — silent_pass:test_feedback_summary_200_has_counts
2026-04-20T13:39:53.271645+00:00 SEV-2 WARN: test_feedback_loop.py — mock_usage:import
2026-04-20T13:39:53.271646+00:00 SEV-2 WARN: test_feedback_loop.py — mock_usage:instantiation
2026-04-20T13:39:53.271647+00:00 SEV-2 WARN: test_graph_traceability.py — silent_pass:test_coverage_200_has_required_fields
2026-04-20T13:39:53.271647+00:00 SEV-2 WARN: test_graph_traceability.py — silent_pass:test_coverage_pct_between_0_and_100
2026-04-20T13:39:53.271648+00:00 SEV-2 WARN: test_graph_traceability.py — mock_usage:import
2026-04-20T13:39:53.271649+00:00 SEV-2 WARN: test_graph_traceability.py — mock_usage:instantiation
2026-04-20T13:39:53.271649+00:00 SEV-2 WARN: test_interview_pf_gating.py — mock_usage:import
2026-04-20T13:39:53.271650+00:00 SEV-2 WARN: test_journey_phase1_phase3_integration.py — mock_usage:import
2026-04-20T13:39:53.271651+00:00 SEV-2 WARN: test_journey_phase1_watermarks.py — mock_usage:import
2026-04-20T13:39:53.271651+00:00 SEV-2 WARN: test_linkedin_narrative_regen.py — mock_usage:import
2026-04-20T13:39:53.271652+00:00 SEV-2 WARN: test_ml_feedback_loop.py — mock_usage:import
2026-04-20T13:39:53.271653+00:00 SEV-2 WARN: test_ml_feedback_loop.py — mock_usage:instantiation
2026-04-20T13:39:53.271653+00:00 SEV-2 WARN: test_option_c1_audit_table.py — mock_usage:import
2026-04-20T13:39:53.271654+00:00 SEV-2 WARN: test_option_c4_operation_logging.py — mock_usage:import
2026-04-20T13:39:53.271655+00:00 SEV-2 WARN: test_option_c4_operation_logging.py — mock_usage:instantiation
2026-04-20T13:39:53.271655+00:00 SEV-2 WARN: test_p0b_ftal_integration.py — mock_usage:import
2026-04-20T13:39:53.271656+00:00 SEV-2 WARN: test_p0b_ftal_integration.py — mock_usage:instantiation
2026-04-20T13:39:53.271657+00:00 SEV-2 WARN: test_p1a_sqlite_hardening.py — mock_usage:import
2026-04-20T13:39:53.271657+00:00 SEV-2 WARN: test_p2f_db_engine.py — mock_usage:import
2026-04-20T13:39:53.271658+00:00 SEV-2 WARN: test_p2f_db_engine.py — mock_usage:instantiation
2026-04-20T13:39:53.271659+00:00 SEV-2 WARN: test_p3a_security.py — mock_usage:import
2026-04-20T13:39:53.271660+00:00 SEV-2 WARN: test_p3a_security.py — mock_usage:instantiation
2026-04-20T13:39:53.271660+00:00 SEV-2 WARN: test_parallel_orchestrator.py — mock_usage:import
2026-04-20T13:39:53.271661+00:00 SEV-2 WARN: test_persona_seed.py — mock_usage:import
2026-04-20T13:39:53.271662+00:00 SEV-2 WARN: test_persona_seed.py — mock_usage:instantiation
2026-04-20T13:39:53.271662+00:00 SEV-2 WARN: test_personaforge_client.py — mock_usage:import
2026-04-20T13:39:53.271663+00:00 SEV-2 WARN: test_personaforge_client.py — mock_usage:instantiation
2026-04-20T13:39:53.271664+00:00 SEV-2 WARN: test_pg_migration.py — silent_pass:test_pdf_download_name_contains_id
2026-04-20T13:39:53.271664+00:00 SEV-2 WARN: test_pg_migration.py — mock_usage:instantiation
2026-04-20T13:39:53.271665+00:00 SEV-2 WARN: test_phase6a_double_fallback.py — mock_usage:import
2026-04-20T13:39:53.271666+00:00 SEV-2 WARN: test_phase6b_retry.py — mock_usage:import
2026-04-20T13:39:53.271666+00:00 SEV-2 WARN: test_phase6c_caching.py — mock_usage:import
2026-04-20T13:39:53.271667+00:00 SEV-2 WARN: test_phase6d_skip_rag.py — mock_usage:import
2026-04-20T13:39:53.271668+00:00 SEV-2 WARN: test_phase_a_gap_classifier.py — mock_usage:import
2026-04-20T13:39:53.271668+00:00 SEV-2 WARN: test_phase_a_jd_parser.py — mock_usage:import
2026-04-20T13:39:53.271669+00:00 SEV-2 WARN: test_phase_a_normalizer.py — mock_usage:import
2026-04-20T13:39:53.271670+00:00 SEV-2 WARN: test_phase_b_hybrid_scorer.py — mock_usage:import
2026-04-20T13:39:53.271670+00:00 SEV-2 WARN: test_phase_c_claim_auditor.py — mock_usage:import
2026-04-20T13:39:53.271671+00:00 SEV-2 WARN: test_phase_c_claim_auditor_extended.py — mock_usage:import
2026-04-20T13:39:53.271672+00:00 SEV-2 WARN: test_phase_c_rewrite_planner.py — mock_usage:import
2026-04-20T13:39:53.271672+00:00 SEV-2 WARN: test_phase_c_rewrite_planner_extended.py — mock_usage:import
2026-04-20T13:39:53.271673+00:00 SEV-2 WARN: test_phase_d_item9_alignment_integration.py — mock_usage:import
2026-04-20T13:39:53.271674+00:00 SEV-2 WARN: test_phase_d_items10_11_audit_rewrite.py — mock_usage:import
2026-04-20T13:39:53.271674+00:00 SEV-2 WARN: test_phase_e_equiv_scoring.py — mock_usage:import
2026-04-20T13:39:53.271675+00:00 SEV-2 WARN: test_phase_e_keyword_routes.py — mock_usage:import
2026-04-20T13:39:53.271676+00:00 SEV-2 WARN: test_phase_e_match_endpoint.py — mock_usage:import
2026-04-20T13:39:53.271677+00:00 SEV-2 WARN: test_r2_low.py — mock_usage:import
2026-04-20T13:39:53.271677+00:00 SEV-2 WARN: test_r2_low.py — mock_usage:instantiation
2026-04-20T13:39:53.271678+00:00 SEV-2 WARN: test_r2_medium.py — mock_usage:import
2026-04-20T13:39:53.271678+00:00 SEV-2 WARN: test_r2_medium.py — mock_usage:instantiation
2026-04-20T13:39:53.271679+00:00 SEV-2 WARN: test_resume_effectiveness.py — mock_usage:import
2026-04-20T13:39:53.271680+00:00 SEV-2 WARN: test_resume_effectiveness.py — mock_usage:instantiation
2026-04-20T13:39:53.271680+00:00 SEV-2 WARN: test_semantic_scoring.py — mock_usage:import
2026-04-20T13:39:53.271681+00:00 SEV-2 WARN: test_w1_teaching_injection.py — mock_usage:import
2026-04-20T13:39:53.271682+00:00 SEV-2 WARN: test_w6_ai_journey_source.py — mock_usage:import
2026-04-20T13:39:53.271682+00:00 SEV-2 WARN: test_w6_ai_journey_source.py — mock_usage:instantiation
2026-04-20T13:43:26.027729+00:00 SEV-2 WARN: test_arango_context_injection.py — mock_usage:import
2026-04-20T13:43:26.027733+00:00 SEV-2 WARN: test_arango_context_injection.py — mock_usage:instantiation
2026-04-20T13:43:26.027734+00:00 SEV-2 WARN: test_artifact_generator_heuristic.py — mock_usage:import
2026-04-20T13:43:26.027735+00:00 SEV-2 WARN: test_artifact_generator_llm.py — mock_usage:import
2026-04-20T13:43:26.027736+00:00 SEV-2 WARN: test_artifact_generator_llm.py — mock_usage:instantiation
2026-04-20T13:43:26.027737+00:00 SEV-2 WARN: test_artifact_generator_orchestration.py — mock_usage:import
2026-04-20T13:43:26.027738+00:00 SEV-2 WARN: test_artifact_generator_orchestration.py — mock_usage:instantiation
2026-04-20T13:43:26.027738+00:00 SEV-2 WARN: test_claim_recording.py — mock_usage:import
2026-04-20T13:43:26.027739+00:00 SEV-2 WARN: test_claim_recording.py — mock_usage:instantiation
2026-04-20T13:43:26.027740+00:00 SEV-2 WARN: test_ct1_governance_outcomes.py — mock_usage:import
2026-04-20T13:43:26.027741+00:00 SEV-2 WARN: test_ct1_governance_outcomes.py — mock_usage:instantiation
2026-04-20T13:43:26.027741+00:00 SEV-2 WARN: test_ct4_arango_context_injection.py — mock_usage:import
2026-04-20T13:43:26.027742+00:00 SEV-2 WARN: test_ct5_cross_model_verifier.py — mock_usage:import
2026-04-20T13:43:26.027743+00:00 SEV-2 WARN: test_ct6_failure_teaching.py — mock_usage:import
2026-04-20T13:43:26.027744+00:00 SEV-2 WARN: test_ct9_interview_effectiveness.py — mock_usage:import
2026-04-20T13:43:26.027744+00:00 SEV-2 WARN: test_deep_profile_staleness.py — silent_pass:test_status_200_has_required_fields
2026-04-20T13:43:26.027745+00:00 SEV-2 WARN: test_deep_profile_staleness.py — mock_usage:import
2026-04-20T13:43:26.027746+00:00 SEV-2 WARN: test_enforcement.py — mock_usage:import
2026-04-20T13:43:26.027747+00:00 SEV-2 WARN: test_feedback_loop.py — silent_pass:test_correlations_200_has_required_fields
2026-04-20T13:43:26.027747+00:00 SEV-2 WARN: test_feedback_loop.py — silent_pass:test_feedback_summary_200_has_counts
2026-04-20T13:43:26.027748+00:00 SEV-2 WARN: test_feedback_loop.py — mock_usage:import
2026-04-20T13:43:26.027749+00:00 SEV-2 WARN: test_feedback_loop.py — mock_usage:instantiation
2026-04-20T13:43:26.027750+00:00 SEV-2 WARN: test_graph_traceability.py — silent_pass:test_coverage_200_has_required_fields
2026-04-20T13:43:26.027750+00:00 SEV-2 WARN: test_graph_traceability.py — silent_pass:test_coverage_pct_between_0_and_100
2026-04-20T13:43:26.027751+00:00 SEV-2 WARN: test_graph_traceability.py — mock_usage:import
2026-04-20T13:43:26.027752+00:00 SEV-2 WARN: test_graph_traceability.py — mock_usage:instantiation
2026-04-20T13:43:26.027753+00:00 SEV-2 WARN: test_interview_pf_gating.py — mock_usage:import
2026-04-20T13:43:26.027754+00:00 SEV-2 WARN: test_journey_phase1_phase3_integration.py — mock_usage:import
2026-04-20T13:43:26.027754+00:00 SEV-2 WARN: test_journey_phase1_watermarks.py — mock_usage:import
2026-04-20T13:43:26.027755+00:00 SEV-2 WARN: test_linkedin_narrative_regen.py — mock_usage:import
2026-04-20T13:43:26.027756+00:00 SEV-2 WARN: test_ml_feedback_loop.py — mock_usage:import
2026-04-20T13:43:26.027756+00:00 SEV-2 WARN: test_ml_feedback_loop.py — mock_usage:instantiation
2026-04-20T13:43:26.027757+00:00 SEV-2 WARN: test_option_c1_audit_table.py — mock_usage:import
2026-04-20T13:43:26.027758+00:00 SEV-2 WARN: test_option_c4_operation_logging.py — mock_usage:import
2026-04-20T13:43:26.027759+00:00 SEV-2 WARN: test_option_c4_operation_logging.py — mock_usage:instantiation
2026-04-20T13:43:26.027759+00:00 SEV-2 WARN: test_p0b_ftal_integration.py — mock_usage:import
2026-04-20T13:43:26.027760+00:00 SEV-2 WARN: test_p0b_ftal_integration.py — mock_usage:instantiation
2026-04-20T13:43:26.027761+00:00 SEV-2 WARN: test_p1a_sqlite_hardening.py — mock_usage:import
2026-04-20T13:43:26.027762+00:00 SEV-2 WARN: test_p2f_db_engine.py — mock_usage:import
2026-04-20T13:43:26.027762+00:00 SEV-2 WARN: test_p2f_db_engine.py — mock_usage:instantiation
2026-04-20T13:43:26.027763+00:00 SEV-2 WARN: test_p3a_security.py — mock_usage:import
2026-04-20T13:43:26.027764+00:00 SEV-2 WARN: test_p3a_security.py — mock_usage:instantiation
2026-04-20T13:43:26.027765+00:00 SEV-2 WARN: test_parallel_orchestrator.py — mock_usage:import
2026-04-20T13:43:26.027765+00:00 SEV-2 WARN: test_persona_seed.py — mock_usage:import
2026-04-20T13:43:26.027766+00:00 SEV-2 WARN: test_persona_seed.py — mock_usage:instantiation
2026-04-20T13:43:26.027767+00:00 SEV-2 WARN: test_personaforge_client.py — mock_usage:import
2026-04-20T13:43:26.027767+00:00 SEV-2 WARN: test_personaforge_client.py — mock_usage:instantiation
2026-04-20T13:43:26.027768+00:00 SEV-2 WARN: test_pg_migration.py — silent_pass:test_pdf_download_name_contains_id
2026-04-20T13:43:26.027769+00:00 SEV-2 WARN: test_pg_migration.py — mock_usage:instantiation
2026-04-20T13:43:26.027770+00:00 SEV-2 WARN: test_phase6a_double_fallback.py — mock_usage:import
2026-04-20T13:43:26.027770+00:00 SEV-2 WARN: test_phase6b_retry.py — mock_usage:import
2026-04-20T13:43:26.027771+00:00 SEV-2 WARN: test_phase6c_caching.py — mock_usage:import
2026-04-20T13:43:26.027772+00:00 SEV-2 WARN: test_phase6d_skip_rag.py — mock_usage:import
2026-04-20T13:43:26.027773+00:00 SEV-2 WARN: test_phase_a_gap_classifier.py — mock_usage:import
2026-04-20T13:43:26.027773+00:00 SEV-2 WARN: test_phase_a_jd_parser.py — mock_usage:import
2026-04-20T13:43:26.027774+00:00 SEV-2 WARN: test_phase_a_normalizer.py — mock_usage:import
2026-04-20T13:43:26.027775+00:00 SEV-2 WARN: test_phase_b_hybrid_scorer.py — mock_usage:import
2026-04-20T13:43:26.027775+00:00 SEV-2 WARN: test_phase_c_claim_auditor.py — mock_usage:import
2026-04-20T13:43:26.027776+00:00 SEV-2 WARN: test_phase_c_claim_auditor_extended.py — mock_usage:import
2026-04-20T13:43:26.027777+00:00 SEV-2 WARN: test_phase_c_rewrite_planner.py — mock_usage:import
2026-04-20T13:43:26.027778+00:00 SEV-2 WARN: test_phase_c_rewrite_planner_extended.py — mock_usage:import
2026-04-20T13:43:26.027779+00:00 SEV-2 WARN: test_phase_d_item9_alignment_integration.py — mock_usage:import
2026-04-20T13:43:26.027779+00:00 SEV-2 WARN: test_phase_d_items10_11_audit_rewrite.py — mock_usage:import
2026-04-20T13:43:26.027780+00:00 SEV-2 WARN: test_phase_e_equiv_scoring.py — mock_usage:import
2026-04-20T13:43:26.027781+00:00 SEV-2 WARN: test_phase_e_keyword_routes.py — mock_usage:import
2026-04-20T13:43:26.027781+00:00 SEV-2 WARN: test_phase_e_match_endpoint.py — mock_usage:import
2026-04-20T13:43:26.027782+00:00 SEV-2 WARN: test_r2_low.py — mock_usage:import
2026-04-20T13:43:26.027783+00:00 SEV-2 WARN: test_r2_low.py — mock_usage:instantiation
2026-04-20T13:43:26.027784+00:00 SEV-2 WARN: test_r2_medium.py — mock_usage:import
2026-04-20T13:43:26.027784+00:00 SEV-2 WARN: test_r2_medium.py — mock_usage:instantiation
2026-04-20T13:43:26.027785+00:00 SEV-2 WARN: test_resume_effectiveness.py — mock_usage:import
2026-04-20T13:43:26.027786+00:00 SEV-2 WARN: test_resume_effectiveness.py — mock_usage:instantiation
2026-04-20T13:43:26.027786+00:00 SEV-2 WARN: test_semantic_scoring.py — mock_usage:import
2026-04-20T13:43:26.027787+00:00 SEV-2 WARN: test_w1_teaching_injection.py — mock_usage:import
2026-04-20T13:43:26.027788+00:00 SEV-2 WARN: test_w6_ai_journey_source.py — mock_usage:import
2026-04-20T13:43:26.027788+00:00 SEV-2 WARN: test_w6_ai_journey_source.py — mock_usage:instantiation
2026-04-20T13:43:27.103656+00:00 SEV-2 WARN: test_arango_context_injection.py — mock_usage:import
2026-04-20T13:43:27.103660+00:00 SEV-2 WARN: test_arango_context_injection.py — mock_usage:instantiation
2026-04-20T13:43:27.103662+00:00 SEV-2 WARN: test_artifact_generator_heuristic.py — mock_usage:import
2026-04-20T13:43:27.103663+00:00 SEV-2 WARN: test_artifact_generator_llm.py — mock_usage:import
2026-04-20T13:43:27.103664+00:00 SEV-2 WARN: test_artifact_generator_llm.py — mock_usage:instantiation
2026-04-20T13:43:27.103665+00:00 SEV-2 WARN: test_artifact_generator_orchestration.py — mock_usage:import
2026-04-20T13:43:27.103665+00:00 SEV-2 WARN: test_artifact_generator_orchestration.py — mock_usage:instantiation
2026-04-20T13:43:27.103666+00:00 SEV-2 WARN: test_claim_recording.py — mock_usage:import
2026-04-20T13:43:27.103667+00:00 SEV-2 WARN: test_claim_recording.py — mock_usage:instantiation
2026-04-20T13:43:27.103668+00:00 SEV-2 WARN: test_ct1_governance_outcomes.py — mock_usage:import
2026-04-20T13:43:27.103668+00:00 SEV-2 WARN: test_ct1_governance_outcomes.py — mock_usage:instantiation
2026-04-20T13:43:27.103669+00:00 SEV-2 WARN: test_ct4_arango_context_injection.py — mock_usage:import
2026-04-20T13:43:27.103670+00:00 SEV-2 WARN: test_ct5_cross_model_verifier.py — mock_usage:import
2026-04-20T13:43:27.103671+00:00 SEV-2 WARN: test_ct6_failure_teaching.py — mock_usage:import
2026-04-20T13:43:27.103671+00:00 SEV-2 WARN: test_ct9_interview_effectiveness.py — mock_usage:import
2026-04-20T13:43:27.103672+00:00 SEV-2 WARN: test_deep_profile_staleness.py — silent_pass:test_status_200_has_required_fields
2026-04-20T13:43:27.103673+00:00 SEV-2 WARN: test_deep_profile_staleness.py — mock_usage:import
2026-04-20T13:43:27.103674+00:00 SEV-2 WARN: test_enforcement.py — mock_usage:import
2026-04-20T13:43:27.103675+00:00 SEV-2 WARN: test_feedback_loop.py — silent_pass:test_correlations_200_has_required_fields
2026-04-20T13:43:27.103676+00:00 SEV-2 WARN: test_feedback_loop.py — silent_pass:test_feedback_summary_200_has_counts
2026-04-20T13:43:27.103676+00:00 SEV-2 WARN: test_feedback_loop.py — mock_usage:import
2026-04-20T13:43:27.103677+00:00 SEV-2 WARN: test_feedback_loop.py — mock_usage:instantiation
2026-04-20T13:43:27.103678+00:00 SEV-2 WARN: test_graph_traceability.py — silent_pass:test_coverage_200_has_required_fields
2026-04-20T13:43:27.103679+00:00 SEV-2 WARN: test_graph_traceability.py — silent_pass:test_coverage_pct_between_0_and_100
2026-04-20T13:43:27.103679+00:00 SEV-2 WARN: test_graph_traceability.py — mock_usage:import
2026-04-20T13:43:27.103680+00:00 SEV-2 WARN: test_graph_traceability.py — mock_usage:instantiation
2026-04-20T13:43:27.103681+00:00 SEV-2 WARN: test_interview_pf_gating.py — mock_usage:import
2026-04-20T13:43:27.103682+00:00 SEV-2 WARN: test_journey_phase1_phase3_integration.py — mock_usage:import
2026-04-20T13:43:27.103682+00:00 SEV-2 WARN: test_journey_phase1_watermarks.py — mock_usage:import
2026-04-20T13:43:27.103683+00:00 SEV-2 WARN: test_linkedin_narrative_regen.py — mock_usage:import
2026-04-20T13:43:27.103684+00:00 SEV-2 WARN: test_ml_feedback_loop.py — mock_usage:import
2026-04-20T13:43:27.103684+00:00 SEV-2 WARN: test_ml_feedback_loop.py — mock_usage:instantiation
2026-04-20T13:43:27.103685+00:00 SEV-2 WARN: test_option_c1_audit_table.py — mock_usage:import
2026-04-20T13:43:27.103686+00:00 SEV-2 WARN: test_option_c4_operation_logging.py — mock_usage:import
2026-04-20T13:43:27.103687+00:00 SEV-2 WARN: test_option_c4_operation_logging.py — mock_usage:instantiation
2026-04-20T13:43:27.103688+00:00 SEV-2 WARN: test_p0b_ftal_integration.py — mock_usage:import
2026-04-20T13:43:27.103688+00:00 SEV-2 WARN: test_p0b_ftal_integration.py — mock_usage:instantiation
2026-04-20T13:43:27.103689+00:00 SEV-2 WARN: test_p1a_sqlite_hardening.py — mock_usage:import
2026-04-20T13:43:27.103690+00:00 SEV-2 WARN: test_p2f_db_engine.py — mock_usage:import
2026-04-20T13:43:27.103691+00:00 SEV-2 WARN: test_p2f_db_engine.py — mock_usage:instantiation
2026-04-20T13:43:27.103691+00:00 SEV-2 WARN: test_p3a_security.py — mock_usage:import
2026-04-20T13:43:27.103692+00:00 SEV-2 WARN: test_p3a_security.py — mock_usage:instantiation
2026-04-20T13:43:27.103693+00:00 SEV-2 WARN: test_parallel_orchestrator.py — mock_usage:import
2026-04-20T13:43:27.103694+00:00 SEV-2 WARN: test_persona_seed.py — mock_usage:import
2026-04-20T13:43:27.103695+00:00 SEV-2 WARN: test_persona_seed.py — mock_usage:instantiation
2026-04-20T13:43:27.103695+00:00 SEV-2 WARN: test_personaforge_client.py — mock_usage:import
2026-04-20T13:43:27.103696+00:00 SEV-2 WARN: test_personaforge_client.py — mock_usage:instantiation
2026-04-20T13:43:27.103697+00:00 SEV-2 WARN: test_pg_migration.py — silent_pass:test_pdf_download_name_contains_id
2026-04-20T13:43:27.103698+00:00 SEV-2 WARN: test_pg_migration.py — mock_usage:instantiation
2026-04-20T13:43:27.103698+00:00 SEV-2 WARN: test_phase6a_double_fallback.py — mock_usage:import
2026-04-20T13:43:27.103699+00:00 SEV-2 WARN: test_phase6b_retry.py — mock_usage:import
2026-04-20T13:43:27.103700+00:00 SEV-2 WARN: test_phase6c_caching.py — mock_usage:import
2026-04-20T13:43:27.103701+00:00 SEV-2 WARN: test_phase6d_skip_rag.py — mock_usage:import
2026-04-20T13:43:27.103701+00:00 SEV-2 WARN: test_phase_a_gap_classifier.py — mock_usage:import
2026-04-20T13:43:27.103702+00:00 SEV-2 WARN: test_phase_a_jd_parser.py — mock_usage:import
2026-04-20T13:43:27.103703+00:00 SEV-2 WARN: test_phase_a_normalizer.py — mock_usage:import
2026-04-20T13:43:27.103704+00:00 SEV-2 WARN: test_phase_b_hybrid_scorer.py — mock_usage:import
2026-04-20T13:43:27.103704+00:00 SEV-2 WARN: test_phase_c_claim_auditor.py — mock_usage:import
2026-04-20T13:43:27.103705+00:00 SEV-2 WARN: test_phase_c_claim_auditor_extended.py — mock_usage:import
2026-04-20T13:43:27.103706+00:00 SEV-2 WARN: test_phase_c_rewrite_planner.py — mock_usage:import
2026-04-20T13:43:27.103706+00:00 SEV-2 WARN: test_phase_c_rewrite_planner_extended.py — mock_usage:import
2026-04-20T13:43:27.103707+00:00 SEV-2 WARN: test_phase_d_item9_alignment_integration.py — mock_usage:import
2026-04-20T13:43:27.103708+00:00 SEV-2 WARN: test_phase_d_items10_11_audit_rewrite.py — mock_usage:import
2026-04-20T13:43:27.103708+00:00 SEV-2 WARN: test_phase_e_equiv_scoring.py — mock_usage:import
2026-04-20T13:43:27.103709+00:00 SEV-2 WARN: test_phase_e_keyword_routes.py — mock_usage:import
2026-04-20T13:43:27.103710+00:00 SEV-2 WARN: test_phase_e_match_endpoint.py — mock_usage:import
2026-04-20T13:43:27.103711+00:00 SEV-2 WARN: test_r2_low.py — mock_usage:import
2026-04-20T13:43:27.103711+00:00 SEV-2 WARN: test_r2_low.py — mock_usage:instantiation
2026-04-20T13:43:27.103712+00:00 SEV-2 WARN: test_r2_medium.py — mock_usage:import
2026-04-20T13:43:27.103713+00:00 SEV-2 WARN: test_r2_medium.py — mock_usage:instantiation
2026-04-20T13:43:27.103713+00:00 SEV-2 WARN: test_resume_effectiveness.py — mock_usage:import
2026-04-20T13:43:27.103714+00:00 SEV-2 WARN: test_resume_effectiveness.py — mock_usage:instantiation
2026-04-20T13:43:27.103715+00:00 SEV-2 WARN: test_semantic_scoring.py — mock_usage:import
2026-04-20T13:43:27.103715+00:00 SEV-2 WARN: test_w1_teaching_injection.py — mock_usage:import
2026-04-20T13:43:27.103716+00:00 SEV-2 WARN: test_w6_ai_journey_source.py — mock_usage:import
2026-04-20T13:43:27.103716+00:00 SEV-2 WARN: test_w6_ai_journey_source.py — mock_usage:instantiation
2026-04-20T13:43:28.186355+00:00 SEV-2 WARN: test_arango_context_injection.py — mock_usage:import
2026-04-20T13:43:28.186359+00:00 SEV-2 WARN: test_arango_context_injection.py — mock_usage:instantiation
2026-04-20T13:43:28.186360+00:00 SEV-2 WARN: test_artifact_generator_heuristic.py — mock_usage:import
2026-04-20T13:43:28.186361+00:00 SEV-2 WARN: test_artifact_generator_llm.py — mock_usage:import
2026-04-20T13:43:28.186362+00:00 SEV-2 WARN: test_artifact_generator_llm.py — mock_usage:instantiation
2026-04-20T13:43:28.186363+00:00 SEV-2 WARN: test_artifact_generator_orchestration.py — mock_usage:import
2026-04-20T13:43:28.186364+00:00 SEV-2 WARN: test_artifact_generator_orchestration.py — mock_usage:instantiation
2026-04-20T13:43:28.186364+00:00 SEV-2 WARN: test_claim_recording.py — mock_usage:import
2026-04-20T13:43:28.186365+00:00 SEV-2 WARN: test_claim_recording.py — mock_usage:instantiation
2026-04-20T13:43:28.186366+00:00 SEV-2 WARN: test_ct1_governance_outcomes.py — mock_usage:import
2026-04-20T13:43:28.186367+00:00 SEV-2 WARN: test_ct1_governance_outcomes.py — mock_usage:instantiation
2026-04-20T13:43:28.186368+00:00 SEV-2 WARN: test_ct4_arango_context_injection.py — mock_usage:import
2026-04-20T13:43:28.186368+00:00 SEV-2 WARN: test_ct5_cross_model_verifier.py — mock_usage:import
2026-04-20T13:43:28.186369+00:00 SEV-2 WARN: test_ct6_failure_teaching.py — mock_usage:import
2026-04-20T13:43:28.186370+00:00 SEV-2 WARN: test_ct9_interview_effectiveness.py — mock_usage:import
2026-04-20T13:43:28.186371+00:00 SEV-2 WARN: test_deep_profile_staleness.py — silent_pass:test_status_200_has_required_fields
2026-04-20T13:43:28.186372+00:00 SEV-2 WARN: test_deep_profile_staleness.py — mock_usage:import
2026-04-20T13:43:28.186372+00:00 SEV-2 WARN: test_enforcement.py — mock_usage:import
2026-04-20T13:43:28.186373+00:00 SEV-2 WARN: test_feedback_loop.py — silent_pass:test_correlations_200_has_required_fields
2026-04-20T13:43:28.186374+00:00 SEV-2 WARN: test_feedback_loop.py — silent_pass:test_feedback_summary_200_has_counts
2026-04-20T13:43:28.186375+00:00 SEV-2 WARN: test_feedback_loop.py — mock_usage:import
2026-04-20T13:43:28.186375+00:00 SEV-2 WARN: test_feedback_loop.py — mock_usage:instantiation
2026-04-20T13:43:28.186376+00:00 SEV-2 WARN: test_graph_traceability.py — silent_pass:test_coverage_200_has_required_fields
2026-04-20T13:43:28.186377+00:00 SEV-2 WARN: test_graph_traceability.py — silent_pass:test_coverage_pct_between_0_and_100
2026-04-20T13:43:28.186378+00:00 SEV-2 WARN: test_graph_traceability.py — mock_usage:import
2026-04-20T13:43:28.186379+00:00 SEV-2 WARN: test_graph_traceability.py — mock_usage:instantiation
2026-04-20T13:43:28.186379+00:00 SEV-2 WARN: test_interview_pf_gating.py — mock_usage:import
2026-04-20T13:43:28.186380+00:00 SEV-2 WARN: test_journey_phase1_phase3_integration.py — mock_usage:import
2026-04-20T13:43:28.186381+00:00 SEV-2 WARN: test_journey_phase1_watermarks.py — mock_usage:import
2026-04-20T13:43:28.186382+00:00 SEV-2 WARN: test_linkedin_narrative_regen.py — mock_usage:import
2026-04-20T13:43:28.186383+00:00 SEV-2 WARN: test_ml_feedback_loop.py — mock_usage:import
2026-04-20T13:43:28.186383+00:00 SEV-2 WARN: test_ml_feedback_loop.py — mock_usage:instantiation
2026-04-20T13:43:28.186384+00:00 SEV-2 WARN: test_option_c1_audit_table.py — mock_usage:import
2026-04-20T13:43:28.186385+00:00 SEV-2 WARN: test_option_c4_operation_logging.py — mock_usage:import
2026-04-20T13:43:28.186386+00:00 SEV-2 WARN: test_option_c4_operation_logging.py — mock_usage:instantiation
2026-04-20T13:43:28.186386+00:00 SEV-2 WARN: test_p0b_ftal_integration.py — mock_usage:import
2026-04-20T13:43:28.186387+00:00 SEV-2 WARN: test_p0b_ftal_integration.py — mock_usage:instantiation
2026-04-20T13:43:28.186388+00:00 SEV-2 WARN: test_p1a_sqlite_hardening.py — mock_usage:import
2026-04-20T13:43:28.186389+00:00 SEV-2 WARN: test_p2f_db_engine.py — mock_usage:import
2026-04-20T13:43:28.186389+00:00 SEV-2 WARN: test_p2f_db_engine.py — mock_usage:instantiation
2026-04-20T13:43:28.186390+00:00 SEV-2 WARN: test_p3a_security.py — mock_usage:import
2026-04-20T13:43:28.186391+00:00 SEV-2 WARN: test_p3a_security.py — mock_usage:instantiation
2026-04-20T13:43:28.186391+00:00 SEV-2 WARN: test_parallel_orchestrator.py — mock_usage:import
2026-04-20T13:43:28.186392+00:00 SEV-2 WARN: test_persona_seed.py — mock_usage:import
2026-04-20T13:43:28.186393+00:00 SEV-2 WARN: test_persona_seed.py — mock_usage:instantiation
2026-04-20T13:43:28.186394+00:00 SEV-2 WARN: test_personaforge_client.py — mock_usage:import
2026-04-20T13:43:28.186394+00:00 SEV-2 WARN: test_personaforge_client.py — mock_usage:instantiation
2026-04-20T13:43:28.186395+00:00 SEV-2 WARN: test_pg_migration.py — silent_pass:test_pdf_download_name_contains_id
2026-04-20T13:43:28.186396+00:00 SEV-2 WARN: test_pg_migration.py — mock_usage:instantiation
2026-04-20T13:43:28.186397+00:00 SEV-2 WARN: test_phase6a_double_fallback.py — mock_usage:import
2026-04-20T13:43:28.186397+00:00 SEV-2 WARN: test_phase6b_retry.py — mock_usage:import
2026-04-20T13:43:28.186398+00:00 SEV-2 WARN: test_phase6c_caching.py — mock_usage:import
2026-04-20T13:43:28.186399+00:00 SEV-2 WARN: test_phase6d_skip_rag.py — mock_usage:import
2026-04-20T13:43:28.186399+00:00 SEV-2 WARN: test_phase_a_gap_classifier.py — mock_usage:import
2026-04-20T13:43:28.186400+00:00 SEV-2 WARN: test_phase_a_jd_parser.py — mock_usage:import
2026-04-20T13:43:28.186401+00:00 SEV-2 WARN: test_phase_a_normalizer.py — mock_usage:import
2026-04-20T13:43:28.186402+00:00 SEV-2 WARN: test_phase_b_hybrid_scorer.py — mock_usage:import
2026-04-20T13:43:28.186403+00:00 SEV-2 WARN: test_phase_c_claim_auditor.py — mock_usage:import
2026-04-20T13:43:28.186403+00:00 SEV-2 WARN: test_phase_c_claim_auditor_extended.py — mock_usage:import
2026-04-20T13:43:28.186404+00:00 SEV-2 WARN: test_phase_c_rewrite_planner.py — mock_usage:import
2026-04-20T13:43:28.186405+00:00 SEV-2 WARN: test_phase_c_rewrite_planner_extended.py — mock_usage:import
2026-04-20T13:43:28.186405+00:00 SEV-2 WARN: test_phase_d_item9_alignment_integration.py — mock_usage:import
2026-04-20T13:43:28.186406+00:00 SEV-2 WARN: test_phase_d_items10_11_audit_rewrite.py — mock_usage:import
2026-04-20T13:43:28.186407+00:00 SEV-2 WARN: test_phase_e_equiv_scoring.py — mock_usage:import
2026-04-20T13:43:28.186407+00:00 SEV-2 WARN: test_phase_e_keyword_routes.py — mock_usage:import
2026-04-20T13:43:28.186408+00:00 SEV-2 WARN: test_phase_e_match_endpoint.py — mock_usage:import
2026-04-20T13:43:28.186409+00:00 SEV-2 WARN: test_r2_low.py — mock_usage:import
2026-04-20T13:43:28.186410+00:00 SEV-2 WARN: test_r2_low.py — mock_usage:instantiation
2026-04-20T13:43:28.186410+00:00 SEV-2 WARN: test_r2_medium.py — mock_usage:import
2026-04-20T13:43:28.186411+00:00 SEV-2 WARN: test_r2_medium.py — mock_usage:instantiation
2026-04-20T13:43:28.186412+00:00 SEV-2 WARN: test_resume_effectiveness.py — mock_usage:import
2026-04-20T13:43:28.186412+00:00 SEV-2 WARN: test_resume_effectiveness.py — mock_usage:instantiation
2026-04-20T13:43:28.186413+00:00 SEV-2 WARN: test_semantic_scoring.py — mock_usage:import
2026-04-20T13:43:28.186413+00:00 SEV-2 WARN: test_w1_teaching_injection.py — mock_usage:import
2026-04-20T13:43:28.186414+00:00 SEV-2 WARN: test_w6_ai_journey_source.py — mock_usage:import
2026-04-20T13:43:28.186415+00:00 SEV-2 WARN: test_w6_ai_journey_source.py — mock_usage:instantiation
2026-04-20T13:43:29.202389+00:00 SEV-2 WARN: test_arango_context_injection.py — mock_usage:import
2026-04-20T13:43:29.202393+00:00 SEV-2 WARN: test_arango_context_injection.py — mock_usage:instantiation
2026-04-20T13:43:29.202394+00:00 SEV-2 WARN: test_artifact_generator_heuristic.py — mock_usage:import
2026-04-20T13:43:29.202395+00:00 SEV-2 WARN: test_artifact_generator_llm.py — mock_usage:import
2026-04-20T13:43:29.202396+00:00 SEV-2 WARN: test_artifact_generator_llm.py — mock_usage:instantiation
2026-04-20T13:43:29.202396+00:00 SEV-2 WARN: test_artifact_generator_orchestration.py — mock_usage:import
2026-04-20T13:43:29.202397+00:00 SEV-2 WARN: test_artifact_generator_orchestration.py — mock_usage:instantiation
2026-04-20T13:43:29.202398+00:00 SEV-2 WARN: test_claim_recording.py — mock_usage:import
2026-04-20T13:43:29.202399+00:00 SEV-2 WARN: test_claim_recording.py — mock_usage:instantiation
2026-04-20T13:43:29.202399+00:00 SEV-2 WARN: test_ct1_governance_outcomes.py — mock_usage:import
2026-04-20T13:43:29.202400+00:00 SEV-2 WARN: test_ct1_governance_outcomes.py — mock_usage:instantiation
2026-04-20T13:43:29.202401+00:00 SEV-2 WARN: test_ct4_arango_context_injection.py — mock_usage:import
2026-04-20T13:43:29.202402+00:00 SEV-2 WARN: test_ct5_cross_model_verifier.py — mock_usage:import
2026-04-20T13:43:29.202403+00:00 SEV-2 WARN: test_ct6_failure_teaching.py — mock_usage:import
2026-04-20T13:43:29.202403+00:00 SEV-2 WARN: test_ct9_interview_effectiveness.py — mock_usage:import
2026-04-20T13:43:29.202404+00:00 SEV-2 WARN: test_deep_profile_staleness.py — silent_pass:test_status_200_has_required_fields
2026-04-20T13:43:29.202405+00:00 SEV-2 WARN: test_deep_profile_staleness.py — mock_usage:import
2026-04-20T13:43:29.202406+00:00 SEV-2 WARN: test_enforcement.py — mock_usage:import
2026-04-20T13:43:29.202407+00:00 SEV-2 WARN: test_feedback_loop.py — silent_pass:test_correlations_200_has_required_fields
2026-04-20T13:43:29.202407+00:00 SEV-2 WARN: test_feedback_loop.py — silent_pass:test_feedback_summary_200_has_counts
2026-04-20T13:43:29.202408+00:00 SEV-2 WARN: test_feedback_loop.py — mock_usage:import
2026-04-20T13:43:29.202409+00:00 SEV-2 WARN: test_feedback_loop.py — mock_usage:instantiation
2026-04-20T13:43:29.202410+00:00 SEV-2 WARN: test_graph_traceability.py — silent_pass:test_coverage_200_has_required_fields
2026-04-20T13:43:29.202410+00:00 SEV-2 WARN: test_graph_traceability.py — silent_pass:test_coverage_pct_between_0_and_100
2026-04-20T13:43:29.202411+00:00 SEV-2 WARN: test_graph_traceability.py — mock_usage:import
2026-04-20T13:43:29.202412+00:00 SEV-2 WARN: test_graph_traceability.py — mock_usage:instantiation
2026-04-20T13:43:29.202412+00:00 SEV-2 WARN: test_interview_pf_gating.py — mock_usage:import
2026-04-20T13:43:29.202413+00:00 SEV-2 WARN: test_journey_phase1_phase3_integration.py — mock_usage:import
2026-04-20T13:43:29.202414+00:00 SEV-2 WARN: test_journey_phase1_watermarks.py — mock_usage:import
2026-04-20T13:43:29.202414+00:00 SEV-2 WARN: test_linkedin_narrative_regen.py — mock_usage:import
2026-04-20T13:43:29.202415+00:00 SEV-2 WARN: test_ml_feedback_loop.py — mock_usage:import
2026-04-20T13:43:29.202416+00:00 SEV-2 WARN: test_ml_feedback_loop.py — mock_usage:instantiation
2026-04-20T13:43:29.202417+00:00 SEV-2 WARN: test_option_c1_audit_table.py — mock_usage:import
2026-04-20T13:43:29.202417+00:00 SEV-2 WARN: test_option_c4_operation_logging.py — mock_usage:import
2026-04-20T13:43:29.202418+00:00 SEV-2 WARN: test_option_c4_operation_logging.py — mock_usage:instantiation
2026-04-20T13:43:29.202419+00:00 SEV-2 WARN: test_p0b_ftal_integration.py — mock_usage:import
2026-04-20T13:43:29.202420+00:00 SEV-2 WARN: test_p0b_ftal_integration.py — mock_usage:instantiation
2026-04-20T13:43:29.202420+00:00 SEV-2 WARN: test_p1a_sqlite_hardening.py — mock_usage:import
2026-04-20T13:43:29.202421+00:00 SEV-2 WARN: test_p2f_db_engine.py — mock_usage:import
2026-04-20T13:43:29.202422+00:00 SEV-2 WARN: test_p2f_db_engine.py — mock_usage:instantiation
2026-04-20T13:43:29.202422+00:00 SEV-2 WARN: test_p3a_security.py — mock_usage:import
2026-04-20T13:43:29.202423+00:00 SEV-2 WARN: test_p3a_security.py — mock_usage:instantiation
2026-04-20T13:43:29.202424+00:00 SEV-2 WARN: test_parallel_orchestrator.py — mock_usage:import
2026-04-20T13:43:29.202425+00:00 SEV-2 WARN: test_persona_seed.py — mock_usage:import
2026-04-20T13:43:29.202425+00:00 SEV-2 WARN: test_persona_seed.py — mock_usage:instantiation
2026-04-20T13:43:29.202426+00:00 SEV-2 WARN: test_personaforge_client.py — mock_usage:import
2026-04-20T13:43:29.202427+00:00 SEV-2 WARN: test_personaforge_client.py — mock_usage:instantiation
2026-04-20T13:43:29.202428+00:00 SEV-2 WARN: test_pg_migration.py — silent_pass:test_pdf_download_name_contains_id
2026-04-20T13:43:29.202428+00:00 SEV-2 WARN: test_pg_migration.py — mock_usage:instantiation
2026-04-20T13:43:29.202429+00:00 SEV-2 WARN: test_phase6a_double_fallback.py — mock_usage:import
2026-04-20T13:43:29.202430+00:00 SEV-2 WARN: test_phase6b_retry.py — mock_usage:import
2026-04-20T13:43:29.202430+00:00 SEV-2 WARN: test_phase6c_caching.py — mock_usage:import
2026-04-20T13:43:29.202431+00:00 SEV-2 WARN: test_phase6d_skip_rag.py — mock_usage:import
2026-04-20T13:43:29.202432+00:00 SEV-2 WARN: test_phase_a_gap_classifier.py — mock_usage:import
2026-04-20T13:43:29.202433+00:00 SEV-2 WARN: test_phase_a_jd_parser.py — mock_usage:import
2026-04-20T13:43:29.202433+00:00 SEV-2 WARN: test_phase_a_normalizer.py — mock_usage:import
2026-04-20T13:43:29.202434+00:00 SEV-2 WARN: test_phase_b_hybrid_scorer.py — mock_usage:import
2026-04-20T13:43:29.202435+00:00 SEV-2 WARN: test_phase_c_claim_auditor.py — mock_usage:import
2026-04-20T13:43:29.202436+00:00 SEV-2 WARN: test_phase_c_claim_auditor_extended.py — mock_usage:import
2026-04-20T13:43:29.202436+00:00 SEV-2 WARN: test_phase_c_rewrite_planner.py — mock_usage:import
2026-04-20T13:43:29.202437+00:00 SEV-2 WARN: test_phase_c_rewrite_planner_extended.py — mock_usage:import
2026-04-20T13:43:29.202438+00:00 SEV-2 WARN: test_phase_d_item9_alignment_integration.py — mock_usage:import
2026-04-20T13:43:29.202439+00:00 SEV-2 WARN: test_phase_d_items10_11_audit_rewrite.py — mock_usage:import
2026-04-20T13:43:29.202439+00:00 SEV-2 WARN: test_phase_e_equiv_scoring.py — mock_usage:import
2026-04-20T13:43:29.202440+00:00 SEV-2 WARN: test_phase_e_keyword_routes.py — mock_usage:import
2026-04-20T13:43:29.202441+00:00 SEV-2 WARN: test_phase_e_match_endpoint.py — mock_usage:import
2026-04-20T13:43:29.202441+00:00 SEV-2 WARN: test_r2_low.py — mock_usage:import
2026-04-20T13:43:29.202442+00:00 SEV-2 WARN: test_r2_low.py — mock_usage:instantiation
2026-04-20T13:43:29.202443+00:00 SEV-2 WARN: test_r2_medium.py — mock_usage:import
2026-04-20T13:43:29.202443+00:00 SEV-2 WARN: test_r2_medium.py — mock_usage:instantiation
2026-04-20T13:43:29.202444+00:00 SEV-2 WARN: test_resume_effectiveness.py — mock_usage:import
2026-04-20T13:43:29.202445+00:00 SEV-2 WARN: test_resume_effectiveness.py — mock_usage:instantiation
2026-04-20T13:43:29.202446+00:00 SEV-2 WARN: test_semantic_scoring.py — mock_usage:import
2026-04-20T13:43:29.202446+00:00 SEV-2 WARN: test_w1_teaching_injection.py — mock_usage:import
2026-04-20T13:43:29.202447+00:00 SEV-2 WARN: test_w6_ai_journey_source.py — mock_usage:import
2026-04-20T13:43:29.202448+00:00 SEV-2 WARN: test_w6_ai_journey_source.py — mock_usage:instantiation
2026-04-20T13:43:31.231248+00:00 SEV-2 WARN: test_arango_context_injection.py — mock_usage:import
2026-04-20T13:43:31.231252+00:00 SEV-2 WARN: test_arango_context_injection.py — mock_usage:instantiation
2026-04-20T13:43:31.231253+00:00 SEV-2 WARN: test_artifact_generator_heuristic.py — mock_usage:import
2026-04-20T13:43:31.231254+00:00 SEV-2 WARN: test_artifact_generator_llm.py — mock_usage:import
2026-04-20T13:43:31.231255+00:00 SEV-2 WARN: test_artifact_generator_llm.py — mock_usage:instantiation
2026-04-20T13:43:31.231256+00:00 SEV-2 WARN: test_artifact_generator_orchestration.py — mock_usage:import
2026-04-20T13:43:31.231257+00:00 SEV-2 WARN: test_artifact_generator_orchestration.py — mock_usage:instantiation
2026-04-20T13:43:31.231257+00:00 SEV-2 WARN: test_claim_recording.py — mock_usage:import
2026-04-20T13:43:31.231258+00:00 SEV-2 WARN: test_claim_recording.py — mock_usage:instantiation
2026-04-20T13:43:31.231259+00:00 SEV-2 WARN: test_ct1_governance_outcomes.py — mock_usage:import
2026-04-20T13:43:31.231260+00:00 SEV-2 WARN: test_ct1_governance_outcomes.py — mock_usage:instantiation
2026-04-20T13:43:31.231261+00:00 SEV-2 WARN: test_ct4_arango_context_injection.py — mock_usage:import
2026-04-20T13:43:31.231261+00:00 SEV-2 WARN: test_ct5_cross_model_verifier.py — mock_usage:import
2026-04-20T13:43:31.231262+00:00 SEV-2 WARN: test_ct6_failure_teaching.py — mock_usage:import
2026-04-20T13:43:31.231263+00:00 SEV-2 WARN: test_ct9_interview_effectiveness.py — mock_usage:import
2026-04-20T13:43:31.231264+00:00 SEV-2 WARN: test_deep_profile_staleness.py — silent_pass:test_status_200_has_required_fields
2026-04-20T13:43:31.231265+00:00 SEV-2 WARN: test_deep_profile_staleness.py — mock_usage:import
2026-04-20T13:43:31.231266+00:00 SEV-2 WARN: test_enforcement.py — mock_usage:import
2026-04-20T13:43:31.231266+00:00 SEV-2 WARN: test_feedback_loop.py — silent_pass:test_correlations_200_has_required_fields
2026-04-20T13:43:31.231267+00:00 SEV-2 WARN: test_feedback_loop.py — silent_pass:test_feedback_summary_200_has_counts
2026-04-20T13:43:31.231268+00:00 SEV-2 WARN: test_feedback_loop.py — mock_usage:import
2026-04-20T13:43:31.231268+00:00 SEV-2 WARN: test_feedback_loop.py — mock_usage:instantiation
2026-04-20T13:43:31.231269+00:00 SEV-2 WARN: test_graph_traceability.py — silent_pass:test_coverage_200_has_required_fields
2026-04-20T13:43:31.231270+00:00 SEV-2 WARN: test_graph_traceability.py — silent_pass:test_coverage_pct_between_0_and_100
2026-04-20T13:43:31.231271+00:00 SEV-2 WARN: test_graph_traceability.py — mock_usage:import
2026-04-20T13:43:31.231271+00:00 SEV-2 WARN: test_graph_traceability.py — mock_usage:instantiation
2026-04-20T13:43:31.231272+00:00 SEV-2 WARN: test_interview_pf_gating.py — mock_usage:import
2026-04-20T13:43:31.231273+00:00 SEV-2 WARN: test_journey_phase1_phase3_integration.py — mock_usage:import
2026-04-20T13:43:31.231274+00:00 SEV-2 WARN: test_journey_phase1_watermarks.py — mock_usage:import
2026-04-20T13:43:31.231275+00:00 SEV-2 WARN: test_linkedin_narrative_regen.py — mock_usage:import
2026-04-20T13:43:31.231276+00:00 SEV-2 WARN: test_ml_feedback_loop.py — mock_usage:import
2026-04-20T13:43:31.231276+00:00 SEV-2 WARN: test_ml_feedback_loop.py — mock_usage:instantiation
2026-04-20T13:43:31.231277+00:00 SEV-2 WARN: test_option_c1_audit_table.py — mock_usage:import
2026-04-20T13:43:31.231278+00:00 SEV-2 WARN: test_option_c4_operation_logging.py — mock_usage:import
2026-04-20T13:43:31.231279+00:00 SEV-2 WARN: test_option_c4_operation_logging.py — mock_usage:instantiation
2026-04-20T13:43:31.231279+00:00 SEV-2 WARN: test_p0b_ftal_integration.py — mock_usage:import
2026-04-20T13:43:31.231280+00:00 SEV-2 WARN: test_p0b_ftal_integration.py — mock_usage:instantiation
2026-04-20T13:43:31.231281+00:00 SEV-2 WARN: test_p1a_sqlite_hardening.py — mock_usage:import
2026-04-20T13:43:31.231282+00:00 SEV-2 WARN: test_p2f_db_engine.py — mock_usage:import
2026-04-20T13:43:31.231282+00:00 SEV-2 WARN: test_p2f_db_engine.py — mock_usage:instantiation
2026-04-20T13:43:31.231283+00:00 SEV-2 WARN: test_p3a_security.py — mock_usage:import
2026-04-20T13:43:31.231284+00:00 SEV-2 WARN: test_p3a_security.py — mock_usage:instantiation
2026-04-20T13:43:31.231285+00:00 SEV-2 WARN: test_parallel_orchestrator.py — mock_usage:import
2026-04-20T13:43:31.231286+00:00 SEV-2 WARN: test_persona_seed.py — mock_usage:import
2026-04-20T13:43:31.231287+00:00 SEV-2 WARN: test_persona_seed.py — mock_usage:instantiation
2026-04-20T13:43:31.231287+00:00 SEV-2 WARN: test_personaforge_client.py — mock_usage:import
2026-04-20T13:43:31.231288+00:00 SEV-2 WARN: test_personaforge_client.py — mock_usage:instantiation
2026-04-20T13:43:31.231289+00:00 SEV-2 WARN: test_pg_migration.py — silent_pass:test_pdf_download_name_contains_id
2026-04-20T13:43:31.231290+00:00 SEV-2 WARN: test_pg_migration.py — mock_usage:instantiation
2026-04-20T13:43:31.231290+00:00 SEV-2 WARN: test_phase6a_double_fallback.py — mock_usage:import
2026-04-20T13:43:31.231291+00:00 SEV-2 WARN: test_phase6b_retry.py — mock_usage:import
2026-04-20T13:43:31.231292+00:00 SEV-2 WARN: test_phase6c_caching.py — mock_usage:import
2026-04-20T13:43:31.231293+00:00 SEV-2 WARN: test_phase6d_skip_rag.py — mock_usage:import
2026-04-20T13:43:31.231293+00:00 SEV-2 WARN: test_phase_a_gap_classifier.py — mock_usage:import
2026-04-20T13:43:31.231294+00:00 SEV-2 WARN: test_phase_a_jd_parser.py — mock_usage:import
2026-04-20T13:43:31.231295+00:00 SEV-2 WARN: test_phase_a_normalizer.py — mock_usage:import
2026-04-20T13:43:31.231295+00:00 SEV-2 WARN: test_phase_b_hybrid_scorer.py — mock_usage:import
2026-04-20T13:43:31.231296+00:00 SEV-2 WARN: test_phase_c_claim_auditor.py — mock_usage:import
2026-04-20T13:43:31.231297+00:00 SEV-2 WARN: test_phase_c_claim_auditor_extended.py — mock_usage:import
2026-04-20T13:43:31.231298+00:00 SEV-2 WARN: test_phase_c_rewrite_planner.py — mock_usage:import
2026-04-20T13:43:31.231299+00:00 SEV-2 WARN: test_phase_c_rewrite_planner_extended.py — mock_usage:import
2026-04-20T13:43:31.231299+00:00 SEV-2 WARN: test_phase_d_item9_alignment_integration.py — mock_usage:import
2026-04-20T13:43:31.231300+00:00 SEV-2 WARN: test_phase_d_items10_11_audit_rewrite.py — mock_usage:import
2026-04-20T13:43:31.231301+00:00 SEV-2 WARN: test_phase_e_equiv_scoring.py — mock_usage:import
2026-04-20T13:43:31.231302+00:00 SEV-2 WARN: test_phase_e_keyword_routes.py — mock_usage:import
2026-04-20T13:43:31.231303+00:00 SEV-2 WARN: test_phase_e_match_endpoint.py — mock_usage:import
2026-04-20T13:43:31.231304+00:00 SEV-2 WARN: test_r2_low.py — mock_usage:import
2026-04-20T13:43:31.231304+00:00 SEV-2 WARN: test_r2_low.py — mock_usage:instantiation
2026-04-20T13:43:31.231305+00:00 SEV-2 WARN: test_r2_medium.py — mock_usage:import
2026-04-20T13:43:31.231306+00:00 SEV-2 WARN: test_r2_medium.py — mock_usage:instantiation
2026-04-20T13:43:31.231306+00:00 SEV-2 WARN: test_resume_effectiveness.py — mock_usage:import
2026-04-20T13:43:31.231307+00:00 SEV-2 WARN: test_resume_effectiveness.py — mock_usage:instantiation
2026-04-20T13:43:31.231308+00:00 SEV-2 WARN: test_semantic_scoring.py — mock_usage:import
2026-04-20T13:43:31.231308+00:00 SEV-2 WARN: test_w1_teaching_injection.py — mock_usage:import
2026-04-20T13:43:31.231309+00:00 SEV-2 WARN: test_w6_ai_journey_source.py — mock_usage:import
2026-04-20T13:43:31.231310+00:00 SEV-2 WARN: test_w6_ai_journey_source.py — mock_usage:instantiation
2026-04-20T13:48:17.319280+00:00 SEV-2 WARN: test_arango_context_injection.py — mock_usage:instantiation
2026-04-20T13:48:17.319286+00:00 SEV-2 WARN: test_arango_context_injection.py — mock_usage:import
2026-04-20T13:48:17.319287+00:00 SEV-2 WARN: test_artifact_generator_heuristic.py — mock_usage:import
2026-04-20T13:48:17.319289+00:00 SEV-2 WARN: test_artifact_generator_llm.py — mock_usage:instantiation
2026-04-20T13:48:17.319290+00:00 SEV-2 WARN: test_artifact_generator_llm.py — mock_usage:import
2026-04-20T13:48:17.319291+00:00 SEV-2 WARN: test_artifact_generator_orchestration.py — mock_usage:instantiation
2026-04-20T13:48:17.319293+00:00 SEV-2 WARN: test_artifact_generator_orchestration.py — mock_usage:import
2026-04-20T13:48:17.319294+00:00 SEV-2 WARN: test_claim_recording.py — mock_usage:instantiation
2026-04-20T13:48:17.319295+00:00 SEV-2 WARN: test_claim_recording.py — mock_usage:import
2026-04-20T13:48:17.319296+00:00 SEV-2 WARN: test_ct1_governance_outcomes.py — mock_usage:instantiation
2026-04-20T13:48:17.319298+00:00 SEV-2 WARN: test_ct1_governance_outcomes.py — mock_usage:import
2026-04-20T13:48:17.319299+00:00 SEV-2 WARN: test_ct4_arango_context_injection.py — mock_usage:import
2026-04-20T13:48:17.319300+00:00 SEV-2 WARN: test_ct5_cross_model_verifier.py — mock_usage:import
2026-04-20T13:48:17.319301+00:00 SEV-2 WARN: test_ct6_failure_teaching.py — mock_usage:import
2026-04-20T13:48:17.319302+00:00 SEV-2 WARN: test_ct9_interview_effectiveness.py — mock_usage:import
2026-04-20T13:48:17.319303+00:00 SEV-2 WARN: test_deep_profile_staleness.py — silent_pass:test_status_200_has_required_fields
2026-04-20T13:48:17.319305+00:00 SEV-2 WARN: test_deep_profile_staleness.py — mock_usage:import
2026-04-20T13:48:17.319306+00:00 SEV-2 WARN: test_enforcement.py — mock_usage:import
2026-04-20T13:48:17.319308+00:00 SEV-2 WARN: test_feedback_loop.py — silent_pass:test_correlations_200_has_required_fields
2026-04-20T13:48:17.319309+00:00 SEV-2 WARN: test_feedback_loop.py — silent_pass:test_feedback_summary_200_has_counts
2026-04-20T13:48:17.319310+00:00 SEV-2 WARN: test_feedback_loop.py — mock_usage:instantiation
2026-04-20T13:48:17.319311+00:00 SEV-2 WARN: test_feedback_loop.py — mock_usage:import
2026-04-20T13:48:17.319313+00:00 SEV-2 WARN: test_graph_traceability.py — silent_pass:test_coverage_200_has_required_fields
2026-04-20T13:48:17.319314+00:00 SEV-2 WARN: test_graph_traceability.py — silent_pass:test_coverage_pct_between_0_and_100
2026-04-20T13:48:17.319315+00:00 SEV-2 WARN: test_graph_traceability.py — mock_usage:instantiation
2026-04-20T13:48:17.319316+00:00 SEV-2 WARN: test_graph_traceability.py — mock_usage:import
2026-04-20T13:48:17.319318+00:00 SEV-2 WARN: test_interview_pf_gating.py — mock_usage:import
2026-04-20T13:48:17.319319+00:00 SEV-2 WARN: test_journey_phase1_phase3_integration.py — mock_usage:import
2026-04-20T13:48:17.319320+00:00 SEV-2 WARN: test_journey_phase1_watermarks.py — mock_usage:import
2026-04-20T13:48:17.319321+00:00 SEV-2 WARN: test_linkedin_narrative_regen.py — mock_usage:import
2026-04-20T13:48:17.319323+00:00 SEV-2 WARN: test_ml_feedback_loop.py — mock_usage:instantiation
2026-04-20T13:48:17.319324+00:00 SEV-2 WARN: test_ml_feedback_loop.py — mock_usage:import
2026-04-20T13:48:17.319325+00:00 SEV-2 WARN: test_option_c1_audit_table.py — mock_usage:import
2026-04-20T13:48:17.319326+00:00 SEV-2 WARN: test_option_c4_operation_logging.py — mock_usage:instantiation
2026-04-20T13:48:17.319327+00:00 SEV-2 WARN: test_option_c4_operation_logging.py — mock_usage:import
2026-04-20T13:48:17.319328+00:00 SEV-2 WARN: test_p0b_ftal_integration.py — mock_usage:instantiation
2026-04-20T13:48:17.319329+00:00 SEV-2 WARN: test_p0b_ftal_integration.py — mock_usage:import
2026-04-20T13:48:17.319330+00:00 SEV-2 WARN: test_p1a_sqlite_hardening.py — mock_usage:import
2026-04-20T13:48:17.319331+00:00 SEV-2 WARN: test_p2f_db_engine.py — mock_usage:instantiation
2026-04-20T13:48:17.319332+00:00 SEV-2 WARN: test_p2f_db_engine.py — mock_usage:import
2026-04-20T13:48:17.319334+00:00 SEV-2 WARN: test_p3a_security.py — mock_usage:instantiation
2026-04-20T13:48:17.319335+00:00 SEV-2 WARN: test_p3a_security.py — mock_usage:import
2026-04-20T13:48:17.319336+00:00 SEV-2 WARN: test_parallel_orchestrator.py — mock_usage:import
2026-04-20T13:48:17.319337+00:00 SEV-2 WARN: test_persona_seed.py — mock_usage:instantiation
2026-04-20T13:48:17.319338+00:00 SEV-2 WARN: test_persona_seed.py — mock_usage:import
2026-04-20T13:48:17.319340+00:00 SEV-2 WARN: test_personaforge_client.py — mock_usage:instantiation
2026-04-20T13:48:17.319341+00:00 SEV-2 WARN: test_personaforge_client.py — mock_usage:import
2026-04-20T13:48:17.319342+00:00 SEV-2 WARN: test_pg_migration.py — silent_pass:test_pdf_download_name_contains_id
2026-04-20T13:48:17.319343+00:00 SEV-2 WARN: test_pg_migration.py — mock_usage:instantiation
2026-04-20T13:48:17.319344+00:00 SEV-2 WARN: test_phase6a_double_fallback.py — mock_usage:import
2026-04-20T13:48:17.319345+00:00 SEV-2 WARN: test_phase6b_retry.py — mock_usage:import
2026-04-20T13:48:17.319347+00:00 SEV-2 WARN: test_phase6c_caching.py — mock_usage:import
2026-04-20T13:48:17.319348+00:00 SEV-2 WARN: test_phase6d_skip_rag.py — mock_usage:import
2026-04-20T13:48:17.319349+00:00 SEV-2 WARN: test_phase_a_gap_classifier.py — mock_usage:import
2026-04-20T13:48:17.319350+00:00 SEV-2 WARN: test_phase_a_jd_parser.py — mock_usage:import
2026-04-20T13:48:17.319351+00:00 SEV-2 WARN: test_phase_a_normalizer.py — mock_usage:import
2026-04-20T13:48:17.319352+00:00 SEV-2 WARN: test_phase_b_hybrid_scorer.py — mock_usage:import
2026-04-20T13:48:17.319353+00:00 SEV-2 WARN: test_phase_c_claim_auditor.py — mock_usage:import
2026-04-20T13:48:17.319354+00:00 SEV-2 WARN: test_phase_c_claim_auditor_extended.py — mock_usage:import
2026-04-20T13:48:17.319356+00:00 SEV-2 WARN: test_phase_c_rewrite_planner.py — mock_usage:import
2026-04-20T13:48:17.319357+00:00 SEV-2 WARN: test_phase_c_rewrite_planner_extended.py — mock_usage:import
2026-04-20T13:48:17.319358+00:00 SEV-2 WARN: test_phase_d_item9_alignment_integration.py — mock_usage:import
2026-04-20T13:48:17.319359+00:00 SEV-2 WARN: test_phase_d_items10_11_audit_rewrite.py — mock_usage:import
2026-04-20T13:48:17.319361+00:00 SEV-2 WARN: test_phase_e_equiv_scoring.py — mock_usage:import
2026-04-20T13:48:17.319362+00:00 SEV-2 WARN: test_phase_e_keyword_routes.py — mock_usage:import
2026-04-20T13:48:17.319363+00:00 SEV-2 WARN: test_phase_e_match_endpoint.py — mock_usage:import
2026-04-20T13:48:17.319364+00:00 SEV-2 WARN: test_r2_low.py — mock_usage:instantiation
2026-04-20T13:48:17.319365+00:00 SEV-2 WARN: test_r2_low.py — mock_usage:import
2026-04-20T13:48:17.319366+00:00 SEV-2 WARN: test_r2_medium.py — mock_usage:instantiation
2026-04-20T13:48:17.319367+00:00 SEV-2 WARN: test_r2_medium.py — mock_usage:import
2026-04-20T13:48:17.319368+00:00 SEV-2 WARN: test_resume_effectiveness.py — mock_usage:instantiation
2026-04-20T13:48:17.319369+00:00 SEV-2 WARN: test_resume_effectiveness.py — mock_usage:import
2026-04-20T13:48:17.319371+00:00 SEV-2 WARN: test_semantic_scoring.py — mock_usage:import
2026-04-20T13:48:17.319372+00:00 SEV-2 WARN: test_w1_teaching_injection.py — mock_usage:import
2026-04-20T13:48:17.319373+00:00 SEV-2 WARN: test_w6_ai_journey_source.py — mock_usage:instantiation
2026-04-20T13:48:17.319374+00:00 SEV-2 WARN: test_w6_ai_journey_source.py — mock_usage:import
2026-04-20T13:48:18.359755+00:00 SEV-2 WARN: test_arango_context_injection.py — mock_usage:instantiation
2026-04-20T13:48:18.359759+00:00 SEV-2 WARN: test_arango_context_injection.py — mock_usage:import
2026-04-20T13:48:18.359760+00:00 SEV-2 WARN: test_artifact_generator_heuristic.py — mock_usage:import
2026-04-20T13:48:18.359761+00:00 SEV-2 WARN: test_artifact_generator_llm.py — mock_usage:instantiation
2026-04-20T13:48:18.359762+00:00 SEV-2 WARN: test_artifact_generator_llm.py — mock_usage:import
2026-04-20T13:48:18.359763+00:00 SEV-2 WARN: test_artifact_generator_orchestration.py — mock_usage:instantiation
2026-04-20T13:48:18.359763+00:00 SEV-2 WARN: test_artifact_generator_orchestration.py — mock_usage:import
2026-04-20T13:48:18.359764+00:00 SEV-2 WARN: test_claim_recording.py — mock_usage:instantiation
2026-04-20T13:48:18.359765+00:00 SEV-2 WARN: test_claim_recording.py — mock_usage:import
2026-04-20T13:48:18.359766+00:00 SEV-2 WARN: test_ct1_governance_outcomes.py — mock_usage:instantiation
2026-04-20T13:48:18.359766+00:00 SEV-2 WARN: test_ct1_governance_outcomes.py — mock_usage:import
2026-04-20T13:48:18.359767+00:00 SEV-2 WARN: test_ct4_arango_context_injection.py — mock_usage:import
2026-04-20T13:48:18.359768+00:00 SEV-2 WARN: test_ct5_cross_model_verifier.py — mock_usage:import
2026-04-20T13:48:18.359768+00:00 SEV-2 WARN: test_ct6_failure_teaching.py — mock_usage:import
2026-04-20T13:48:18.359769+00:00 SEV-2 WARN: test_ct9_interview_effectiveness.py — mock_usage:import
2026-04-20T13:48:18.359770+00:00 SEV-2 WARN: test_deep_profile_staleness.py — silent_pass:test_status_200_has_required_fields
2026-04-20T13:48:18.359771+00:00 SEV-2 WARN: test_deep_profile_staleness.py — mock_usage:import
2026-04-20T13:48:18.359771+00:00 SEV-2 WARN: test_enforcement.py — mock_usage:import
2026-04-20T13:48:18.359772+00:00 SEV-2 WARN: test_feedback_loop.py — silent_pass:test_correlations_200_has_required_fields
2026-04-20T13:48:18.359773+00:00 SEV-2 WARN: test_feedback_loop.py — silent_pass:test_feedback_summary_200_has_counts
2026-04-20T13:48:18.359774+00:00 SEV-2 WARN: test_feedback_loop.py — mock_usage:instantiation
2026-04-20T13:48:18.359775+00:00 SEV-2 WARN: test_feedback_loop.py — mock_usage:import
2026-04-20T13:48:18.359775+00:00 SEV-2 WARN: test_graph_traceability.py — silent_pass:test_coverage_200_has_required_fields
2026-04-20T13:48:18.359776+00:00 SEV-2 WARN: test_graph_traceability.py — silent_pass:test_coverage_pct_between_0_and_100
2026-04-20T13:48:18.359777+00:00 SEV-2 WARN: test_graph_traceability.py — mock_usage:instantiation
2026-04-20T13:48:18.359777+00:00 SEV-2 WARN: test_graph_traceability.py — mock_usage:import
2026-04-20T13:48:18.359778+00:00 SEV-2 WARN: test_interview_pf_gating.py — mock_usage:import
2026-04-20T13:48:18.359779+00:00 SEV-2 WARN: test_journey_phase1_phase3_integration.py — mock_usage:import
2026-04-20T13:48:18.359780+00:00 SEV-2 WARN: test_journey_phase1_watermarks.py — mock_usage:import
2026-04-20T13:48:18.359781+00:00 SEV-2 WARN: test_linkedin_narrative_regen.py — mock_usage:import
2026-04-20T13:48:18.359781+00:00 SEV-2 WARN: test_ml_feedback_loop.py — mock_usage:instantiation
2026-04-20T13:48:18.359782+00:00 SEV-2 WARN: test_ml_feedback_loop.py — mock_usage:import
2026-04-20T13:48:18.359783+00:00 SEV-2 WARN: test_option_c1_audit_table.py — mock_usage:import
2026-04-20T13:48:18.359784+00:00 SEV-2 WARN: test_option_c4_operation_logging.py — mock_usage:instantiation
2026-04-20T13:48:18.359784+00:00 SEV-2 WARN: test_option_c4_operation_logging.py — mock_usage:import
2026-04-20T13:48:18.359785+00:00 SEV-2 WARN: test_p0b_ftal_integration.py — mock_usage:instantiation
2026-04-20T13:48:18.359786+00:00 SEV-2 WARN: test_p0b_ftal_integration.py — mock_usage:import
2026-04-20T13:48:18.359786+00:00 SEV-2 WARN: test_p1a_sqlite_hardening.py — mock_usage:import
2026-04-20T13:48:18.359787+00:00 SEV-2 WARN: test_p2f_db_engine.py — mock_usage:instantiation
2026-04-20T13:48:18.359788+00:00 SEV-2 WARN: test_p2f_db_engine.py — mock_usage:import
2026-04-20T13:48:18.359789+00:00 SEV-2 WARN: test_p3a_security.py — mock_usage:instantiation
2026-04-20T13:48:18.359790+00:00 SEV-2 WARN: test_p3a_security.py — mock_usage:import
2026-04-20T13:48:18.359790+00:00 SEV-2 WARN: test_parallel_orchestrator.py — mock_usage:import
2026-04-20T13:48:18.359791+00:00 SEV-2 WARN: test_persona_seed.py — mock_usage:instantiation
2026-04-20T13:48:18.359792+00:00 SEV-2 WARN: test_persona_seed.py — mock_usage:import
2026-04-20T13:48:18.359793+00:00 SEV-2 WARN: test_personaforge_client.py — mock_usage:instantiation
2026-04-20T13:48:18.359794+00:00 SEV-2 WARN: test_personaforge_client.py — mock_usage:import
2026-04-20T13:48:18.359794+00:00 SEV-2 WARN: test_pg_migration.py — silent_pass:test_pdf_download_name_contains_id
2026-04-20T13:48:18.359795+00:00 SEV-2 WARN: test_pg_migration.py — mock_usage:instantiation
2026-04-20T13:48:18.359796+00:00 SEV-2 WARN: test_phase6a_double_fallback.py — mock_usage:import
2026-04-20T13:48:18.359797+00:00 SEV-2 WARN: test_phase6b_retry.py — mock_usage:import
2026-04-20T13:48:18.359797+00:00 SEV-2 WARN: test_phase6c_caching.py — mock_usage:import
2026-04-20T13:48:18.359798+00:00 SEV-2 WARN: test_phase6d_skip_rag.py — mock_usage:import
2026-04-20T13:48:18.359799+00:00 SEV-2 WARN: test_phase_a_gap_classifier.py — mock_usage:import
2026-04-20T13:48:18.359800+00:00 SEV-2 WARN: test_phase_a_jd_parser.py — mock_usage:import
2026-04-20T13:48:18.359800+00:00 SEV-2 WARN: test_phase_a_normalizer.py — mock_usage:import
2026-04-20T13:48:18.359801+00:00 SEV-2 WARN: test_phase_b_hybrid_scorer.py — mock_usage:import
2026-04-20T13:48:18.359802+00:00 SEV-2 WARN: test_phase_c_claim_auditor.py — mock_usage:import
2026-04-20T13:48:18.359802+00:00 SEV-2 WARN: test_phase_c_claim_auditor_extended.py — mock_usage:import
2026-04-20T13:48:18.359803+00:00 SEV-2 WARN: test_phase_c_rewrite_planner.py — mock_usage:import
2026-04-20T13:48:18.359804+00:00 SEV-2 WARN: test_phase_c_rewrite_planner_extended.py — mock_usage:import
2026-04-20T13:48:18.359804+00:00 SEV-2 WARN: test_phase_d_item9_alignment_integration.py — mock_usage:import
2026-04-20T13:48:18.359805+00:00 SEV-2 WARN: test_phase_d_items10_11_audit_rewrite.py — mock_usage:import
2026-04-20T13:48:18.359806+00:00 SEV-2 WARN: test_phase_e_equiv_scoring.py — mock_usage:import
2026-04-20T13:48:18.359806+00:00 SEV-2 WARN: test_phase_e_keyword_routes.py — mock_usage:import
2026-04-20T13:48:18.359807+00:00 SEV-2 WARN: test_phase_e_match_endpoint.py — mock_usage:import
2026-04-20T13:48:18.359808+00:00 SEV-2 WARN: test_r2_low.py — mock_usage:instantiation
2026-04-20T13:48:18.359808+00:00 SEV-2 WARN: test_r2_low.py — mock_usage:import
2026-04-20T13:48:18.359809+00:00 SEV-2 WARN: test_r2_medium.py — mock_usage:instantiation
2026-04-20T13:48:18.359810+00:00 SEV-2 WARN: test_r2_medium.py — mock_usage:import
2026-04-20T13:48:18.359810+00:00 SEV-2 WARN: test_resume_effectiveness.py — mock_usage:instantiation
2026-04-20T13:48:18.359811+00:00 SEV-2 WARN: test_resume_effectiveness.py — mock_usage:import
2026-04-20T13:48:18.359812+00:00 SEV-2 WARN: test_semantic_scoring.py — mock_usage:import
2026-04-20T13:48:18.359812+00:00 SEV-2 WARN: test_w1_teaching_injection.py — mock_usage:import
2026-04-20T13:48:18.359813+00:00 SEV-2 WARN: test_w6_ai_journey_source.py — mock_usage:instantiation
2026-04-20T13:48:18.359814+00:00 SEV-2 WARN: test_w6_ai_journey_source.py — mock_usage:import
2026-04-20T13:48:19.458710+00:00 SEV-2 WARN: test_arango_context_injection.py — mock_usage:instantiation
2026-04-20T13:48:19.458714+00:00 SEV-2 WARN: test_arango_context_injection.py — mock_usage:import
2026-04-20T13:48:19.458715+00:00 SEV-2 WARN: test_artifact_generator_heuristic.py — mock_usage:import
2026-04-20T13:48:19.458716+00:00 SEV-2 WARN: test_artifact_generator_llm.py — mock_usage:instantiation
2026-04-20T13:48:19.458717+00:00 SEV-2 WARN: test_artifact_generator_llm.py — mock_usage:import
2026-04-20T13:48:19.458717+00:00 SEV-2 WARN: test_artifact_generator_orchestration.py — mock_usage:instantiation
2026-04-20T13:48:19.458718+00:00 SEV-2 WARN: test_artifact_generator_orchestration.py — mock_usage:import
2026-04-20T13:48:19.458719+00:00 SEV-2 WARN: test_claim_recording.py — mock_usage:instantiation
2026-04-20T13:48:19.458720+00:00 SEV-2 WARN: test_claim_recording.py — mock_usage:import
2026-04-20T13:48:19.458721+00:00 SEV-2 WARN: test_ct1_governance_outcomes.py — mock_usage:instantiation
2026-04-20T13:48:19.458721+00:00 SEV-2 WARN: test_ct1_governance_outcomes.py — mock_usage:import
2026-04-20T13:48:19.458722+00:00 SEV-2 WARN: test_ct4_arango_context_injection.py — mock_usage:import
2026-04-20T13:48:19.458723+00:00 SEV-2 WARN: test_ct5_cross_model_verifier.py — mock_usage:import
2026-04-20T13:48:19.458724+00:00 SEV-2 WARN: test_ct6_failure_teaching.py — mock_usage:import
2026-04-20T13:48:19.458725+00:00 SEV-2 WARN: test_ct9_interview_effectiveness.py — mock_usage:import
2026-04-20T13:48:19.458725+00:00 SEV-2 WARN: test_deep_profile_staleness.py — silent_pass:test_status_200_has_required_fields
2026-04-20T13:48:19.458726+00:00 SEV-2 WARN: test_deep_profile_staleness.py — mock_usage:import
2026-04-20T13:48:19.458727+00:00 SEV-2 WARN: test_enforcement.py — mock_usage:import
2026-04-20T13:48:19.458728+00:00 SEV-2 WARN: test_feedback_loop.py — silent_pass:test_correlations_200_has_required_fields
2026-04-20T13:48:19.458728+00:00 SEV-2 WARN: test_feedback_loop.py — silent_pass:test_feedback_summary_200_has_counts
2026-04-20T13:48:19.458729+00:00 SEV-2 WARN: test_feedback_loop.py — mock_usage:instantiation
2026-04-20T13:48:19.458730+00:00 SEV-2 WARN: test_feedback_loop.py — mock_usage:import
2026-04-20T13:48:19.458731+00:00 SEV-2 WARN: test_graph_traceability.py — silent_pass:test_coverage_200_has_required_fields
2026-04-20T13:48:19.458731+00:00 SEV-2 WARN: test_graph_traceability.py — silent_pass:test_coverage_pct_between_0_and_100
2026-04-20T13:48:19.458732+00:00 SEV-2 WARN: test_graph_traceability.py — mock_usage:instantiation
2026-04-20T13:48:19.458733+00:00 SEV-2 WARN: test_graph_traceability.py — mock_usage:import
2026-04-20T13:48:19.458734+00:00 SEV-2 WARN: test_interview_pf_gating.py — mock_usage:import
2026-04-20T13:48:19.458735+00:00 SEV-2 WARN: test_journey_phase1_phase3_integration.py — mock_usage:import
2026-04-20T13:48:19.458735+00:00 SEV-2 WARN: test_journey_phase1_watermarks.py — mock_usage:import
2026-04-20T13:48:19.458736+00:00 SEV-2 WARN: test_linkedin_narrative_regen.py — mock_usage:import
2026-04-20T13:48:19.458737+00:00 SEV-2 WARN: test_ml_feedback_loop.py — mock_usage:instantiation
2026-04-20T13:48:19.458738+00:00 SEV-2 WARN: test_ml_feedback_loop.py — mock_usage:import
2026-04-20T13:48:19.458739+00:00 SEV-2 WARN: test_option_c1_audit_table.py — mock_usage:import
2026-04-20T13:48:19.458740+00:00 SEV-2 WARN: test_option_c4_operation_logging.py — mock_usage:instantiation
2026-04-20T13:48:19.458740+00:00 SEV-2 WARN: test_option_c4_operation_logging.py — mock_usage:import
2026-04-20T13:48:19.458741+00:00 SEV-2 WARN: test_p0b_ftal_integration.py — mock_usage:instantiation
2026-04-20T13:48:19.458742+00:00 SEV-2 WARN: test_p0b_ftal_integration.py — mock_usage:import
2026-04-20T13:48:19.458742+00:00 SEV-2 WARN: test_p1a_sqlite_hardening.py — mock_usage:import
2026-04-20T13:48:19.458743+00:00 SEV-2 WARN: test_p2f_db_engine.py — mock_usage:instantiation
2026-04-20T13:48:19.458744+00:00 SEV-2 WARN: test_p2f_db_engine.py — mock_usage:import
2026-04-20T13:48:19.458745+00:00 SEV-2 WARN: test_p3a_security.py — mock_usage:instantiation
2026-04-20T13:48:19.458746+00:00 SEV-2 WARN: test_p3a_security.py — mock_usage:import
2026-04-20T13:48:19.458746+00:00 SEV-2 WARN: test_parallel_orchestrator.py — mock_usage:import
2026-04-20T13:48:19.458747+00:00 SEV-2 WARN: test_persona_seed.py — mock_usage:instantiation
2026-04-20T13:48:19.458748+00:00 SEV-2 WARN: test_persona_seed.py — mock_usage:import
2026-04-20T13:48:19.458749+00:00 SEV-2 WARN: test_personaforge_client.py — mock_usage:instantiation
2026-04-20T13:48:19.458750+00:00 SEV-2 WARN: test_personaforge_client.py — mock_usage:import
2026-04-20T13:48:19.458750+00:00 SEV-2 WARN: test_pg_migration.py — silent_pass:test_pdf_download_name_contains_id
2026-04-20T13:48:19.458751+00:00 SEV-2 WARN: test_pg_migration.py — mock_usage:instantiation
2026-04-20T13:48:19.458752+00:00 SEV-2 WARN: test_phase6a_double_fallback.py — mock_usage:import
2026-04-20T13:48:19.458753+00:00 SEV-2 WARN: test_phase6b_retry.py — mock_usage:import
2026-04-20T13:48:19.458753+00:00 SEV-2 WARN: test_phase6c_caching.py — mock_usage:import
2026-04-20T13:48:19.458754+00:00 SEV-2 WARN: test_phase6d_skip_rag.py — mock_usage:import
2026-04-20T13:48:19.458755+00:00 SEV-2 WARN: test_phase_a_gap_classifier.py — mock_usage:import
2026-04-20T13:48:19.458756+00:00 SEV-2 WARN: test_phase_a_jd_parser.py — mock_usage:import
2026-04-20T13:48:19.458756+00:00 SEV-2 WARN: test_phase_a_normalizer.py — mock_usage:import
2026-04-20T13:48:19.458757+00:00 SEV-2 WARN: test_phase_b_hybrid_scorer.py — mock_usage:import
2026-04-20T13:48:19.458758+00:00 SEV-2 WARN: test_phase_c_claim_auditor.py — mock_usage:import
2026-04-20T13:48:19.458759+00:00 SEV-2 WARN: test_phase_c_claim_auditor_extended.py — mock_usage:import
2026-04-20T13:48:19.458759+00:00 SEV-2 WARN: test_phase_c_rewrite_planner.py — mock_usage:import
2026-04-20T13:48:19.458760+00:00 SEV-2 WARN: test_phase_c_rewrite_planner_extended.py — mock_usage:import
2026-04-20T13:48:19.458761+00:00 SEV-2 WARN: test_phase_d_item9_alignment_integration.py — mock_usage:import
2026-04-20T13:48:19.458762+00:00 SEV-2 WARN: test_phase_d_items10_11_audit_rewrite.py — mock_usage:import
2026-04-20T13:48:19.458763+00:00 SEV-2 WARN: test_phase_e_equiv_scoring.py — mock_usage:import
2026-04-20T13:48:19.458763+00:00 SEV-2 WARN: test_phase_e_keyword_routes.py — mock_usage:import
2026-04-20T13:48:19.458764+00:00 SEV-2 WARN: test_phase_e_match_endpoint.py — mock_usage:import
2026-04-20T13:48:19.458765+00:00 SEV-2 WARN: test_r2_low.py — mock_usage:instantiation
2026-04-20T13:48:19.458766+00:00 SEV-2 WARN: test_r2_low.py — mock_usage:import
2026-04-20T13:48:19.458767+00:00 SEV-2 WARN: test_r2_medium.py — mock_usage:instantiation
2026-04-20T13:48:19.458767+00:00 SEV-2 WARN: test_r2_medium.py — mock_usage:import
2026-04-20T13:48:19.458768+00:00 SEV-2 WARN: test_resume_effectiveness.py — mock_usage:instantiation
2026-04-20T13:48:19.458769+00:00 SEV-2 WARN: test_resume_effectiveness.py — mock_usage:import
2026-04-20T13:48:19.458770+00:00 SEV-2 WARN: test_semantic_scoring.py — mock_usage:import
2026-04-20T13:48:19.458771+00:00 SEV-2 WARN: test_w1_teaching_injection.py — mock_usage:import
2026-04-20T13:48:19.458771+00:00 SEV-2 WARN: test_w6_ai_journey_source.py — mock_usage:instantiation
2026-04-20T13:48:19.458772+00:00 SEV-2 WARN: test_w6_ai_journey_source.py — mock_usage:import
2026-04-20T13:48:20.533887+00:00 SEV-2 WARN: test_arango_context_injection.py — mock_usage:instantiation
2026-04-20T13:48:20.533891+00:00 SEV-2 WARN: test_arango_context_injection.py — mock_usage:import
2026-04-20T13:48:20.533892+00:00 SEV-2 WARN: test_artifact_generator_heuristic.py — mock_usage:import
2026-04-20T13:48:20.533893+00:00 SEV-2 WARN: test_artifact_generator_llm.py — mock_usage:instantiation
2026-04-20T13:48:20.533894+00:00 SEV-2 WARN: test_artifact_generator_llm.py — mock_usage:import
2026-04-20T13:48:20.533894+00:00 SEV-2 WARN: test_artifact_generator_orchestration.py — mock_usage:instantiation
2026-04-20T13:48:20.533895+00:00 SEV-2 WARN: test_artifact_generator_orchestration.py — mock_usage:import
2026-04-20T13:48:20.533896+00:00 SEV-2 WARN: test_claim_recording.py — mock_usage:instantiation
2026-04-20T13:48:20.533896+00:00 SEV-2 WARN: test_claim_recording.py — mock_usage:import
2026-04-20T13:48:20.533897+00:00 SEV-2 WARN: test_ct1_governance_outcomes.py — mock_usage:instantiation
2026-04-20T13:48:20.533898+00:00 SEV-2 WARN: test_ct1_governance_outcomes.py — mock_usage:import
2026-04-20T13:48:20.533899+00:00 SEV-2 WARN: test_ct4_arango_context_injection.py — mock_usage:import
2026-04-20T13:48:20.533899+00:00 SEV-2 WARN: test_ct5_cross_model_verifier.py — mock_usage:import
2026-04-20T13:48:20.533900+00:00 SEV-2 WARN: test_ct6_failure_teaching.py — mock_usage:import
2026-04-20T13:48:20.533901+00:00 SEV-2 WARN: test_ct9_interview_effectiveness.py — mock_usage:import
2026-04-20T13:48:20.533901+00:00 SEV-2 WARN: test_deep_profile_staleness.py — silent_pass:test_status_200_has_required_fields
2026-04-20T13:48:20.533902+00:00 SEV-2 WARN: test_deep_profile_staleness.py — mock_usage:import
2026-04-20T13:48:20.533903+00:00 SEV-2 WARN: test_enforcement.py — mock_usage:import
2026-04-20T13:48:20.533904+00:00 SEV-2 WARN: test_feedback_loop.py — silent_pass:test_correlations_200_has_required_fields
2026-04-20T13:48:20.533905+00:00 SEV-2 WARN: test_feedback_loop.py — silent_pass:test_feedback_summary_200_has_counts
2026-04-20T13:48:20.533906+00:00 SEV-2 WARN: test_feedback_loop.py — mock_usage:instantiation
2026-04-20T13:48:20.533907+00:00 SEV-2 WARN: test_feedback_loop.py — mock_usage:import
2026-04-20T13:48:20.533907+00:00 SEV-2 WARN: test_graph_traceability.py — silent_pass:test_coverage_200_has_required_fields
2026-04-20T13:48:20.533908+00:00 SEV-2 WARN: test_graph_traceability.py — silent_pass:test_coverage_pct_between_0_and_100
2026-04-20T13:48:20.533909+00:00 SEV-2 WARN: test_graph_traceability.py — mock_usage:instantiation
2026-04-20T13:48:20.533909+00:00 SEV-2 WARN: test_graph_traceability.py — mock_usage:import
2026-04-20T13:48:20.533910+00:00 SEV-2 WARN: test_interview_pf_gating.py — mock_usage:import
2026-04-20T13:48:20.533911+00:00 SEV-2 WARN: test_journey_phase1_phase3_integration.py — mock_usage:import
2026-04-20T13:48:20.533911+00:00 SEV-2 WARN: test_journey_phase1_watermarks.py — mock_usage:import
2026-04-20T13:48:20.533912+00:00 SEV-2 WARN: test_linkedin_narrative_regen.py — mock_usage:import
2026-04-20T13:48:20.533913+00:00 SEV-2 WARN: test_ml_feedback_loop.py — mock_usage:instantiation
2026-04-20T13:48:20.533914+00:00 SEV-2 WARN: test_ml_feedback_loop.py — mock_usage:import
2026-04-20T13:48:20.533914+00:00 SEV-2 WARN: test_option_c1_audit_table.py — mock_usage:import
2026-04-20T13:48:20.533915+00:00 SEV-2 WARN: test_option_c4_operation_logging.py — mock_usage:instantiation
2026-04-20T13:48:20.533916+00:00 SEV-2 WARN: test_option_c4_operation_logging.py — mock_usage:import
2026-04-20T13:48:20.533917+00:00 SEV-2 WARN: test_p0b_ftal_integration.py — mock_usage:instantiation
2026-04-20T13:48:20.533917+00:00 SEV-2 WARN: test_p0b_ftal_integration.py — mock_usage:import
2026-04-20T13:48:20.533918+00:00 SEV-2 WARN: test_p1a_sqlite_hardening.py — mock_usage:import
2026-04-20T13:48:20.533919+00:00 SEV-2 WARN: test_p2f_db_engine.py — mock_usage:instantiation
2026-04-20T13:48:20.533919+00:00 SEV-2 WARN: test_p2f_db_engine.py — mock_usage:import
2026-04-20T13:48:20.533920+00:00 SEV-2 WARN: test_p3a_security.py — mock_usage:instantiation
2026-04-20T13:48:20.533921+00:00 SEV-2 WARN: test_p3a_security.py — mock_usage:import
2026-04-20T13:48:20.533921+00:00 SEV-2 WARN: test_parallel_orchestrator.py — mock_usage:import
2026-04-20T13:48:20.533922+00:00 SEV-2 WARN: test_persona_seed.py — mock_usage:instantiation
2026-04-20T13:48:20.533923+00:00 SEV-2 WARN: test_persona_seed.py — mock_usage:import
2026-04-20T13:48:20.533923+00:00 SEV-2 WARN: test_personaforge_client.py — mock_usage:instantiation
2026-04-20T13:48:20.533924+00:00 SEV-2 WARN: test_personaforge_client.py — mock_usage:import
2026-04-20T13:48:20.533925+00:00 SEV-2 WARN: test_pg_migration.py — silent_pass:test_pdf_download_name_contains_id
2026-04-20T13:48:20.533925+00:00 SEV-2 WARN: test_pg_migration.py — mock_usage:instantiation
2026-04-20T13:48:20.533926+00:00 SEV-2 WARN: test_phase6a_double_fallback.py — mock_usage:import
2026-04-20T13:48:20.533927+00:00 SEV-2 WARN: test_phase6b_retry.py — mock_usage:import
2026-04-20T13:48:20.533927+00:00 SEV-2 WARN: test_phase6c_caching.py — mock_usage:import
2026-04-20T13:48:20.533928+00:00 SEV-2 WARN: test_phase6d_skip_rag.py — mock_usage:import
2026-04-20T13:48:20.533929+00:00 SEV-2 WARN: test_phase_a_gap_classifier.py — mock_usage:import
2026-04-20T13:48:20.533929+00:00 SEV-2 WARN: test_phase_a_jd_parser.py — mock_usage:import
2026-04-20T13:48:20.533930+00:00 SEV-2 WARN: test_phase_a_normalizer.py — mock_usage:import
2026-04-20T13:48:20.533931+00:00 SEV-2 WARN: test_phase_b_hybrid_scorer.py — mock_usage:import
2026-04-20T13:48:20.533931+00:00 SEV-2 WARN: test_phase_c_claim_auditor.py — mock_usage:import
2026-04-20T13:48:20.533932+00:00 SEV-2 WARN: test_phase_c_claim_auditor_extended.py — mock_usage:import
2026-04-20T13:48:20.533933+00:00 SEV-2 WARN: test_phase_c_rewrite_planner.py — mock_usage:import
2026-04-20T13:48:20.533934+00:00 SEV-2 WARN: test_phase_c_rewrite_planner_extended.py — mock_usage:import
2026-04-20T13:48:20.533934+00:00 SEV-2 WARN: test_phase_d_item9_alignment_integration.py — mock_usage:import
2026-04-20T13:48:20.533935+00:00 SEV-2 WARN: test_phase_d_items10_11_audit_rewrite.py — mock_usage:import
2026-04-20T13:48:20.533936+00:00 SEV-2 WARN: test_phase_e_equiv_scoring.py — mock_usage:import
2026-04-20T13:48:20.533936+00:00 SEV-2 WARN: test_phase_e_keyword_routes.py — mock_usage:import
2026-04-20T13:48:20.533937+00:00 SEV-2 WARN: test_phase_e_match_endpoint.py — mock_usage:import
2026-04-20T13:48:20.533938+00:00 SEV-2 WARN: test_r2_low.py — mock_usage:instantiation
2026-04-20T13:48:20.533939+00:00 SEV-2 WARN: test_r2_low.py — mock_usage:import
2026-04-20T13:48:20.533939+00:00 SEV-2 WARN: test_r2_medium.py — mock_usage:instantiation
2026-04-20T13:48:20.533940+00:00 SEV-2 WARN: test_r2_medium.py — mock_usage:import
2026-04-20T13:48:20.533941+00:00 SEV-2 WARN: test_resume_effectiveness.py — mock_usage:instantiation
2026-04-20T13:48:20.533941+00:00 SEV-2 WARN: test_resume_effectiveness.py — mock_usage:import
2026-04-20T13:48:20.533942+00:00 SEV-2 WARN: test_semantic_scoring.py — mock_usage:import
2026-04-20T13:48:20.533943+00:00 SEV-2 WARN: test_w1_teaching_injection.py — mock_usage:import
2026-04-20T13:48:20.533943+00:00 SEV-2 WARN: test_w6_ai_journey_source.py — mock_usage:instantiation
2026-04-20T13:48:20.533944+00:00 SEV-2 WARN: test_w6_ai_journey_source.py — mock_usage:import
2026-04-20T13:48:22.573170+00:00 SEV-2 WARN: test_arango_context_injection.py — mock_usage:instantiation
2026-04-20T13:48:22.573174+00:00 SEV-2 WARN: test_arango_context_injection.py — mock_usage:import
2026-04-20T13:48:22.573175+00:00 SEV-2 WARN: test_artifact_generator_heuristic.py — mock_usage:import
2026-04-20T13:48:22.573176+00:00 SEV-2 WARN: test_artifact_generator_llm.py — mock_usage:instantiation
2026-04-20T13:48:22.573176+00:00 SEV-2 WARN: test_artifact_generator_llm.py — mock_usage:import
2026-04-20T13:48:22.573177+00:00 SEV-2 WARN: test_artifact_generator_orchestration.py — mock_usage:instantiation
2026-04-20T13:48:22.573178+00:00 SEV-2 WARN: test_artifact_generator_orchestration.py — mock_usage:import
2026-04-20T13:48:22.573179+00:00 SEV-2 WARN: test_claim_recording.py — mock_usage:instantiation
2026-04-20T13:48:22.573180+00:00 SEV-2 WARN: test_claim_recording.py — mock_usage:import
2026-04-20T13:48:22.573180+00:00 SEV-2 WARN: test_ct1_governance_outcomes.py — mock_usage:instantiation
2026-04-20T13:48:22.573181+00:00 SEV-2 WARN: test_ct1_governance_outcomes.py — mock_usage:import
2026-04-20T13:48:22.573182+00:00 SEV-2 WARN: test_ct4_arango_context_injection.py — mock_usage:import
2026-04-20T13:48:22.573183+00:00 SEV-2 WARN: test_ct5_cross_model_verifier.py — mock_usage:import
2026-04-20T13:48:22.573183+00:00 SEV-2 WARN: test_ct6_failure_teaching.py — mock_usage:import
2026-04-20T13:48:22.573184+00:00 SEV-2 WARN: test_ct9_interview_effectiveness.py — mock_usage:import
2026-04-20T13:48:22.573185+00:00 SEV-2 WARN: test_deep_profile_staleness.py — silent_pass:test_status_200_has_required_fields
2026-04-20T13:48:22.573185+00:00 SEV-2 WARN: test_deep_profile_staleness.py — mock_usage:import
2026-04-20T13:48:22.573186+00:00 SEV-2 WARN: test_enforcement.py — mock_usage:import
2026-04-20T13:48:22.573187+00:00 SEV-2 WARN: test_feedback_loop.py — silent_pass:test_correlations_200_has_required_fields
2026-04-20T13:48:22.573187+00:00 SEV-2 WARN: test_feedback_loop.py — silent_pass:test_feedback_summary_200_has_counts
2026-04-20T13:48:22.573188+00:00 SEV-2 WARN: test_feedback_loop.py — mock_usage:instantiation
2026-04-20T13:48:22.573189+00:00 SEV-2 WARN: test_feedback_loop.py — mock_usage:import
2026-04-20T13:48:22.573189+00:00 SEV-2 WARN: test_graph_traceability.py — silent_pass:test_coverage_200_has_required_fields
2026-04-20T13:48:22.573190+00:00 SEV-2 WARN: test_graph_traceability.py — silent_pass:test_coverage_pct_between_0_and_100
2026-04-20T13:48:22.573191+00:00 SEV-2 WARN: test_graph_traceability.py — mock_usage:instantiation
2026-04-20T13:48:22.573191+00:00 SEV-2 WARN: test_graph_traceability.py — mock_usage:import
2026-04-20T13:48:22.573192+00:00 SEV-2 WARN: test_interview_pf_gating.py — mock_usage:import
2026-04-20T13:48:22.573193+00:00 SEV-2 WARN: test_journey_phase1_phase3_integration.py — mock_usage:import
2026-04-20T13:48:22.573193+00:00 SEV-2 WARN: test_journey_phase1_watermarks.py — mock_usage:import
2026-04-20T13:48:22.573194+00:00 SEV-2 WARN: test_linkedin_narrative_regen.py — mock_usage:import
2026-04-20T13:48:22.573195+00:00 SEV-2 WARN: test_ml_feedback_loop.py — mock_usage:instantiation
2026-04-20T13:48:22.573195+00:00 SEV-2 WARN: test_ml_feedback_loop.py — mock_usage:import
2026-04-20T13:48:22.573196+00:00 SEV-2 WARN: test_option_c1_audit_table.py — mock_usage:import
2026-04-20T13:48:22.573197+00:00 SEV-2 WARN: test_option_c4_operation_logging.py — mock_usage:instantiation
2026-04-20T13:48:22.573197+00:00 SEV-2 WARN: test_option_c4_operation_logging.py — mock_usage:import
2026-04-20T13:48:22.573198+00:00 SEV-2 WARN: test_p0b_ftal_integration.py — mock_usage:instantiation
2026-04-20T13:48:22.573199+00:00 SEV-2 WARN: test_p0b_ftal_integration.py — mock_usage:import
2026-04-20T13:48:22.573199+00:00 SEV-2 WARN: test_p1a_sqlite_hardening.py — mock_usage:import
2026-04-20T13:48:22.573200+00:00 SEV-2 WARN: test_p2f_db_engine.py — mock_usage:instantiation
2026-04-20T13:48:22.573201+00:00 SEV-2 WARN: test_p2f_db_engine.py — mock_usage:import
2026-04-20T13:48:22.573201+00:00 SEV-2 WARN: test_p3a_security.py — mock_usage:instantiation
2026-04-20T13:48:22.573202+00:00 SEV-2 WARN: test_p3a_security.py — mock_usage:import
2026-04-20T13:48:22.573203+00:00 SEV-2 WARN: test_parallel_orchestrator.py — mock_usage:import
2026-04-20T13:48:22.573203+00:00 SEV-2 WARN: test_persona_seed.py — mock_usage:instantiation
2026-04-20T13:48:22.573204+00:00 SEV-2 WARN: test_persona_seed.py — mock_usage:import
2026-04-20T13:48:22.573205+00:00 SEV-2 WARN: test_personaforge_client.py — mock_usage:instantiation
2026-04-20T13:48:22.573205+00:00 SEV-2 WARN: test_personaforge_client.py — mock_usage:import
2026-04-20T13:48:22.573206+00:00 SEV-2 WARN: test_pg_migration.py — silent_pass:test_pdf_download_name_contains_id
2026-04-20T13:48:22.573207+00:00 SEV-2 WARN: test_pg_migration.py — mock_usage:instantiation
2026-04-20T13:48:22.573207+00:00 SEV-2 WARN: test_phase6a_double_fallback.py — mock_usage:import
2026-04-20T13:48:22.573208+00:00 SEV-2 WARN: test_phase6b_retry.py — mock_usage:import
2026-04-20T13:48:22.573209+00:00 SEV-2 WARN: test_phase6c_caching.py — mock_usage:import
2026-04-20T13:48:22.573209+00:00 SEV-2 WARN: test_phase6d_skip_rag.py — mock_usage:import
2026-04-20T13:48:22.573210+00:00 SEV-2 WARN: test_phase_a_gap_classifier.py — mock_usage:import
2026-04-20T13:48:22.573211+00:00 SEV-2 WARN: test_phase_a_jd_parser.py — mock_usage:import
2026-04-20T13:48:22.573211+00:00 SEV-2 WARN: test_phase_a_normalizer.py — mock_usage:import
2026-04-20T13:48:22.573212+00:00 SEV-2 WARN: test_phase_b_hybrid_scorer.py — mock_usage:import
2026-04-20T13:48:22.573213+00:00 SEV-2 WARN: test_phase_c_claim_auditor.py — mock_usage:import
2026-04-20T13:48:22.573213+00:00 SEV-2 WARN: test_phase_c_claim_auditor_extended.py — mock_usage:import
2026-04-20T13:48:22.573214+00:00 SEV-2 WARN: test_phase_c_rewrite_planner.py — mock_usage:import
2026-04-20T13:48:22.573215+00:00 SEV-2 WARN: test_phase_c_rewrite_planner_extended.py — mock_usage:import
2026-04-20T13:48:22.573215+00:00 SEV-2 WARN: test_phase_d_item9_alignment_integration.py — mock_usage:import
2026-04-20T13:48:22.573216+00:00 SEV-2 WARN: test_phase_d_items10_11_audit_rewrite.py — mock_usage:import
2026-04-20T13:48:22.573217+00:00 SEV-2 WARN: test_phase_e_equiv_scoring.py — mock_usage:import
2026-04-20T13:48:22.573217+00:00 SEV-2 WARN: test_phase_e_keyword_routes.py — mock_usage:import
2026-04-20T13:48:22.573218+00:00 SEV-2 WARN: test_phase_e_match_endpoint.py — mock_usage:import
2026-04-20T13:48:22.573219+00:00 SEV-2 WARN: test_r2_low.py — mock_usage:instantiation
2026-04-20T13:48:22.573220+00:00 SEV-2 WARN: test_r2_low.py — mock_usage:import
2026-04-20T13:48:22.573220+00:00 SEV-2 WARN: test_r2_medium.py — mock_usage:instantiation
2026-04-20T13:48:22.573221+00:00 SEV-2 WARN: test_r2_medium.py — mock_usage:import
2026-04-20T13:48:22.573221+00:00 SEV-2 WARN: test_resume_effectiveness.py — mock_usage:instantiation
2026-04-20T13:48:22.573222+00:00 SEV-2 WARN: test_resume_effectiveness.py — mock_usage:import
2026-04-20T13:48:22.573223+00:00 SEV-2 WARN: test_semantic_scoring.py — mock_usage:import
2026-04-20T13:48:22.573223+00:00 SEV-2 WARN: test_w1_teaching_injection.py — mock_usage:import
2026-04-20T13:48:22.573224+00:00 SEV-2 WARN: test_w6_ai_journey_source.py — mock_usage:instantiation
2026-04-20T13:48:22.573225+00:00 SEV-2 WARN: test_w6_ai_journey_source.py — mock_usage:import
2026-04-20T15:30:40.470624+00:00 SEV-2 WARN: test_arango_context_injection.py — mock_usage:instantiation
2026-04-20T15:30:40.470628+00:00 SEV-2 WARN: test_arango_context_injection.py — mock_usage:import
2026-04-20T15:30:40.470630+00:00 SEV-2 WARN: test_artifact_generator_heuristic.py — mock_usage:import
2026-04-20T15:30:40.470631+00:00 SEV-2 WARN: test_artifact_generator_llm.py — mock_usage:instantiation
2026-04-20T15:30:40.470632+00:00 SEV-2 WARN: test_artifact_generator_llm.py — mock_usage:import
2026-04-20T15:30:40.470633+00:00 SEV-2 WARN: test_artifact_generator_orchestration.py — mock_usage:instantiation
2026-04-20T15:30:40.470634+00:00 SEV-2 WARN: test_artifact_generator_orchestration.py — mock_usage:import
2026-04-20T15:30:40.470635+00:00 SEV-2 WARN: test_claim_recording.py — mock_usage:instantiation
2026-04-20T15:30:40.470636+00:00 SEV-2 WARN: test_claim_recording.py — mock_usage:import
2026-04-20T15:30:40.470637+00:00 SEV-2 WARN: test_ct1_governance_outcomes.py — mock_usage:instantiation
2026-04-20T15:30:40.470638+00:00 SEV-2 WARN: test_ct1_governance_outcomes.py — mock_usage:import
2026-04-20T15:30:40.470639+00:00 SEV-2 WARN: test_ct4_arango_context_injection.py — mock_usage:import
2026-04-20T15:30:40.470640+00:00 SEV-2 WARN: test_ct5_cross_model_verifier.py — mock_usage:import
2026-04-20T15:30:40.470641+00:00 SEV-2 WARN: test_ct6_failure_teaching.py — mock_usage:import
2026-04-20T15:30:40.470642+00:00 SEV-2 WARN: test_ct9_interview_effectiveness.py — mock_usage:import
2026-04-20T15:30:40.470643+00:00 SEV-2 WARN: test_deep_profile_staleness.py — silent_pass:test_status_200_has_required_fields
2026-04-20T15:30:40.470644+00:00 SEV-2 WARN: test_deep_profile_staleness.py — mock_usage:import
2026-04-20T15:30:40.470645+00:00 SEV-2 WARN: test_enforcement.py — mock_usage:import
2026-04-20T15:30:40.470646+00:00 SEV-2 WARN: test_feedback_loop.py — silent_pass:test_correlations_200_has_required_fields
2026-04-20T15:30:40.470647+00:00 SEV-2 WARN: test_feedback_loop.py — silent_pass:test_feedback_summary_200_has_counts
2026-04-20T15:30:40.470648+00:00 SEV-2 WARN: test_feedback_loop.py — mock_usage:instantiation
2026-04-20T15:30:40.470649+00:00 SEV-2 WARN: test_feedback_loop.py — mock_usage:import
2026-04-20T15:30:40.470650+00:00 SEV-2 WARN: test_graph_traceability.py — silent_pass:test_coverage_200_has_required_fields
2026-04-20T15:30:40.470651+00:00 SEV-2 WARN: test_graph_traceability.py — silent_pass:test_coverage_pct_between_0_and_100
2026-04-20T15:30:40.470652+00:00 SEV-2 WARN: test_graph_traceability.py — mock_usage:instantiation
2026-04-20T15:30:40.470653+00:00 SEV-2 WARN: test_graph_traceability.py — mock_usage:import
2026-04-20T15:30:40.470653+00:00 SEV-2 WARN: test_interview_pf_gating.py — mock_usage:import
2026-04-20T15:30:40.470654+00:00 SEV-2 WARN: test_journey_phase1_phase3_integration.py — mock_usage:import
2026-04-20T15:30:40.470655+00:00 SEV-2 WARN: test_journey_phase1_watermarks.py — mock_usage:import
2026-04-20T15:30:40.470656+00:00 SEV-2 WARN: test_linkedin_narrative_regen.py — mock_usage:import
2026-04-20T15:30:40.470657+00:00 SEV-2 WARN: test_ml_feedback_loop.py — mock_usage:instantiation
2026-04-20T15:30:40.470658+00:00 SEV-2 WARN: test_ml_feedback_loop.py — mock_usage:import
2026-04-20T15:30:40.470659+00:00 SEV-2 WARN: test_option_c1_audit_table.py — mock_usage:import
2026-04-20T15:30:40.470660+00:00 SEV-2 WARN: test_option_c4_operation_logging.py — mock_usage:instantiation
2026-04-20T15:30:40.470660+00:00 SEV-2 WARN: test_option_c4_operation_logging.py — mock_usage:import
2026-04-20T15:30:40.470661+00:00 SEV-2 WARN: test_p0b_ftal_integration.py — mock_usage:instantiation
2026-04-20T15:30:40.470662+00:00 SEV-2 WARN: test_p0b_ftal_integration.py — mock_usage:import
2026-04-20T15:30:40.470663+00:00 SEV-2 WARN: test_p1a_sqlite_hardening.py — mock_usage:import
2026-04-20T15:30:40.470664+00:00 SEV-2 WARN: test_p2f_db_engine.py — mock_usage:instantiation
2026-04-20T15:30:40.470665+00:00 SEV-2 WARN: test_p2f_db_engine.py — mock_usage:import
2026-04-20T15:30:40.470666+00:00 SEV-2 WARN: test_p3a_security.py — mock_usage:instantiation
2026-04-20T15:30:40.470666+00:00 SEV-2 WARN: test_p3a_security.py — mock_usage:import
2026-04-20T15:30:40.470667+00:00 SEV-2 WARN: test_parallel_orchestrator.py — mock_usage:import
2026-04-20T15:30:40.470668+00:00 SEV-2 WARN: test_persona_seed.py — mock_usage:instantiation
2026-04-20T15:30:40.470669+00:00 SEV-2 WARN: test_persona_seed.py — mock_usage:import
2026-04-20T15:30:40.470670+00:00 SEV-2 WARN: test_personaforge_client.py — mock_usage:instantiation
2026-04-20T15:30:40.470671+00:00 SEV-2 WARN: test_personaforge_client.py — mock_usage:import
2026-04-20T15:30:40.470672+00:00 SEV-2 WARN: test_pg_migration.py — silent_pass:test_pdf_download_name_contains_id
2026-04-20T15:30:40.470673+00:00 SEV-2 WARN: test_pg_migration.py — mock_usage:instantiation
2026-04-20T15:30:40.470674+00:00 SEV-2 WARN: test_phase6a_double_fallback.py — mock_usage:import
2026-04-20T15:30:40.470675+00:00 SEV-2 WARN: test_phase6b_retry.py — mock_usage:import
2026-04-20T15:30:40.470676+00:00 SEV-2 WARN: test_phase6c_caching.py — mock_usage:import
2026-04-20T15:30:40.470677+00:00 SEV-2 WARN: test_phase6d_skip_rag.py — mock_usage:import
2026-04-20T15:30:40.470677+00:00 SEV-2 WARN: test_phase_a_gap_classifier.py — mock_usage:import
2026-04-20T15:30:40.470678+00:00 SEV-2 WARN: test_phase_a_jd_parser.py — mock_usage:import
2026-04-20T15:30:40.470679+00:00 SEV-2 WARN: test_phase_a_normalizer.py — mock_usage:import
2026-04-20T15:30:40.470680+00:00 SEV-2 WARN: test_phase_b_hybrid_scorer.py — mock_usage:import
2026-04-20T15:30:40.470681+00:00 SEV-2 WARN: test_phase_c_claim_auditor.py — mock_usage:import
2026-04-20T15:30:40.470682+00:00 SEV-2 WARN: test_phase_c_claim_auditor_extended.py — mock_usage:import
2026-04-20T15:30:40.470683+00:00 SEV-2 WARN: test_phase_c_rewrite_planner.py — mock_usage:import
2026-04-20T15:30:40.470683+00:00 SEV-2 WARN: test_phase_c_rewrite_planner_extended.py — mock_usage:import
2026-04-20T15:30:40.470684+00:00 SEV-2 WARN: test_phase_d_item9_alignment_integration.py — mock_usage:import
2026-04-20T15:30:40.470685+00:00 SEV-2 WARN: test_phase_d_items10_11_audit_rewrite.py — mock_usage:import
2026-04-20T15:30:40.470686+00:00 SEV-2 WARN: test_phase_e_equiv_scoring.py — mock_usage:import
2026-04-20T15:30:40.470687+00:00 SEV-2 WARN: test_phase_e_keyword_routes.py — mock_usage:import
2026-04-20T15:30:40.470688+00:00 SEV-2 WARN: test_phase_e_match_endpoint.py — mock_usage:import
2026-04-20T15:30:40.470689+00:00 SEV-2 WARN: test_r2_low.py — mock_usage:instantiation
2026-04-20T15:30:40.470690+00:00 SEV-2 WARN: test_r2_low.py — mock_usage:import
2026-04-20T15:30:40.470690+00:00 SEV-2 WARN: test_r2_medium.py — mock_usage:instantiation
2026-04-20T15:30:40.470691+00:00 SEV-2 WARN: test_r2_medium.py — mock_usage:import
2026-04-20T15:30:40.470692+00:00 SEV-2 WARN: test_resume_effectiveness.py — mock_usage:instantiation
2026-04-20T15:30:40.470693+00:00 SEV-2 WARN: test_resume_effectiveness.py — mock_usage:import
2026-04-20T15:30:40.470694+00:00 SEV-2 WARN: test_semantic_scoring.py — mock_usage:import
2026-04-20T15:30:40.470695+00:00 SEV-2 WARN: test_w1_teaching_injection.py — mock_usage:import
2026-04-20T15:30:40.470696+00:00 SEV-2 WARN: test_w6_ai_journey_source.py — mock_usage:instantiation
2026-04-20T15:30:40.470696+00:00 SEV-2 WARN: test_w6_ai_journey_source.py — mock_usage:import
2026-04-20T15:30:41.561662+00:00 SEV-2 WARN: test_arango_context_injection.py — mock_usage:instantiation
2026-04-20T15:30:41.561666+00:00 SEV-2 WARN: test_arango_context_injection.py — mock_usage:import
2026-04-20T15:30:41.561668+00:00 SEV-2 WARN: test_artifact_generator_heuristic.py — mock_usage:import
2026-04-20T15:30:41.561669+00:00 SEV-2 WARN: test_artifact_generator_llm.py — mock_usage:instantiation
2026-04-20T15:30:41.561670+00:00 SEV-2 WARN: test_artifact_generator_llm.py — mock_usage:import
2026-04-20T15:30:41.561671+00:00 SEV-2 WARN: test_artifact_generator_orchestration.py — mock_usage:instantiation
2026-04-20T15:30:41.561672+00:00 SEV-2 WARN: test_artifact_generator_orchestration.py — mock_usage:import
2026-04-20T15:30:41.561673+00:00 SEV-2 WARN: test_claim_recording.py — mock_usage:instantiation
2026-04-20T15:30:41.561673+00:00 SEV-2 WARN: test_claim_recording.py — mock_usage:import
2026-04-20T15:30:41.561674+00:00 SEV-2 WARN: test_ct1_governance_outcomes.py — mock_usage:instantiation
2026-04-20T15:30:41.561675+00:00 SEV-2 WARN: test_ct1_governance_outcomes.py — mock_usage:import
2026-04-20T15:30:41.561676+00:00 SEV-2 WARN: test_ct4_arango_context_injection.py — mock_usage:import
2026-04-20T15:30:41.561677+00:00 SEV-2 WARN: test_ct5_cross_model_verifier.py — mock_usage:import
2026-04-20T15:30:41.561678+00:00 SEV-2 WARN: test_ct6_failure_teaching.py — mock_usage:import
2026-04-20T15:30:41.561679+00:00 SEV-2 WARN: test_ct9_interview_effectiveness.py — mock_usage:import
2026-04-20T15:30:41.561680+00:00 SEV-2 WARN: test_deep_profile_staleness.py — silent_pass:test_status_200_has_required_fields
2026-04-20T15:30:41.561681+00:00 SEV-2 WARN: test_deep_profile_staleness.py — mock_usage:import
2026-04-20T15:30:41.561682+00:00 SEV-2 WARN: test_enforcement.py — mock_usage:import
2026-04-20T15:30:41.561683+00:00 SEV-2 WARN: test_feedback_loop.py — silent_pass:test_correlations_200_has_required_fields
2026-04-20T15:30:41.561684+00:00 SEV-2 WARN: test_feedback_loop.py — silent_pass:test_feedback_summary_200_has_counts
2026-04-20T15:30:41.561685+00:00 SEV-2 WARN: test_feedback_loop.py — mock_usage:instantiation
2026-04-20T15:30:41.561686+00:00 SEV-2 WARN: test_feedback_loop.py — mock_usage:import
2026-04-20T15:30:41.561687+00:00 SEV-2 WARN: test_graph_traceability.py — silent_pass:test_coverage_200_has_required_fields
2026-04-20T15:30:41.561688+00:00 SEV-2 WARN: test_graph_traceability.py — silent_pass:test_coverage_pct_between_0_and_100
2026-04-20T15:30:41.561689+00:00 SEV-2 WARN: test_graph_traceability.py — mock_usage:instantiation
2026-04-20T15:30:41.561690+00:00 SEV-2 WARN: test_graph_traceability.py — mock_usage:import
2026-04-20T15:30:41.561691+00:00 SEV-2 WARN: test_interview_pf_gating.py — mock_usage:import
2026-04-20T15:30:41.561692+00:00 SEV-2 WARN: test_journey_phase1_phase3_integration.py — mock_usage:import
2026-04-20T15:30:41.561693+00:00 SEV-2 WARN: test_journey_phase1_watermarks.py — mock_usage:import
2026-04-20T15:30:41.561694+00:00 SEV-2 WARN: test_linkedin_narrative_regen.py — mock_usage:import
2026-04-20T15:30:41.561695+00:00 SEV-2 WARN: test_ml_feedback_loop.py — mock_usage:instantiation
2026-04-20T15:30:41.561696+00:00 SEV-2 WARN: test_ml_feedback_loop.py — mock_usage:import
2026-04-20T15:30:41.561697+00:00 SEV-2 WARN: test_option_c1_audit_table.py — mock_usage:import
2026-04-20T15:30:41.561698+00:00 SEV-2 WARN: test_option_c4_operation_logging.py — mock_usage:instantiation
2026-04-20T15:30:41.561698+00:00 SEV-2 WARN: test_option_c4_operation_logging.py — mock_usage:import
2026-04-20T15:30:41.561699+00:00 SEV-2 WARN: test_p0b_ftal_integration.py — mock_usage:instantiation
2026-04-20T15:30:41.561700+00:00 SEV-2 WARN: test_p0b_ftal_integration.py — mock_usage:import
2026-04-20T15:30:41.561701+00:00 SEV-2 WARN: test_p1a_sqlite_hardening.py — mock_usage:import
2026-04-20T15:30:41.561702+00:00 SEV-2 WARN: test_p2f_db_engine.py — mock_usage:instantiation
2026-04-20T15:30:41.561703+00:00 SEV-2 WARN: test_p2f_db_engine.py — mock_usage:import
2026-04-20T15:30:41.561704+00:00 SEV-2 WARN: test_p3a_security.py — mock_usage:instantiation
2026-04-20T15:30:41.561705+00:00 SEV-2 WARN: test_p3a_security.py — mock_usage:import
2026-04-20T15:30:41.561706+00:00 SEV-2 WARN: test_parallel_orchestrator.py — mock_usage:import
2026-04-20T15:30:41.561707+00:00 SEV-2 WARN: test_persona_seed.py — mock_usage:instantiation
2026-04-20T15:30:41.561708+00:00 SEV-2 WARN: test_persona_seed.py — mock_usage:import
2026-04-20T15:30:41.561709+00:00 SEV-2 WARN: test_personaforge_client.py — mock_usage:instantiation
2026-04-20T15:30:41.561710+00:00 SEV-2 WARN: test_personaforge_client.py — mock_usage:import
2026-04-20T15:30:41.561711+00:00 SEV-2 WARN: test_pg_migration.py — silent_pass:test_pdf_download_name_contains_id
2026-04-20T15:30:41.561712+00:00 SEV-2 WARN: test_pg_migration.py — mock_usage:instantiation
2026-04-20T15:30:41.561713+00:00 SEV-2 WARN: test_phase6a_double_fallback.py — mock_usage:import
2026-04-20T15:30:41.561713+00:00 SEV-2 WARN: test_phase6b_retry.py — mock_usage:import
2026-04-20T15:30:41.561714+00:00 SEV-2 WARN: test_phase6c_caching.py — mock_usage:import
2026-04-20T15:30:41.561715+00:00 SEV-2 WARN: test_phase6d_skip_rag.py — mock_usage:import
2026-04-20T15:30:41.561716+00:00 SEV-2 WARN: test_phase_a_gap_classifier.py — mock_usage:import
2026-04-20T15:30:41.561717+00:00 SEV-2 WARN: test_phase_a_jd_parser.py — mock_usage:import
2026-04-20T15:30:41.561718+00:00 SEV-2 WARN: test_phase_a_normalizer.py — mock_usage:import
2026-04-20T15:30:41.561719+00:00 SEV-2 WARN: test_phase_b_hybrid_scorer.py — mock_usage:import
2026-04-20T15:30:41.561720+00:00 SEV-2 WARN: test_phase_c_claim_auditor.py — mock_usage:import
2026-04-20T15:30:41.561721+00:00 SEV-2 WARN: test_phase_c_claim_auditor_extended.py — mock_usage:import
2026-04-20T15:30:41.561722+00:00 SEV-2 WARN: test_phase_c_rewrite_planner.py — mock_usage:import
2026-04-20T15:30:41.561722+00:00 SEV-2 WARN: test_phase_c_rewrite_planner_extended.py — mock_usage:import
2026-04-20T15:30:41.561723+00:00 SEV-2 WARN: test_phase_d_item9_alignment_integration.py — mock_usage:import
2026-04-20T15:30:41.561724+00:00 SEV-2 WARN: test_phase_d_items10_11_audit_rewrite.py — mock_usage:import
2026-04-20T15:30:41.561725+00:00 SEV-2 WARN: test_phase_e_equiv_scoring.py — mock_usage:import
2026-04-20T15:30:41.561726+00:00 SEV-2 WARN: test_phase_e_keyword_routes.py — mock_usage:import
2026-04-20T15:30:41.561727+00:00 SEV-2 WARN: test_phase_e_match_endpoint.py — mock_usage:import
2026-04-20T15:30:41.561728+00:00 SEV-2 WARN: test_r2_low.py — mock_usage:instantiation
2026-04-20T15:30:41.561729+00:00 SEV-2 WARN: test_r2_low.py — mock_usage:import
2026-04-20T15:30:41.561730+00:00 SEV-2 WARN: test_r2_medium.py — mock_usage:instantiation
2026-04-20T15:30:41.561730+00:00 SEV-2 WARN: test_r2_medium.py — mock_usage:import
2026-04-20T15:30:41.561731+00:00 SEV-2 WARN: test_resume_effectiveness.py — mock_usage:instantiation
2026-04-20T15:30:41.561732+00:00 SEV-2 WARN: test_resume_effectiveness.py — mock_usage:import
2026-04-20T15:30:41.561733+00:00 SEV-2 WARN: test_semantic_scoring.py — mock_usage:import
2026-04-20T15:30:41.561734+00:00 SEV-2 WARN: test_w1_teaching_injection.py — mock_usage:import
2026-04-20T15:30:41.561735+00:00 SEV-2 WARN: test_w6_ai_journey_source.py — mock_usage:instantiation
2026-04-20T15:30:41.561736+00:00 SEV-2 WARN: test_w6_ai_journey_source.py — mock_usage:import
2026-04-20T15:30:42.655841+00:00 SEV-2 WARN: test_arango_context_injection.py — mock_usage:instantiation
2026-04-20T15:30:42.655845+00:00 SEV-2 WARN: test_arango_context_injection.py — mock_usage:import
2026-04-20T15:30:42.655846+00:00 SEV-2 WARN: test_artifact_generator_heuristic.py — mock_usage:import
2026-04-20T15:30:42.655847+00:00 SEV-2 WARN: test_artifact_generator_llm.py — mock_usage:instantiation
2026-04-20T15:30:42.655848+00:00 SEV-2 WARN: test_artifact_generator_llm.py — mock_usage:import
2026-04-20T15:30:42.655849+00:00 SEV-2 WARN: test_artifact_generator_orchestration.py — mock_usage:instantiation
2026-04-20T15:30:42.655851+00:00 SEV-2 WARN: test_artifact_generator_orchestration.py — mock_usage:import
2026-04-20T15:30:42.655852+00:00 SEV-2 WARN: test_claim_recording.py — mock_usage:instantiation
2026-04-20T15:30:42.655853+00:00 SEV-2 WARN: test_claim_recording.py — mock_usage:import
2026-04-20T15:30:42.655854+00:00 SEV-2 WARN: test_ct1_governance_outcomes.py — mock_usage:instantiation
2026-04-20T15:30:42.655855+00:00 SEV-2 WARN: test_ct1_governance_outcomes.py — mock_usage:import
2026-04-20T15:30:42.655855+00:00 SEV-2 WARN: test_ct4_arango_context_injection.py — mock_usage:import
2026-04-20T15:30:42.655856+00:00 SEV-2 WARN: test_ct5_cross_model_verifier.py — mock_usage:import
2026-04-20T15:30:42.655857+00:00 SEV-2 WARN: test_ct6_failure_teaching.py — mock_usage:import
2026-04-20T15:30:42.655858+00:00 SEV-2 WARN: test_ct9_interview_effectiveness.py — mock_usage:import
2026-04-20T15:30:42.655859+00:00 SEV-2 WARN: test_deep_profile_staleness.py — silent_pass:test_status_200_has_required_fields
2026-04-20T15:30:42.655860+00:00 SEV-2 WARN: test_deep_profile_staleness.py — mock_usage:import
2026-04-20T15:30:42.655861+00:00 SEV-2 WARN: test_enforcement.py — mock_usage:import
2026-04-20T15:30:42.655862+00:00 SEV-2 WARN: test_feedback_loop.py — silent_pass:test_correlations_200_has_required_fields
2026-04-20T15:30:42.655863+00:00 SEV-2 WARN: test_feedback_loop.py — silent_pass:test_feedback_summary_200_has_counts
2026-04-20T15:30:42.655864+00:00 SEV-2 WARN: test_feedback_loop.py — mock_usage:instantiation
2026-04-20T15:30:42.655865+00:00 SEV-2 WARN: test_feedback_loop.py — mock_usage:import
2026-04-20T15:30:42.655866+00:00 SEV-2 WARN: test_graph_traceability.py — silent_pass:test_coverage_200_has_required_fields
2026-04-20T15:30:42.655867+00:00 SEV-2 WARN: test_graph_traceability.py — silent_pass:test_coverage_pct_between_0_and_100
2026-04-20T15:30:42.655868+00:00 SEV-2 WARN: test_graph_traceability.py — mock_usage:instantiation
2026-04-20T15:30:42.655869+00:00 SEV-2 WARN: test_graph_traceability.py — mock_usage:import
2026-04-20T15:30:42.655870+00:00 SEV-2 WARN: test_interview_pf_gating.py — mock_usage:import
2026-04-20T15:30:42.655871+00:00 SEV-2 WARN: test_journey_phase1_phase3_integration.py — mock_usage:import
2026-04-20T15:30:42.655872+00:00 SEV-2 WARN: test_journey_phase1_watermarks.py — mock_usage:import
2026-04-20T15:30:42.655873+00:00 SEV-2 WARN: test_linkedin_narrative_regen.py — mock_usage:import
2026-04-20T15:30:42.655874+00:00 SEV-2 WARN: test_ml_feedback_loop.py — mock_usage:instantiation
2026-04-20T15:30:42.655875+00:00 SEV-2 WARN: test_ml_feedback_loop.py — mock_usage:import
2026-04-20T15:30:42.655876+00:00 SEV-2 WARN: test_option_c1_audit_table.py — mock_usage:import
2026-04-20T15:30:42.655877+00:00 SEV-2 WARN: test_option_c4_operation_logging.py — mock_usage:instantiation
2026-04-20T15:30:42.655878+00:00 SEV-2 WARN: test_option_c4_operation_logging.py — mock_usage:import
2026-04-20T15:30:42.655879+00:00 SEV-2 WARN: test_p0b_ftal_integration.py — mock_usage:instantiation
2026-04-20T15:30:42.655880+00:00 SEV-2 WARN: test_p0b_ftal_integration.py — mock_usage:import
2026-04-20T15:30:42.655881+00:00 SEV-2 WARN: test_p1a_sqlite_hardening.py — mock_usage:import
2026-04-20T15:30:42.655881+00:00 SEV-2 WARN: test_p2f_db_engine.py — mock_usage:instantiation
2026-04-20T15:30:42.655882+00:00 SEV-2 WARN: test_p2f_db_engine.py — mock_usage:import
2026-04-20T15:30:42.655883+00:00 SEV-2 WARN: test_p3a_security.py — mock_usage:instantiation
2026-04-20T15:30:42.655884+00:00 SEV-2 WARN: test_p3a_security.py — mock_usage:import
2026-04-20T15:30:42.655885+00:00 SEV-2 WARN: test_parallel_orchestrator.py — mock_usage:import
2026-04-20T15:30:42.655886+00:00 SEV-2 WARN: test_persona_seed.py — mock_usage:instantiation
2026-04-20T15:30:42.655887+00:00 SEV-2 WARN: test_persona_seed.py — mock_usage:import
2026-04-20T15:30:42.655888+00:00 SEV-2 WARN: test_personaforge_client.py — mock_usage:instantiation
2026-04-20T15:30:42.655889+00:00 SEV-2 WARN: test_personaforge_client.py — mock_usage:import
2026-04-20T15:30:42.655889+00:00 SEV-2 WARN: test_pg_migration.py — silent_pass:test_pdf_download_name_contains_id
2026-04-20T15:30:42.655890+00:00 SEV-2 WARN: test_pg_migration.py — mock_usage:instantiation
2026-04-20T15:30:42.655891+00:00 SEV-2 WARN: test_phase6a_double_fallback.py — mock_usage:import
2026-04-20T15:30:42.655892+00:00 SEV-2 WARN: test_phase6b_retry.py — mock_usage:import
2026-04-20T15:30:42.655893+00:00 SEV-2 WARN: test_phase6c_caching.py — mock_usage:import
2026-04-20T15:30:42.655894+00:00 SEV-2 WARN: test_phase6d_skip_rag.py — mock_usage:import
2026-04-20T15:30:42.655895+00:00 SEV-2 WARN: test_phase_a_gap_classifier.py — mock_usage:import
2026-04-20T15:30:42.655896+00:00 SEV-2 WARN: test_phase_a_jd_parser.py — mock_usage:import
2026-04-20T15:30:42.655897+00:00 SEV-2 WARN: test_phase_a_normalizer.py — mock_usage:import
2026-04-20T15:30:42.655898+00:00 SEV-2 WARN: test_phase_b_hybrid_scorer.py — mock_usage:import
2026-04-20T15:30:42.655898+00:00 SEV-2 WARN: test_phase_c_claim_auditor.py — mock_usage:import
2026-04-20T15:30:42.655899+00:00 SEV-2 WARN: test_phase_c_claim_auditor_extended.py — mock_usage:import
2026-04-20T15:30:42.655900+00:00 SEV-2 WARN: test_phase_c_rewrite_planner.py — mock_usage:import
2026-04-20T15:30:42.655901+00:00 SEV-2 WARN: test_phase_c_rewrite_planner_extended.py — mock_usage:import
2026-04-20T15:30:42.655902+00:00 SEV-2 WARN: test_phase_d_item9_alignment_integration.py — mock_usage:import
2026-04-20T15:30:42.655903+00:00 SEV-2 WARN: test_phase_d_items10_11_audit_rewrite.py — mock_usage:import
2026-04-20T15:30:42.655903+00:00 SEV-2 WARN: test_phase_e_equiv_scoring.py — mock_usage:import
2026-04-20T15:30:42.655904+00:00 SEV-2 WARN: test_phase_e_keyword_routes.py — mock_usage:import
2026-04-20T15:30:42.655905+00:00 SEV-2 WARN: test_phase_e_match_endpoint.py — mock_usage:import
2026-04-20T15:30:42.655906+00:00 SEV-2 WARN: test_r2_low.py — mock_usage:instantiation
2026-04-20T15:30:42.655907+00:00 SEV-2 WARN: test_r2_low.py — mock_usage:import
2026-04-20T15:30:42.655908+00:00 SEV-2 WARN: test_r2_medium.py — mock_usage:instantiation
2026-04-20T15:30:42.655909+00:00 SEV-2 WARN: test_r2_medium.py — mock_usage:import
2026-04-20T15:30:42.655910+00:00 SEV-2 WARN: test_resume_effectiveness.py — mock_usage:instantiation
2026-04-20T15:30:42.655911+00:00 SEV-2 WARN: test_resume_effectiveness.py — mock_usage:import
2026-04-20T15:30:42.655912+00:00 SEV-2 WARN: test_semantic_scoring.py — mock_usage:import
2026-04-20T15:30:42.655913+00:00 SEV-2 WARN: test_w1_teaching_injection.py — mock_usage:import
2026-04-20T15:30:42.655913+00:00 SEV-2 WARN: test_w6_ai_journey_source.py — mock_usage:instantiation
2026-04-20T15:30:42.655914+00:00 SEV-2 WARN: test_w6_ai_journey_source.py — mock_usage:import
2026-04-20T15:30:43.751261+00:00 SEV-2 WARN: test_arango_context_injection.py — mock_usage:instantiation
2026-04-20T15:30:43.751265+00:00 SEV-2 WARN: test_arango_context_injection.py — mock_usage:import
2026-04-20T15:30:43.751267+00:00 SEV-2 WARN: test_artifact_generator_heuristic.py — mock_usage:import
2026-04-20T15:30:43.751268+00:00 SEV-2 WARN: test_artifact_generator_llm.py — mock_usage:instantiation
2026-04-20T15:30:43.751269+00:00 SEV-2 WARN: test_artifact_generator_llm.py — mock_usage:import
2026-04-20T15:30:43.751270+00:00 SEV-2 WARN: test_artifact_generator_orchestration.py — mock_usage:instantiation
2026-04-20T15:30:43.751271+00:00 SEV-2 WARN: test_artifact_generator_orchestration.py — mock_usage:import
2026-04-20T15:30:43.751271+00:00 SEV-2 WARN: test_claim_recording.py — mock_usage:instantiation
2026-04-20T15:30:43.751272+00:00 SEV-2 WARN: test_claim_recording.py — mock_usage:import
2026-04-20T15:30:43.751273+00:00 SEV-2 WARN: test_ct1_governance_outcomes.py — mock_usage:instantiation
2026-04-20T15:30:43.751275+00:00 SEV-2 WARN: test_ct1_governance_outcomes.py — mock_usage:import
2026-04-20T15:30:43.751275+00:00 SEV-2 WARN: test_ct4_arango_context_injection.py — mock_usage:import
2026-04-20T15:30:43.751276+00:00 SEV-2 WARN: test_ct5_cross_model_verifier.py — mock_usage:import
2026-04-20T15:30:43.751277+00:00 SEV-2 WARN: test_ct6_failure_teaching.py — mock_usage:import
2026-04-20T15:30:43.751278+00:00 SEV-2 WARN: test_ct9_interview_effectiveness.py — mock_usage:import
2026-04-20T15:30:43.751279+00:00 SEV-2 WARN: test_deep_profile_staleness.py — silent_pass:test_status_200_has_required_fields
2026-04-20T15:30:43.751280+00:00 SEV-2 WARN: test_deep_profile_staleness.py — mock_usage:import
2026-04-20T15:30:43.751281+00:00 SEV-2 WARN: test_enforcement.py — mock_usage:import
2026-04-20T15:30:43.751282+00:00 SEV-2 WARN: test_feedback_loop.py — silent_pass:test_correlations_200_has_required_fields
2026-04-20T15:30:43.751283+00:00 SEV-2 WARN: test_feedback_loop.py — silent_pass:test_feedback_summary_200_has_counts
2026-04-20T15:30:43.751284+00:00 SEV-2 WARN: test_feedback_loop.py — mock_usage:instantiation
2026-04-20T15:30:43.751285+00:00 SEV-2 WARN: test_feedback_loop.py — mock_usage:import
2026-04-20T15:30:43.751286+00:00 SEV-2 WARN: test_graph_traceability.py — silent_pass:test_coverage_200_has_required_fields
2026-04-20T15:30:43.751287+00:00 SEV-2 WARN: test_graph_traceability.py — silent_pass:test_coverage_pct_between_0_and_100
2026-04-20T15:30:43.751288+00:00 SEV-2 WARN: test_graph_traceability.py — mock_usage:instantiation
2026-04-20T15:30:43.751289+00:00 SEV-2 WARN: test_graph_traceability.py — mock_usage:import
2026-04-20T15:30:43.751290+00:00 SEV-2 WARN: test_interview_pf_gating.py — mock_usage:import
2026-04-20T15:30:43.751291+00:00 SEV-2 WARN: test_journey_phase1_phase3_integration.py — mock_usage:import
2026-04-20T15:30:43.751292+00:00 SEV-2 WARN: test_journey_phase1_watermarks.py — mock_usage:import
2026-04-20T15:30:43.751293+00:00 SEV-2 WARN: test_linkedin_narrative_regen.py — mock_usage:import
2026-04-20T15:30:43.751294+00:00 SEV-2 WARN: test_ml_feedback_loop.py — mock_usage:instantiation
2026-04-20T15:30:43.751295+00:00 SEV-2 WARN: test_ml_feedback_loop.py — mock_usage:import
2026-04-20T15:30:43.751296+00:00 SEV-2 WARN: test_option_c1_audit_table.py — mock_usage:import
2026-04-20T15:30:43.751297+00:00 SEV-2 WARN: test_option_c4_operation_logging.py — mock_usage:instantiation
2026-04-20T15:30:43.751298+00:00 SEV-2 WARN: test_option_c4_operation_logging.py — mock_usage:import
2026-04-20T15:30:43.751299+00:00 SEV-2 WARN: test_p0b_ftal_integration.py — mock_usage:instantiation
2026-04-20T15:30:43.751300+00:00 SEV-2 WARN: test_p0b_ftal_integration.py — mock_usage:import
2026-04-20T15:30:43.751301+00:00 SEV-2 WARN: test_p1a_sqlite_hardening.py — mock_usage:import
2026-04-20T15:30:43.751301+00:00 SEV-2 WARN: test_p2f_db_engine.py — mock_usage:instantiation
2026-04-20T15:30:43.751302+00:00 SEV-2 WARN: test_p2f_db_engine.py — mock_usage:import
2026-04-20T15:30:43.751303+00:00 SEV-2 WARN: test_p3a_security.py — mock_usage:instantiation
2026-04-20T15:30:43.751304+00:00 SEV-2 WARN: test_p3a_security.py — mock_usage:import
2026-04-20T15:30:43.751305+00:00 SEV-2 WARN: test_parallel_orchestrator.py — mock_usage:import
2026-04-20T15:30:43.751306+00:00 SEV-2 WARN: test_persona_seed.py — mock_usage:instantiation
2026-04-20T15:30:43.751307+00:00 SEV-2 WARN: test_persona_seed.py — mock_usage:import
2026-04-20T15:30:43.751308+00:00 SEV-2 WARN: test_personaforge_client.py — mock_usage:instantiation
2026-04-20T15:30:43.751309+00:00 SEV-2 WARN: test_personaforge_client.py — mock_usage:import
2026-04-20T15:30:43.751309+00:00 SEV-2 WARN: test_pg_migration.py — silent_pass:test_pdf_download_name_contains_id
2026-04-20T15:30:43.751310+00:00 SEV-2 WARN: test_pg_migration.py — mock_usage:instantiation
2026-04-20T15:30:43.751311+00:00 SEV-2 WARN: test_phase6a_double_fallback.py — mock_usage:import
2026-04-20T15:30:43.751312+00:00 SEV-2 WARN: test_phase6b_retry.py — mock_usage:import
2026-04-20T15:30:43.751313+00:00 SEV-2 WARN: test_phase6c_caching.py — mock_usage:import
2026-04-20T15:30:43.751314+00:00 SEV-2 WARN: test_phase6d_skip_rag.py — mock_usage:import
2026-04-20T15:30:43.751314+00:00 SEV-2 WARN: test_phase_a_gap_classifier.py — mock_usage:import
2026-04-20T15:30:43.751315+00:00 SEV-2 WARN: test_phase_a_jd_parser.py — mock_usage:import
2026-04-20T15:30:43.751316+00:00 SEV-2 WARN: test_phase_a_normalizer.py — mock_usage:import
2026-04-20T15:30:43.751317+00:00 SEV-2 WARN: test_phase_b_hybrid_scorer.py — mock_usage:import
2026-04-20T15:30:43.751318+00:00 SEV-2 WARN: test_phase_c_claim_auditor.py — mock_usage:import
2026-04-20T15:30:43.751319+00:00 SEV-2 WARN: test_phase_c_claim_auditor_extended.py — mock_usage:import
2026-04-20T15:30:43.751320+00:00 SEV-2 WARN: test_phase_c_rewrite_planner.py — mock_usage:import
2026-04-20T15:30:43.751320+00:00 SEV-2 WARN: test_phase_c_rewrite_planner_extended.py — mock_usage:import
2026-04-20T15:30:43.751321+00:00 SEV-2 WARN: test_phase_d_item9_alignment_integration.py — mock_usage:import
2026-04-20T15:30:43.751322+00:00 SEV-2 WARN: test_phase_d_items10_11_audit_rewrite.py — mock_usage:import
2026-04-20T15:30:43.751323+00:00 SEV-2 WARN: test_phase_e_equiv_scoring.py — mock_usage:import
2026-04-20T15:30:43.751324+00:00 SEV-2 WARN: test_phase_e_keyword_routes.py — mock_usage:import
2026-04-20T15:30:43.751325+00:00 SEV-2 WARN: test_phase_e_match_endpoint.py — mock_usage:import
2026-04-20T15:30:43.751326+00:00 SEV-2 WARN: test_r2_low.py — mock_usage:instantiation
2026-04-20T15:30:43.751326+00:00 SEV-2 WARN: test_r2_low.py — mock_usage:import
2026-04-20T15:30:43.751327+00:00 SEV-2 WARN: test_r2_medium.py — mock_usage:instantiation
2026-04-20T15:30:43.751328+00:00 SEV-2 WARN: test_r2_medium.py — mock_usage:import
2026-04-20T15:30:43.751329+00:00 SEV-2 WARN: test_resume_effectiveness.py — mock_usage:instantiation
2026-04-20T15:30:43.751330+00:00 SEV-2 WARN: test_resume_effectiveness.py — mock_usage:import
2026-04-20T15:30:43.751331+00:00 SEV-2 WARN: test_semantic_scoring.py — mock_usage:import
2026-04-20T15:30:43.751332+00:00 SEV-2 WARN: test_w1_teaching_injection.py — mock_usage:import
2026-04-20T15:30:43.751332+00:00 SEV-2 WARN: test_w6_ai_journey_source.py — mock_usage:instantiation
2026-04-20T15:30:43.751333+00:00 SEV-2 WARN: test_w6_ai_journey_source.py — mock_usage:import
2026-04-20T15:30:45.821238+00:00 SEV-2 WARN: test_arango_context_injection.py — mock_usage:instantiation
2026-04-20T15:30:45.821242+00:00 SEV-2 WARN: test_arango_context_injection.py — mock_usage:import
2026-04-20T15:30:45.821243+00:00 SEV-2 WARN: test_artifact_generator_heuristic.py — mock_usage:import
2026-04-20T15:30:45.821244+00:00 SEV-2 WARN: test_artifact_generator_llm.py — mock_usage:instantiation
2026-04-20T15:30:45.821245+00:00 SEV-2 WARN: test_artifact_generator_llm.py — mock_usage:import
2026-04-20T15:30:45.821247+00:00 SEV-2 WARN: test_artifact_generator_orchestration.py — mock_usage:instantiation
2026-04-20T15:30:45.821248+00:00 SEV-2 WARN: test_artifact_generator_orchestration.py — mock_usage:import
2026-04-20T15:30:45.821249+00:00 SEV-2 WARN: test_claim_recording.py — mock_usage:instantiation
2026-04-20T15:30:45.821250+00:00 SEV-2 WARN: test_claim_recording.py — mock_usage:import
2026-04-20T15:30:45.821251+00:00 SEV-2 WARN: test_ct1_governance_outcomes.py — mock_usage:instantiation
2026-04-20T15:30:45.821252+00:00 SEV-2 WARN: test_ct1_governance_outcomes.py — mock_usage:import
2026-04-20T15:30:45.821253+00:00 SEV-2 WARN: test_ct4_arango_context_injection.py — mock_usage:import
2026-04-20T15:30:45.821253+00:00 SEV-2 WARN: test_ct5_cross_model_verifier.py — mock_usage:import
2026-04-20T15:30:45.821254+00:00 SEV-2 WARN: test_ct6_failure_teaching.py — mock_usage:import
2026-04-20T15:30:45.821255+00:00 SEV-2 WARN: test_ct9_interview_effectiveness.py — mock_usage:import
2026-04-20T15:30:45.821256+00:00 SEV-2 WARN: test_deep_profile_staleness.py — silent_pass:test_status_200_has_required_fields
2026-04-20T15:30:45.821257+00:00 SEV-2 WARN: test_deep_profile_staleness.py — mock_usage:import
2026-04-20T15:30:45.821258+00:00 SEV-2 WARN: test_enforcement.py — mock_usage:import
2026-04-20T15:30:45.821259+00:00 SEV-2 WARN: test_feedback_loop.py — silent_pass:test_correlations_200_has_required_fields
2026-04-20T15:30:45.821259+00:00 SEV-2 WARN: test_feedback_loop.py — silent_pass:test_feedback_summary_200_has_counts
2026-04-20T15:30:45.821260+00:00 SEV-2 WARN: test_feedback_loop.py — mock_usage:instantiation
2026-04-20T15:30:45.821261+00:00 SEV-2 WARN: test_feedback_loop.py — mock_usage:import
2026-04-20T15:30:45.821262+00:00 SEV-2 WARN: test_graph_traceability.py — silent_pass:test_coverage_200_has_required_fields
2026-04-20T15:30:45.821263+00:00 SEV-2 WARN: test_graph_traceability.py — silent_pass:test_coverage_pct_between_0_and_100
2026-04-20T15:30:45.821264+00:00 SEV-2 WARN: test_graph_traceability.py — mock_usage:instantiation
2026-04-20T15:30:45.821265+00:00 SEV-2 WARN: test_graph_traceability.py — mock_usage:import
2026-04-20T15:30:45.821266+00:00 SEV-2 WARN: test_interview_pf_gating.py — mock_usage:import
2026-04-20T15:30:45.821266+00:00 SEV-2 WARN: test_journey_phase1_phase3_integration.py — mock_usage:import
2026-04-20T15:30:45.821267+00:00 SEV-2 WARN: test_journey_phase1_watermarks.py — mock_usage:import
2026-04-20T15:30:45.821268+00:00 SEV-2 WARN: test_linkedin_narrative_regen.py — mock_usage:import
2026-04-20T15:30:45.821269+00:00 SEV-2 WARN: test_ml_feedback_loop.py — mock_usage:instantiation
2026-04-20T15:30:45.821270+00:00 SEV-2 WARN: test_ml_feedback_loop.py — mock_usage:import
2026-04-20T15:30:45.821271+00:00 SEV-2 WARN: test_option_c1_audit_table.py — mock_usage:import
2026-04-20T15:30:45.821272+00:00 SEV-2 WARN: test_option_c4_operation_logging.py — mock_usage:instantiation
2026-04-20T15:30:45.821272+00:00 SEV-2 WARN: test_option_c4_operation_logging.py — mock_usage:import
2026-04-20T15:30:45.821273+00:00 SEV-2 WARN: test_p0b_ftal_integration.py — mock_usage:instantiation
2026-04-20T15:30:45.821274+00:00 SEV-2 WARN: test_p0b_ftal_integration.py — mock_usage:import
2026-04-20T15:30:45.821275+00:00 SEV-2 WARN: test_p1a_sqlite_hardening.py — mock_usage:import
2026-04-20T15:30:45.821276+00:00 SEV-2 WARN: test_p2f_db_engine.py — mock_usage:instantiation
2026-04-20T15:30:45.821277+00:00 SEV-2 WARN: test_p2f_db_engine.py — mock_usage:import
2026-04-20T15:30:45.821278+00:00 SEV-2 WARN: test_p3a_security.py — mock_usage:instantiation
2026-04-20T15:30:45.821278+00:00 SEV-2 WARN: test_p3a_security.py — mock_usage:import
2026-04-20T15:30:45.821279+00:00 SEV-2 WARN: test_parallel_orchestrator.py — mock_usage:import
2026-04-20T15:30:45.821280+00:00 SEV-2 WARN: test_persona_seed.py — mock_usage:instantiation
2026-04-20T15:30:45.821281+00:00 SEV-2 WARN: test_persona_seed.py — mock_usage:import
2026-04-20T15:30:45.821282+00:00 SEV-2 WARN: test_personaforge_client.py — mock_usage:instantiation
2026-04-20T15:30:45.821283+00:00 SEV-2 WARN: test_personaforge_client.py — mock_usage:import
2026-04-20T15:30:45.821284+00:00 SEV-2 WARN: test_pg_migration.py — silent_pass:test_pdf_download_name_contains_id
2026-04-20T15:30:45.821284+00:00 SEV-2 WARN: test_pg_migration.py — mock_usage:instantiation
2026-04-20T15:30:45.821285+00:00 SEV-2 WARN: test_phase6a_double_fallback.py — mock_usage:import
2026-04-20T15:30:45.821286+00:00 SEV-2 WARN: test_phase6b_retry.py — mock_usage:import
2026-04-20T15:30:45.821287+00:00 SEV-2 WARN: test_phase6c_caching.py — mock_usage:import
2026-04-20T15:30:45.821288+00:00 SEV-2 WARN: test_phase6d_skip_rag.py — mock_usage:import
2026-04-20T15:30:45.821289+00:00 SEV-2 WARN: test_phase_a_gap_classifier.py — mock_usage:import
2026-04-20T15:30:45.821290+00:00 SEV-2 WARN: test_phase_a_jd_parser.py — mock_usage:import
2026-04-20T15:30:45.821290+00:00 SEV-2 WARN: test_phase_a_normalizer.py — mock_usage:import
2026-04-20T15:30:45.821291+00:00 SEV-2 WARN: test_phase_b_hybrid_scorer.py — mock_usage:import
2026-04-20T15:30:45.821292+00:00 SEV-2 WARN: test_phase_c_claim_auditor.py — mock_usage:import
2026-04-20T15:30:45.821293+00:00 SEV-2 WARN: test_phase_c_claim_auditor_extended.py — mock_usage:import
2026-04-20T15:30:45.821294+00:00 SEV-2 WARN: test_phase_c_rewrite_planner.py — mock_usage:import
2026-04-20T15:30:45.821295+00:00 SEV-2 WARN: test_phase_c_rewrite_planner_extended.py — mock_usage:import
2026-04-20T15:30:45.821295+00:00 SEV-2 WARN: test_phase_d_item9_alignment_integration.py — mock_usage:import
2026-04-20T15:30:45.821296+00:00 SEV-2 WARN: test_phase_d_items10_11_audit_rewrite.py — mock_usage:import
2026-04-20T15:30:45.821297+00:00 SEV-2 WARN: test_phase_e_equiv_scoring.py — mock_usage:import
2026-04-20T15:30:45.821298+00:00 SEV-2 WARN: test_phase_e_keyword_routes.py — mock_usage:import
2026-04-20T15:30:45.821299+00:00 SEV-2 WARN: test_phase_e_match_endpoint.py — mock_usage:import
2026-04-20T15:30:45.821300+00:00 SEV-2 WARN: test_r2_low.py — mock_usage:instantiation
2026-04-20T15:30:45.821301+00:00 SEV-2 WARN: test_r2_low.py — mock_usage:import
2026-04-20T15:30:45.821302+00:00 SEV-2 WARN: test_r2_medium.py — mock_usage:instantiation
2026-04-20T15:30:45.821303+00:00 SEV-2 WARN: test_r2_medium.py — mock_usage:import
2026-04-20T15:30:45.821303+00:00 SEV-2 WARN: test_resume_effectiveness.py — mock_usage:instantiation
2026-04-20T15:30:45.821304+00:00 SEV-2 WARN: test_resume_effectiveness.py — mock_usage:import
2026-04-20T15:30:45.821305+00:00 SEV-2 WARN: test_semantic_scoring.py — mock_usage:import
2026-04-20T15:30:45.821306+00:00 SEV-2 WARN: test_w1_teaching_injection.py — mock_usage:import
2026-04-20T15:30:45.821307+00:00 SEV-2 WARN: test_w6_ai_journey_source.py — mock_usage:instantiation
2026-04-20T15:30:45.821308+00:00 SEV-2 WARN: test_w6_ai_journey_source.py — mock_usage:import
2026-04-20T15:43:27.123077+00:00 SEV-2 WARN: test_arango_context_injection.py — mock_usage:import
2026-04-20T15:43:27.123081+00:00 SEV-2 WARN: test_arango_context_injection.py — mock_usage:instantiation
2026-04-20T15:43:27.123083+00:00 SEV-2 WARN: test_artifact_generator_heuristic.py — mock_usage:import
2026-04-20T15:43:27.123084+00:00 SEV-2 WARN: test_artifact_generator_llm.py — mock_usage:import
2026-04-20T15:43:27.123085+00:00 SEV-2 WARN: test_artifact_generator_llm.py — mock_usage:instantiation
2026-04-20T15:43:27.123086+00:00 SEV-2 WARN: test_artifact_generator_orchestration.py — mock_usage:import
2026-04-20T15:43:27.123087+00:00 SEV-2 WARN: test_artifact_generator_orchestration.py — mock_usage:instantiation
2026-04-20T15:43:27.123088+00:00 SEV-2 WARN: test_claim_recording.py — mock_usage:import
2026-04-20T15:43:27.123089+00:00 SEV-2 WARN: test_claim_recording.py — mock_usage:instantiation
2026-04-20T15:43:27.123090+00:00 SEV-2 WARN: test_ct1_governance_outcomes.py — mock_usage:import
2026-04-20T15:43:27.123091+00:00 SEV-2 WARN: test_ct1_governance_outcomes.py — mock_usage:instantiation
2026-04-20T15:43:27.123092+00:00 SEV-2 WARN: test_ct4_arango_context_injection.py — mock_usage:import
2026-04-20T15:43:27.123093+00:00 SEV-2 WARN: test_ct5_cross_model_verifier.py — mock_usage:import
2026-04-20T15:43:27.123094+00:00 SEV-2 WARN: test_ct6_failure_teaching.py — mock_usage:import
2026-04-20T15:43:27.123095+00:00 SEV-2 WARN: test_ct9_interview_effectiveness.py — mock_usage:import
2026-04-20T15:43:27.123096+00:00 SEV-2 WARN: test_deep_profile_staleness.py — silent_pass:test_status_200_has_required_fields
2026-04-20T15:43:27.123097+00:00 SEV-2 WARN: test_deep_profile_staleness.py — mock_usage:import
2026-04-20T15:43:27.123098+00:00 SEV-2 WARN: test_enforcement.py — mock_usage:import
2026-04-20T15:43:27.123099+00:00 SEV-2 WARN: test_feedback_loop.py — silent_pass:test_correlations_200_has_required_fields
2026-04-20T15:43:27.123100+00:00 SEV-2 WARN: test_feedback_loop.py — silent_pass:test_feedback_summary_200_has_counts
2026-04-20T15:43:27.123101+00:00 SEV-2 WARN: test_feedback_loop.py — mock_usage:import
2026-04-20T15:43:27.123102+00:00 SEV-2 WARN: test_feedback_loop.py — mock_usage:instantiation
2026-04-20T15:43:27.123103+00:00 SEV-2 WARN: test_graph_traceability.py — silent_pass:test_coverage_200_has_required_fields
2026-04-20T15:43:27.123105+00:00 SEV-2 WARN: test_graph_traceability.py — silent_pass:test_coverage_pct_between_0_and_100
2026-04-20T15:43:27.123106+00:00 SEV-2 WARN: test_graph_traceability.py — mock_usage:import
2026-04-20T15:43:27.123107+00:00 SEV-2 WARN: test_graph_traceability.py — mock_usage:instantiation
2026-04-20T15:43:27.123108+00:00 SEV-2 WARN: test_interview_pf_gating.py — mock_usage:import
2026-04-20T15:43:27.123108+00:00 SEV-2 WARN: test_journey_phase1_phase3_integration.py — mock_usage:import
2026-04-20T15:43:27.123109+00:00 SEV-2 WARN: test_journey_phase1_watermarks.py — mock_usage:import
2026-04-20T15:43:27.123110+00:00 SEV-2 WARN: test_linkedin_narrative_regen.py — mock_usage:import
2026-04-20T15:43:27.123111+00:00 SEV-2 WARN: test_ml_feedback_loop.py — mock_usage:import
2026-04-20T15:43:27.123112+00:00 SEV-2 WARN: test_ml_feedback_loop.py — mock_usage:instantiation
2026-04-20T15:43:27.123113+00:00 SEV-2 WARN: test_option_c1_audit_table.py — mock_usage:import
2026-04-20T15:43:27.123114+00:00 SEV-2 WARN: test_option_c4_operation_logging.py — mock_usage:import
2026-04-20T15:43:27.123114+00:00 SEV-2 WARN: test_option_c4_operation_logging.py — mock_usage:instantiation
2026-04-20T15:43:27.123115+00:00 SEV-2 WARN: test_p0b_ftal_integration.py — mock_usage:import
2026-04-20T15:43:27.123116+00:00 SEV-2 WARN: test_p0b_ftal_integration.py — mock_usage:instantiation
2026-04-20T15:43:27.123117+00:00 SEV-2 WARN: test_p1a_sqlite_hardening.py — mock_usage:import
2026-04-20T15:43:27.123118+00:00 SEV-2 WARN: test_p2f_db_engine.py — mock_usage:import
2026-04-20T15:43:27.123118+00:00 SEV-2 WARN: test_p2f_db_engine.py — mock_usage:instantiation
2026-04-20T15:43:27.123119+00:00 SEV-2 WARN: test_p3a_security.py — mock_usage:import
2026-04-20T15:43:27.123120+00:00 SEV-2 WARN: test_p3a_security.py — mock_usage:instantiation
2026-04-20T15:43:27.123121+00:00 SEV-2 WARN: test_parallel_orchestrator.py — mock_usage:import
2026-04-20T15:43:27.123122+00:00 SEV-2 WARN: test_persona_seed.py — mock_usage:import
2026-04-20T15:43:27.123123+00:00 SEV-2 WARN: test_persona_seed.py — mock_usage:instantiation
2026-04-20T15:43:27.123123+00:00 SEV-2 WARN: test_personaforge_client.py — mock_usage:import
2026-04-20T15:43:27.123124+00:00 SEV-2 WARN: test_personaforge_client.py — mock_usage:instantiation
2026-04-20T15:43:27.123125+00:00 SEV-2 WARN: test_pg_migration.py — silent_pass:test_pdf_download_name_contains_id
2026-04-20T15:43:27.123126+00:00 SEV-2 WARN: test_pg_migration.py — mock_usage:instantiation
2026-04-20T15:43:27.123127+00:00 SEV-2 WARN: test_phase6a_double_fallback.py — mock_usage:import
2026-04-20T15:43:27.123128+00:00 SEV-2 WARN: test_phase6b_retry.py — mock_usage:import
2026-04-20T15:43:27.123128+00:00 SEV-2 WARN: test_phase6c_caching.py — mock_usage:import
2026-04-20T15:43:27.123129+00:00 SEV-2 WARN: test_phase6d_skip_rag.py — mock_usage:import
2026-04-20T15:43:27.123130+00:00 SEV-2 WARN: test_phase_a_gap_classifier.py — mock_usage:import
2026-04-20T15:43:27.123131+00:00 SEV-2 WARN: test_phase_a_jd_parser.py — mock_usage:import
2026-04-20T15:43:27.123132+00:00 SEV-2 WARN: test_phase_a_normalizer.py — mock_usage:import
2026-04-20T15:43:27.123132+00:00 SEV-2 WARN: test_phase_b_hybrid_scorer.py — mock_usage:import
2026-04-20T15:43:27.123133+00:00 SEV-2 WARN: test_phase_c_claim_auditor.py — mock_usage:import
2026-04-20T15:43:27.123134+00:00 SEV-2 WARN: test_phase_c_claim_auditor_extended.py — mock_usage:import
2026-04-20T15:43:27.123135+00:00 SEV-2 WARN: test_phase_c_rewrite_planner.py — mock_usage:import
2026-04-20T15:43:27.123136+00:00 SEV-2 WARN: test_phase_c_rewrite_planner_extended.py — mock_usage:import
2026-04-20T15:43:27.123137+00:00 SEV-2 WARN: test_phase_d_item9_alignment_integration.py — mock_usage:import
2026-04-20T15:43:27.123137+00:00 SEV-2 WARN: test_phase_d_items10_11_audit_rewrite.py — mock_usage:import
2026-04-20T15:43:27.123138+00:00 SEV-2 WARN: test_phase_e_equiv_scoring.py — mock_usage:import
2026-04-20T15:43:27.123139+00:00 SEV-2 WARN: test_phase_e_keyword_routes.py — mock_usage:import
2026-04-20T15:43:27.123140+00:00 SEV-2 WARN: test_phase_e_match_endpoint.py — mock_usage:import
2026-04-20T15:43:27.123141+00:00 SEV-2 WARN: test_r2_low.py — mock_usage:import
2026-04-20T15:43:27.123142+00:00 SEV-2 WARN: test_r2_low.py — mock_usage:instantiation
2026-04-20T15:43:27.123143+00:00 SEV-2 WARN: test_r2_medium.py — mock_usage:import
2026-04-20T15:43:27.123143+00:00 SEV-2 WARN: test_r2_medium.py — mock_usage:instantiation
2026-04-20T15:43:27.123144+00:00 SEV-2 WARN: test_resume_effectiveness.py — mock_usage:import
2026-04-20T15:43:27.123145+00:00 SEV-2 WARN: test_resume_effectiveness.py — mock_usage:instantiation
2026-04-20T15:43:27.123146+00:00 SEV-2 WARN: test_semantic_scoring.py — mock_usage:import
2026-04-20T15:43:27.123147+00:00 SEV-2 WARN: test_w1_teaching_injection.py — mock_usage:import
2026-04-20T15:43:27.123148+00:00 SEV-2 WARN: test_w6_ai_journey_source.py — mock_usage:import
2026-04-20T15:43:27.123148+00:00 SEV-2 WARN: test_w6_ai_journey_source.py — mock_usage:instantiation
2026-04-20T15:43:28.233531+00:00 SEV-2 WARN: test_arango_context_injection.py — mock_usage:import
2026-04-20T15:43:28.233534+00:00 SEV-2 WARN: test_arango_context_injection.py — mock_usage:instantiation
2026-04-20T15:43:28.233536+00:00 SEV-2 WARN: test_artifact_generator_heuristic.py — mock_usage:import
2026-04-20T15:43:28.233537+00:00 SEV-2 WARN: test_artifact_generator_llm.py — mock_usage:import
2026-04-20T15:43:28.233538+00:00 SEV-2 WARN: test_artifact_generator_llm.py — mock_usage:instantiation
2026-04-20T15:43:28.233539+00:00 SEV-2 WARN: test_artifact_generator_orchestration.py — mock_usage:import
2026-04-20T15:43:28.233540+00:00 SEV-2 WARN: test_artifact_generator_orchestration.py — mock_usage:instantiation
2026-04-20T15:43:28.233541+00:00 SEV-2 WARN: test_claim_recording.py — mock_usage:import
2026-04-20T15:43:28.233542+00:00 SEV-2 WARN: test_claim_recording.py — mock_usage:instantiation
2026-04-20T15:43:28.233542+00:00 SEV-2 WARN: test_ct1_governance_outcomes.py — mock_usage:import
2026-04-20T15:43:28.233543+00:00 SEV-2 WARN: test_ct1_governance_outcomes.py — mock_usage:instantiation
2026-04-20T15:43:28.233544+00:00 SEV-2 WARN: test_ct4_arango_context_injection.py — mock_usage:import
2026-04-20T15:43:28.233545+00:00 SEV-2 WARN: test_ct5_cross_model_verifier.py — mock_usage:import
2026-04-20T15:43:28.233546+00:00 SEV-2 WARN: test_ct6_failure_teaching.py — mock_usage:import
2026-04-20T15:43:28.233547+00:00 SEV-2 WARN: test_ct9_interview_effectiveness.py — mock_usage:import
2026-04-20T15:43:28.233548+00:00 SEV-2 WARN: test_deep_profile_staleness.py — silent_pass:test_status_200_has_required_fields
2026-04-20T15:43:28.233549+00:00 SEV-2 WARN: test_deep_profile_staleness.py — mock_usage:import
2026-04-20T15:43:28.233550+00:00 SEV-2 WARN: test_enforcement.py — mock_usage:import
2026-04-20T15:43:28.233551+00:00 SEV-2 WARN: test_feedback_loop.py — silent_pass:test_correlations_200_has_required_fields
2026-04-20T15:43:28.233552+00:00 SEV-2 WARN: test_feedback_loop.py — silent_pass:test_feedback_summary_200_has_counts
2026-04-20T15:43:28.233553+00:00 SEV-2 WARN: test_feedback_loop.py — mock_usage:import
2026-04-20T15:43:28.233554+00:00 SEV-2 WARN: test_feedback_loop.py — mock_usage:instantiation
2026-04-20T15:43:28.233555+00:00 SEV-2 WARN: test_graph_traceability.py — silent_pass:test_coverage_200_has_required_fields
2026-04-20T15:43:28.233556+00:00 SEV-2 WARN: test_graph_traceability.py — silent_pass:test_coverage_pct_between_0_and_100
2026-04-20T15:43:28.233556+00:00 SEV-2 WARN: test_graph_traceability.py — mock_usage:import
2026-04-20T15:43:28.233557+00:00 SEV-2 WARN: test_graph_traceability.py — mock_usage:instantiation
2026-04-20T15:43:28.233558+00:00 SEV-2 WARN: test_interview_pf_gating.py — mock_usage:import
2026-04-20T15:43:28.233559+00:00 SEV-2 WARN: test_journey_phase1_phase3_integration.py — mock_usage:import
2026-04-20T15:43:28.233560+00:00 SEV-2 WARN: test_journey_phase1_watermarks.py — mock_usage:import
2026-04-20T15:43:28.233561+00:00 SEV-2 WARN: test_linkedin_narrative_regen.py — mock_usage:import
2026-04-20T15:43:28.233561+00:00 SEV-2 WARN: test_ml_feedback_loop.py — mock_usage:import
2026-04-20T15:43:28.233562+00:00 SEV-2 WARN: test_ml_feedback_loop.py — mock_usage:instantiation
2026-04-20T15:43:28.233563+00:00 SEV-2 WARN: test_option_c1_audit_table.py — mock_usage:import
2026-04-20T15:43:28.233564+00:00 SEV-2 WARN: test_option_c4_operation_logging.py — mock_usage:import
2026-04-20T15:43:28.233565+00:00 SEV-2 WARN: test_option_c4_operation_logging.py — mock_usage:instantiation
2026-04-20T15:43:28.233566+00:00 SEV-2 WARN: test_p0b_ftal_integration.py — mock_usage:import
2026-04-20T15:43:28.233566+00:00 SEV-2 WARN: test_p0b_ftal_integration.py — mock_usage:instantiation
2026-04-20T15:43:28.233567+00:00 SEV-2 WARN: test_p1a_sqlite_hardening.py — mock_usage:import
2026-04-20T15:43:28.233568+00:00 SEV-2 WARN: test_p2f_db_engine.py — mock_usage:import
2026-04-20T15:43:28.233569+00:00 SEV-2 WARN: test_p2f_db_engine.py — mock_usage:instantiation
2026-04-20T15:43:28.233570+00:00 SEV-2 WARN: test_p3a_security.py — mock_usage:import
2026-04-20T15:43:28.233571+00:00 SEV-2 WARN: test_p3a_security.py — mock_usage:instantiation
2026-04-20T15:43:28.233571+00:00 SEV-2 WARN: test_parallel_orchestrator.py — mock_usage:import
2026-04-20T15:43:28.233572+00:00 SEV-2 WARN: test_persona_seed.py — mock_usage:import
2026-04-20T15:43:28.233573+00:00 SEV-2 WARN: test_persona_seed.py — mock_usage:instantiation
2026-04-20T15:43:28.233574+00:00 SEV-2 WARN: test_personaforge_client.py — mock_usage:import
2026-04-20T15:43:28.233575+00:00 SEV-2 WARN: test_personaforge_client.py — mock_usage:instantiation
2026-04-20T15:43:28.233576+00:00 SEV-2 WARN: test_pg_migration.py — silent_pass:test_pdf_download_name_contains_id
2026-04-20T15:43:28.233577+00:00 SEV-2 WARN: test_pg_migration.py — mock_usage:instantiation
2026-04-20T15:43:28.233577+00:00 SEV-2 WARN: test_phase6a_double_fallback.py — mock_usage:import
2026-04-20T15:43:28.233578+00:00 SEV-2 WARN: test_phase6b_retry.py — mock_usage:import
2026-04-20T15:43:28.233579+00:00 SEV-2 WARN: test_phase6c_caching.py — mock_usage:import
2026-04-20T15:43:28.233580+00:00 SEV-2 WARN: test_phase6d_skip_rag.py — mock_usage:import
2026-04-20T15:43:28.233581+00:00 SEV-2 WARN: test_phase_a_gap_classifier.py — mock_usage:import
2026-04-20T15:43:28.233582+00:00 SEV-2 WARN: test_phase_a_jd_parser.py — mock_usage:import
2026-04-20T15:43:28.233583+00:00 SEV-2 WARN: test_phase_a_normalizer.py — mock_usage:import
2026-04-20T15:43:28.233583+00:00 SEV-2 WARN: test_phase_b_hybrid_scorer.py — mock_usage:import
2026-04-20T15:43:28.233584+00:00 SEV-2 WARN: test_phase_c_claim_auditor.py — mock_usage:import
2026-04-20T15:43:28.233585+00:00 SEV-2 WARN: test_phase_c_claim_auditor_extended.py — mock_usage:import
2026-04-20T15:43:28.233586+00:00 SEV-2 WARN: test_phase_c_rewrite_planner.py — mock_usage:import
2026-04-20T15:43:28.233587+00:00 SEV-2 WARN: test_phase_c_rewrite_planner_extended.py — mock_usage:import
2026-04-20T15:43:28.233588+00:00 SEV-2 WARN: test_phase_d_item9_alignment_integration.py — mock_usage:import
2026-04-20T15:43:28.233588+00:00 SEV-2 WARN: test_phase_d_items10_11_audit_rewrite.py — mock_usage:import
2026-04-20T15:43:28.233589+00:00 SEV-2 WARN: test_phase_e_equiv_scoring.py — mock_usage:import
2026-04-20T15:43:28.233590+00:00 SEV-2 WARN: test_phase_e_keyword_routes.py — mock_usage:import
2026-04-20T15:43:28.233591+00:00 SEV-2 WARN: test_phase_e_match_endpoint.py — mock_usage:import
2026-04-20T15:43:28.233592+00:00 SEV-2 WARN: test_r2_low.py — mock_usage:import
2026-04-20T15:43:28.233593+00:00 SEV-2 WARN: test_r2_low.py — mock_usage:instantiation
2026-04-20T15:43:28.233594+00:00 SEV-2 WARN: test_r2_medium.py — mock_usage:import
2026-04-20T15:43:28.233594+00:00 SEV-2 WARN: test_r2_medium.py — mock_usage:instantiation
2026-04-20T15:43:28.233595+00:00 SEV-2 WARN: test_resume_effectiveness.py — mock_usage:import
2026-04-20T15:43:28.233596+00:00 SEV-2 WARN: test_resume_effectiveness.py — mock_usage:instantiation
2026-04-20T15:43:28.233597+00:00 SEV-2 WARN: test_semantic_scoring.py — mock_usage:import
2026-04-20T15:43:28.233598+00:00 SEV-2 WARN: test_w1_teaching_injection.py — mock_usage:import
2026-04-20T15:43:28.233599+00:00 SEV-2 WARN: test_w6_ai_journey_source.py — mock_usage:import
2026-04-20T15:43:28.233599+00:00 SEV-2 WARN: test_w6_ai_journey_source.py — mock_usage:instantiation
2026-04-20T15:43:29.188805+00:00 SEV-2 WARN: test_arango_context_injection.py — mock_usage:import
2026-04-20T15:43:29.188809+00:00 SEV-2 WARN: test_arango_context_injection.py — mock_usage:instantiation
2026-04-20T15:43:29.188810+00:00 SEV-2 WARN: test_artifact_generator_heuristic.py — mock_usage:import
2026-04-20T15:43:29.188811+00:00 SEV-2 WARN: test_artifact_generator_llm.py — mock_usage:import
2026-04-20T15:43:29.188812+00:00 SEV-2 WARN: test_artifact_generator_llm.py — mock_usage:instantiation
2026-04-20T15:43:29.188813+00:00 SEV-2 WARN: test_artifact_generator_orchestration.py — mock_usage:import
2026-04-20T15:43:29.188814+00:00 SEV-2 WARN: test_artifact_generator_orchestration.py — mock_usage:instantiation
2026-04-20T15:43:29.188815+00:00 SEV-2 WARN: test_claim_recording.py — mock_usage:import
2026-04-20T15:43:29.188816+00:00 SEV-2 WARN: test_claim_recording.py — mock_usage:instantiation
2026-04-20T15:43:29.188817+00:00 SEV-2 WARN: test_ct1_governance_outcomes.py — mock_usage:import
2026-04-20T15:43:29.188818+00:00 SEV-2 WARN: test_ct1_governance_outcomes.py — mock_usage:instantiation
2026-04-20T15:43:29.188819+00:00 SEV-2 WARN: test_ct4_arango_context_injection.py — mock_usage:import
2026-04-20T15:43:29.188820+00:00 SEV-2 WARN: test_ct5_cross_model_verifier.py — mock_usage:import
2026-04-20T15:43:29.188821+00:00 SEV-2 WARN: test_ct6_failure_teaching.py — mock_usage:import
2026-04-20T15:43:29.188822+00:00 SEV-2 WARN: test_ct9_interview_effectiveness.py — mock_usage:import
2026-04-20T15:43:29.188822+00:00 SEV-2 WARN: test_deep_profile_staleness.py — silent_pass:test_status_200_has_required_fields
2026-04-20T15:43:29.188823+00:00 SEV-2 WARN: test_deep_profile_staleness.py — mock_usage:import
2026-04-20T15:43:29.188824+00:00 SEV-2 WARN: test_enforcement.py — mock_usage:import
2026-04-20T15:43:29.188825+00:00 SEV-2 WARN: test_feedback_loop.py — silent_pass:test_correlations_200_has_required_fields
2026-04-20T15:43:29.188826+00:00 SEV-2 WARN: test_feedback_loop.py — silent_pass:test_feedback_summary_200_has_counts
2026-04-20T15:43:29.188827+00:00 SEV-2 WARN: test_feedback_loop.py — mock_usage:import
2026-04-20T15:43:29.188828+00:00 SEV-2 WARN: test_feedback_loop.py — mock_usage:instantiation
2026-04-20T15:43:29.188829+00:00 SEV-2 WARN: test_graph_traceability.py — silent_pass:test_coverage_200_has_required_fields
2026-04-20T15:43:29.188829+00:00 SEV-2 WARN: test_graph_traceability.py — silent_pass:test_coverage_pct_between_0_and_100
2026-04-20T15:43:29.188831+00:00 SEV-2 WARN: test_graph_traceability.py — mock_usage:import
2026-04-20T15:43:29.188831+00:00 SEV-2 WARN: test_graph_traceability.py — mock_usage:instantiation
2026-04-20T15:43:29.188832+00:00 SEV-2 WARN: test_interview_pf_gating.py — mock_usage:import
2026-04-20T15:43:29.188833+00:00 SEV-2 WARN: test_journey_phase1_phase3_integration.py — mock_usage:import
2026-04-20T15:43:29.188834+00:00 SEV-2 WARN: test_journey_phase1_watermarks.py — mock_usage:import
2026-04-20T15:43:29.188835+00:00 SEV-2 WARN: test_linkedin_narrative_regen.py — mock_usage:import
2026-04-20T15:43:29.188836+00:00 SEV-2 WARN: test_ml_feedback_loop.py — mock_usage:import
2026-04-20T15:43:29.188836+00:00 SEV-2 WARN: test_ml_feedback_loop.py — mock_usage:instantiation
2026-04-20T15:43:29.188837+00:00 SEV-2 WARN: test_option_c1_audit_table.py — mock_usage:import
2026-04-20T15:43:29.188838+00:00 SEV-2 WARN: test_option_c4_operation_logging.py — mock_usage:import
2026-04-20T15:43:29.188839+00:00 SEV-2 WARN: test_option_c4_operation_logging.py — mock_usage:instantiation
2026-04-20T15:43:29.188840+00:00 SEV-2 WARN: test_p0b_ftal_integration.py — mock_usage:import
2026-04-20T15:43:29.188840+00:00 SEV-2 WARN: test_p0b_ftal_integration.py — mock_usage:instantiation
2026-04-20T15:43:29.188841+00:00 SEV-2 WARN: test_p1a_sqlite_hardening.py — mock_usage:import
2026-04-20T15:43:29.188842+00:00 SEV-2 WARN: test_p2f_db_engine.py — mock_usage:import
2026-04-20T15:43:29.188843+00:00 SEV-2 WARN: test_p2f_db_engine.py — mock_usage:instantiation
2026-04-20T15:43:29.188844+00:00 SEV-2 WARN: test_p3a_security.py — mock_usage:import
2026-04-20T15:43:29.188844+00:00 SEV-2 WARN: test_p3a_security.py — mock_usage:instantiation
2026-04-20T15:43:29.188845+00:00 SEV-2 WARN: test_parallel_orchestrator.py — mock_usage:import
2026-04-20T15:43:29.188846+00:00 SEV-2 WARN: test_persona_seed.py — mock_usage:import
2026-04-20T15:43:29.188847+00:00 SEV-2 WARN: test_persona_seed.py — mock_usage:instantiation
2026-04-20T15:43:29.188848+00:00 SEV-2 WARN: test_personaforge_client.py — mock_usage:import
2026-04-20T15:43:29.188848+00:00 SEV-2 WARN: test_personaforge_client.py — mock_usage:instantiation
2026-04-20T15:43:29.188849+00:00 SEV-2 WARN: test_pg_migration.py — silent_pass:test_pdf_download_name_contains_id
2026-04-20T15:43:29.188850+00:00 SEV-2 WARN: test_pg_migration.py — mock_usage:instantiation
2026-04-20T15:43:29.188851+00:00 SEV-2 WARN: test_phase6a_double_fallback.py — mock_usage:import
2026-04-20T15:43:29.188852+00:00 SEV-2 WARN: test_phase6b_retry.py — mock_usage:import
2026-04-20T15:43:29.188853+00:00 SEV-2 WARN: test_phase6c_caching.py — mock_usage:import
2026-04-20T15:43:29.188854+00:00 SEV-2 WARN: test_phase6d_skip_rag.py — mock_usage:import
2026-04-20T15:43:29.188855+00:00 SEV-2 WARN: test_phase_a_gap_classifier.py — mock_usage:import
2026-04-20T15:43:29.188855+00:00 SEV-2 WARN: test_phase_a_jd_parser.py — mock_usage:import
2026-04-20T15:43:29.188856+00:00 SEV-2 WARN: test_phase_a_normalizer.py — mock_usage:import
2026-04-20T15:43:29.188857+00:00 SEV-2 WARN: test_phase_b_hybrid_scorer.py — mock_usage:import
2026-04-20T15:43:29.188858+00:00 SEV-2 WARN: test_phase_c_claim_auditor.py — mock_usage:import
2026-04-20T15:43:29.188859+00:00 SEV-2 WARN: test_phase_c_claim_auditor_extended.py — mock_usage:import
2026-04-20T15:43:29.188860+00:00 SEV-2 WARN: test_phase_c_rewrite_planner.py — mock_usage:import
2026-04-20T15:43:29.188860+00:00 SEV-2 WARN: test_phase_c_rewrite_planner_extended.py — mock_usage:import
2026-04-20T15:43:29.188861+00:00 SEV-2 WARN: test_phase_d_item9_alignment_integration.py — mock_usage:import
2026-04-20T15:43:29.188862+00:00 SEV-2 WARN: test_phase_d_items10_11_audit_rewrite.py — mock_usage:import
2026-04-20T15:43:29.188863+00:00 SEV-2 WARN: test_phase_e_equiv_scoring.py — mock_usage:import
2026-04-20T15:43:29.188864+00:00 SEV-2 WARN: test_phase_e_keyword_routes.py — mock_usage:import
2026-04-20T15:43:29.188865+00:00 SEV-2 WARN: test_phase_e_match_endpoint.py — mock_usage:import
2026-04-20T15:43:29.188866+00:00 SEV-2 WARN: test_r2_low.py — mock_usage:import
2026-04-20T15:43:29.188867+00:00 SEV-2 WARN: test_r2_low.py — mock_usage:instantiation
2026-04-20T15:43:29.188867+00:00 SEV-2 WARN: test_r2_medium.py — mock_usage:import
2026-04-20T15:43:29.188868+00:00 SEV-2 WARN: test_r2_medium.py — mock_usage:instantiation
2026-04-20T15:43:29.188869+00:00 SEV-2 WARN: test_resume_effectiveness.py — mock_usage:import
2026-04-20T15:43:29.188870+00:00 SEV-2 WARN: test_resume_effectiveness.py — mock_usage:instantiation
2026-04-20T15:43:29.188871+00:00 SEV-2 WARN: test_semantic_scoring.py — mock_usage:import
2026-04-20T15:43:29.188872+00:00 SEV-2 WARN: test_w1_teaching_injection.py — mock_usage:import
2026-04-20T15:43:29.188873+00:00 SEV-2 WARN: test_w6_ai_journey_source.py — mock_usage:import
2026-04-20T15:43:29.188873+00:00 SEV-2 WARN: test_w6_ai_journey_source.py — mock_usage:instantiation
2026-04-20T15:43:30.271346+00:00 SEV-2 WARN: test_arango_context_injection.py — mock_usage:import
2026-04-20T15:43:30.271350+00:00 SEV-2 WARN: test_arango_context_injection.py — mock_usage:instantiation
2026-04-20T15:43:30.271351+00:00 SEV-2 WARN: test_artifact_generator_heuristic.py — mock_usage:import
2026-04-20T15:43:30.271352+00:00 SEV-2 WARN: test_artifact_generator_llm.py — mock_usage:import
2026-04-20T15:43:30.271353+00:00 SEV-2 WARN: test_artifact_generator_llm.py — mock_usage:instantiation
2026-04-20T15:43:30.271354+00:00 SEV-2 WARN: test_artifact_generator_orchestration.py — mock_usage:import
2026-04-20T15:43:30.271355+00:00 SEV-2 WARN: test_artifact_generator_orchestration.py — mock_usage:instantiation
2026-04-20T15:43:30.271356+00:00 SEV-2 WARN: test_claim_recording.py — mock_usage:import
2026-04-20T15:43:30.271357+00:00 SEV-2 WARN: test_claim_recording.py — mock_usage:instantiation
2026-04-20T15:43:30.271358+00:00 SEV-2 WARN: test_ct1_governance_outcomes.py — mock_usage:import
2026-04-20T15:43:30.271359+00:00 SEV-2 WARN: test_ct1_governance_outcomes.py — mock_usage:instantiation
2026-04-20T15:43:30.271360+00:00 SEV-2 WARN: test_ct4_arango_context_injection.py — mock_usage:import
2026-04-20T15:43:30.271361+00:00 SEV-2 WARN: test_ct5_cross_model_verifier.py — mock_usage:import
2026-04-20T15:43:30.271361+00:00 SEV-2 WARN: test_ct6_failure_teaching.py — mock_usage:import
2026-04-20T15:43:30.271362+00:00 SEV-2 WARN: test_ct9_interview_effectiveness.py — mock_usage:import
2026-04-20T15:43:30.271363+00:00 SEV-2 WARN: test_deep_profile_staleness.py — silent_pass:test_status_200_has_required_fields
2026-04-20T15:43:30.271364+00:00 SEV-2 WARN: test_deep_profile_staleness.py — mock_usage:import
2026-04-20T15:43:30.271365+00:00 SEV-2 WARN: test_enforcement.py — mock_usage:import
2026-04-20T15:43:30.271366+00:00 SEV-2 WARN: test_feedback_loop.py — silent_pass:test_correlations_200_has_required_fields
2026-04-20T15:43:30.271367+00:00 SEV-2 WARN: test_feedback_loop.py — silent_pass:test_feedback_summary_200_has_counts
2026-04-20T15:43:30.271368+00:00 SEV-2 WARN: test_feedback_loop.py — mock_usage:import
2026-04-20T15:43:30.271369+00:00 SEV-2 WARN: test_feedback_loop.py — mock_usage:instantiation
2026-04-20T15:43:30.271369+00:00 SEV-2 WARN: test_graph_traceability.py — silent_pass:test_coverage_200_has_required_fields
2026-04-20T15:43:30.271370+00:00 SEV-2 WARN: test_graph_traceability.py — silent_pass:test_coverage_pct_between_0_and_100
2026-04-20T15:43:30.271371+00:00 SEV-2 WARN: test_graph_traceability.py — mock_usage:import
2026-04-20T15:43:30.271372+00:00 SEV-2 WARN: test_graph_traceability.py — mock_usage:instantiation
2026-04-20T15:43:30.271373+00:00 SEV-2 WARN: test_interview_pf_gating.py — mock_usage:import
2026-04-20T15:43:30.271374+00:00 SEV-2 WARN: test_journey_phase1_phase3_integration.py — mock_usage:import
2026-04-20T15:43:30.271375+00:00 SEV-2 WARN: test_journey_phase1_watermarks.py — mock_usage:import
2026-04-20T15:43:30.271376+00:00 SEV-2 WARN: test_linkedin_narrative_regen.py — mock_usage:import
2026-04-20T15:43:30.271376+00:00 SEV-2 WARN: test_ml_feedback_loop.py — mock_usage:import
2026-04-20T15:43:30.271377+00:00 SEV-2 WARN: test_ml_feedback_loop.py — mock_usage:instantiation
2026-04-20T15:43:30.271378+00:00 SEV-2 WARN: test_option_c1_audit_table.py — mock_usage:import
2026-04-20T15:43:30.271379+00:00 SEV-2 WARN: test_option_c4_operation_logging.py — mock_usage:import
2026-04-20T15:43:30.271380+00:00 SEV-2 WARN: test_option_c4_operation_logging.py — mock_usage:instantiation
2026-04-20T15:43:30.271381+00:00 SEV-2 WARN: test_p0b_ftal_integration.py — mock_usage:import
2026-04-20T15:43:30.271381+00:00 SEV-2 WARN: test_p0b_ftal_integration.py — mock_usage:instantiation
2026-04-20T15:43:30.271382+00:00 SEV-2 WARN: test_p1a_sqlite_hardening.py — mock_usage:import
2026-04-20T15:43:30.271383+00:00 SEV-2 WARN: test_p2f_db_engine.py — mock_usage:import
2026-04-20T15:43:30.271384+00:00 SEV-2 WARN: test_p2f_db_engine.py — mock_usage:instantiation
2026-04-20T15:43:30.271385+00:00 SEV-2 WARN: test_p3a_security.py — mock_usage:import
2026-04-20T15:43:30.271386+00:00 SEV-2 WARN: test_p3a_security.py — mock_usage:instantiation
2026-04-20T15:43:30.271386+00:00 SEV-2 WARN: test_parallel_orchestrator.py — mock_usage:import
2026-04-20T15:43:30.271387+00:00 SEV-2 WARN: test_persona_seed.py — mock_usage:import
2026-04-20T15:43:30.271388+00:00 SEV-2 WARN: test_persona_seed.py — mock_usage:instantiation
2026-04-20T15:43:30.271389+00:00 SEV-2 WARN: test_personaforge_client.py — mock_usage:import
2026-04-20T15:43:30.271390+00:00 SEV-2 WARN: test_personaforge_client.py — mock_usage:instantiation
2026-04-20T15:43:30.271391+00:00 SEV-2 WARN: test_pg_migration.py — silent_pass:test_pdf_download_name_contains_id
2026-04-20T15:43:30.271391+00:00 SEV-2 WARN: test_pg_migration.py — mock_usage:instantiation
2026-04-20T15:43:30.271392+00:00 SEV-2 WARN: test_phase6a_double_fallback.py — mock_usage:import
2026-04-20T15:43:30.271393+00:00 SEV-2 WARN: test_phase6b_retry.py — mock_usage:import
2026-04-20T15:43:30.271394+00:00 SEV-2 WARN: test_phase6c_caching.py — mock_usage:import
2026-04-20T15:43:30.271395+00:00 SEV-2 WARN: test_phase6d_skip_rag.py — mock_usage:import
2026-04-20T15:43:30.271396+00:00 SEV-2 WARN: test_phase_a_gap_classifier.py — mock_usage:import
2026-04-20T15:43:30.271396+00:00 SEV-2 WARN: test_phase_a_jd_parser.py — mock_usage:import
2026-04-20T15:43:30.271397+00:00 SEV-2 WARN: test_phase_a_normalizer.py — mock_usage:import
2026-04-20T15:43:30.271398+00:00 SEV-2 WARN: test_phase_b_hybrid_scorer.py — mock_usage:import
2026-04-20T15:43:30.271399+00:00 SEV-2 WARN: test_phase_c_claim_auditor.py — mock_usage:import
2026-04-20T15:43:30.271400+00:00 SEV-2 WARN: test_phase_c_claim_auditor_extended.py — mock_usage:import
2026-04-20T15:43:30.271400+00:00 SEV-2 WARN: test_phase_c_rewrite_planner.py — mock_usage:import
2026-04-20T15:43:30.271401+00:00 SEV-2 WARN: test_phase_c_rewrite_planner_extended.py — mock_usage:import
2026-04-20T15:43:30.271402+00:00 SEV-2 WARN: test_phase_d_item9_alignment_integration.py — mock_usage:import
2026-04-20T15:43:30.271403+00:00 SEV-2 WARN: test_phase_d_items10_11_audit_rewrite.py — mock_usage:import
2026-04-20T15:43:30.271404+00:00 SEV-2 WARN: test_phase_e_equiv_scoring.py — mock_usage:import
2026-04-20T15:43:30.271405+00:00 SEV-2 WARN: test_phase_e_keyword_routes.py — mock_usage:import
2026-04-20T15:43:30.271405+00:00 SEV-2 WARN: test_phase_e_match_endpoint.py — mock_usage:import
2026-04-20T15:43:30.271406+00:00 SEV-2 WARN: test_r2_low.py — mock_usage:import
2026-04-20T15:43:30.271407+00:00 SEV-2 WARN: test_r2_low.py — mock_usage:instantiation
2026-04-20T15:43:30.271408+00:00 SEV-2 WARN: test_r2_medium.py — mock_usage:import
2026-04-20T15:43:30.271409+00:00 SEV-2 WARN: test_r2_medium.py — mock_usage:instantiation
2026-04-20T15:43:30.271410+00:00 SEV-2 WARN: test_resume_effectiveness.py — mock_usage:import
2026-04-20T15:43:30.271410+00:00 SEV-2 WARN: test_resume_effectiveness.py — mock_usage:instantiation
2026-04-20T15:43:30.271411+00:00 SEV-2 WARN: test_semantic_scoring.py — mock_usage:import
2026-04-20T15:43:30.271412+00:00 SEV-2 WARN: test_w1_teaching_injection.py — mock_usage:import
2026-04-20T15:43:30.271413+00:00 SEV-2 WARN: test_w6_ai_journey_source.py — mock_usage:import
2026-04-20T15:43:30.271414+00:00 SEV-2 WARN: test_w6_ai_journey_source.py — mock_usage:instantiation
2026-04-20T15:43:32.441132+00:00 SEV-2 WARN: test_arango_context_injection.py — mock_usage:import
2026-04-20T15:43:32.441137+00:00 SEV-2 WARN: test_arango_context_injection.py — mock_usage:instantiation
2026-04-20T15:43:32.441138+00:00 SEV-2 WARN: test_artifact_generator_heuristic.py — mock_usage:import
2026-04-20T15:43:32.441139+00:00 SEV-2 WARN: test_artifact_generator_llm.py — mock_usage:import
2026-04-20T15:43:32.441140+00:00 SEV-2 WARN: test_artifact_generator_llm.py — mock_usage:instantiation
2026-04-20T15:43:32.441142+00:00 SEV-2 WARN: test_artifact_generator_orchestration.py — mock_usage:import
2026-04-20T15:43:32.441142+00:00 SEV-2 WARN: test_artifact_generator_orchestration.py — mock_usage:instantiation
2026-04-20T15:43:32.441143+00:00 SEV-2 WARN: test_claim_recording.py — mock_usage:import
2026-04-20T15:43:32.441144+00:00 SEV-2 WARN: test_claim_recording.py — mock_usage:instantiation
2026-04-20T15:43:32.441145+00:00 SEV-2 WARN: test_ct1_governance_outcomes.py — mock_usage:import
2026-04-20T15:43:32.441146+00:00 SEV-2 WARN: test_ct1_governance_outcomes.py — mock_usage:instantiation
2026-04-20T15:43:32.441147+00:00 SEV-2 WARN: test_ct4_arango_context_injection.py — mock_usage:import
2026-04-20T15:43:32.441148+00:00 SEV-2 WARN: test_ct5_cross_model_verifier.py — mock_usage:import
2026-04-20T15:43:32.441149+00:00 SEV-2 WARN: test_ct6_failure_teaching.py — mock_usage:import
2026-04-20T15:43:32.441150+00:00 SEV-2 WARN: test_ct9_interview_effectiveness.py — mock_usage:import
2026-04-20T15:43:32.441151+00:00 SEV-2 WARN: test_deep_profile_staleness.py — silent_pass:test_status_200_has_required_fields
2026-04-20T15:43:32.441152+00:00 SEV-2 WARN: test_deep_profile_staleness.py — mock_usage:import
2026-04-20T15:43:32.441153+00:00 SEV-2 WARN: test_enforcement.py — mock_usage:import
2026-04-20T15:43:32.441153+00:00 SEV-2 WARN: test_feedback_loop.py — silent_pass:test_correlations_200_has_required_fields
2026-04-20T15:43:32.441154+00:00 SEV-2 WARN: test_feedback_loop.py — silent_pass:test_feedback_summary_200_has_counts
2026-04-20T15:43:32.441155+00:00 SEV-2 WARN: test_feedback_loop.py — mock_usage:import
2026-04-20T15:43:32.441156+00:00 SEV-2 WARN: test_feedback_loop.py — mock_usage:instantiation
2026-04-20T15:43:32.441157+00:00 SEV-2 WARN: test_graph_traceability.py — silent_pass:test_coverage_200_has_required_fields
2026-04-20T15:43:32.441158+00:00 SEV-2 WARN: test_graph_traceability.py — silent_pass:test_coverage_pct_between_0_and_100
2026-04-20T15:43:32.441159+00:00 SEV-2 WARN: test_graph_traceability.py — mock_usage:import
2026-04-20T15:43:32.441159+00:00 SEV-2 WARN: test_graph_traceability.py — mock_usage:instantiation
2026-04-20T15:43:32.441160+00:00 SEV-2 WARN: test_interview_pf_gating.py — mock_usage:import
2026-04-20T15:43:32.441161+00:00 SEV-2 WARN: test_journey_phase1_phase3_integration.py — mock_usage:import
2026-04-20T15:43:32.441162+00:00 SEV-2 WARN: test_journey_phase1_watermarks.py — mock_usage:import
2026-04-20T15:43:32.441163+00:00 SEV-2 WARN: test_linkedin_narrative_regen.py — mock_usage:import
2026-04-20T15:43:32.441164+00:00 SEV-2 WARN: test_ml_feedback_loop.py — mock_usage:import
2026-04-20T15:43:32.441165+00:00 SEV-2 WARN: test_ml_feedback_loop.py — mock_usage:instantiation
2026-04-20T15:43:32.441165+00:00 SEV-2 WARN: test_option_c1_audit_table.py — mock_usage:import
2026-04-20T15:43:32.441166+00:00 SEV-2 WARN: test_option_c4_operation_logging.py — mock_usage:import
2026-04-20T15:43:32.441167+00:00 SEV-2 WARN: test_option_c4_operation_logging.py — mock_usage:instantiation
2026-04-20T15:43:32.441168+00:00 SEV-2 WARN: test_p0b_ftal_integration.py — mock_usage:import
2026-04-20T15:43:32.441169+00:00 SEV-2 WARN: test_p0b_ftal_integration.py — mock_usage:instantiation
2026-04-20T15:43:32.441170+00:00 SEV-2 WARN: test_p1a_sqlite_hardening.py — mock_usage:import
2026-04-20T15:43:32.441171+00:00 SEV-2 WARN: test_p2f_db_engine.py — mock_usage:import
2026-04-20T15:43:32.441171+00:00 SEV-2 WARN: test_p2f_db_engine.py — mock_usage:instantiation
2026-04-20T15:43:32.441172+00:00 SEV-2 WARN: test_p3a_security.py — mock_usage:import
2026-04-20T15:43:32.441173+00:00 SEV-2 WARN: test_p3a_security.py — mock_usage:instantiation
2026-04-20T15:43:32.441174+00:00 SEV-2 WARN: test_parallel_orchestrator.py — mock_usage:import
2026-04-20T15:43:32.441175+00:00 SEV-2 WARN: test_persona_seed.py — mock_usage:import
2026-04-20T15:43:32.441176+00:00 SEV-2 WARN: test_persona_seed.py — mock_usage:instantiation
2026-04-20T15:43:32.441177+00:00 SEV-2 WARN: test_personaforge_client.py — mock_usage:import
2026-04-20T15:43:32.441177+00:00 SEV-2 WARN: test_personaforge_client.py — mock_usage:instantiation
2026-04-20T15:43:32.441178+00:00 SEV-2 WARN: test_pg_migration.py — silent_pass:test_pdf_download_name_contains_id
2026-04-20T15:43:32.441179+00:00 SEV-2 WARN: test_pg_migration.py — mock_usage:instantiation
2026-04-20T15:43:32.441180+00:00 SEV-2 WARN: test_phase6a_double_fallback.py — mock_usage:import
2026-04-20T15:43:32.441181+00:00 SEV-2 WARN: test_phase6b_retry.py — mock_usage:import
2026-04-20T15:43:32.441182+00:00 SEV-2 WARN: test_phase6c_caching.py — mock_usage:import
2026-04-20T15:43:32.441182+00:00 SEV-2 WARN: test_phase6d_skip_rag.py — mock_usage:import
2026-04-20T15:43:32.441183+00:00 SEV-2 WARN: test_phase_a_gap_classifier.py — mock_usage:import
2026-04-20T15:43:32.441184+00:00 SEV-2 WARN: test_phase_a_jd_parser.py — mock_usage:import
2026-04-20T15:43:32.441185+00:00 SEV-2 WARN: test_phase_a_normalizer.py — mock_usage:import
2026-04-20T15:43:32.441186+00:00 SEV-2 WARN: test_phase_b_hybrid_scorer.py — mock_usage:import
2026-04-20T15:43:32.441187+00:00 SEV-2 WARN: test_phase_c_claim_auditor.py — mock_usage:import
2026-04-20T15:43:32.441188+00:00 SEV-2 WARN: test_phase_c_claim_auditor_extended.py — mock_usage:import
2026-04-20T15:43:32.441189+00:00 SEV-2 WARN: test_phase_c_rewrite_planner.py — mock_usage:import
2026-04-20T15:43:32.441189+00:00 SEV-2 WARN: test_phase_c_rewrite_planner_extended.py — mock_usage:import
2026-04-20T15:43:32.441190+00:00 SEV-2 WARN: test_phase_d_item9_alignment_integration.py — mock_usage:import
2026-04-20T15:43:32.441191+00:00 SEV-2 WARN: test_phase_d_items10_11_audit_rewrite.py — mock_usage:import
2026-04-20T15:43:32.441192+00:00 SEV-2 WARN: test_phase_e_equiv_scoring.py — mock_usage:import
2026-04-20T15:43:32.441193+00:00 SEV-2 WARN: test_phase_e_keyword_routes.py — mock_usage:import
2026-04-20T15:43:32.441194+00:00 SEV-2 WARN: test_phase_e_match_endpoint.py — mock_usage:import
2026-04-20T15:43:32.441194+00:00 SEV-2 WARN: test_r2_low.py — mock_usage:import
2026-04-20T15:43:32.441195+00:00 SEV-2 WARN: test_r2_low.py — mock_usage:instantiation
2026-04-20T15:43:32.441196+00:00 SEV-2 WARN: test_r2_medium.py — mock_usage:import
2026-04-20T15:43:32.441197+00:00 SEV-2 WARN: test_r2_medium.py — mock_usage:instantiation
2026-04-20T15:43:32.441198+00:00 SEV-2 WARN: test_resume_effectiveness.py — mock_usage:import
2026-04-20T15:43:32.441199+00:00 SEV-2 WARN: test_resume_effectiveness.py — mock_usage:instantiation
2026-04-20T15:43:32.441200+00:00 SEV-2 WARN: test_semantic_scoring.py — mock_usage:import
2026-04-20T15:43:32.441201+00:00 SEV-2 WARN: test_w1_teaching_injection.py — mock_usage:import
2026-04-20T15:43:32.441201+00:00 SEV-2 WARN: test_w6_ai_journey_source.py — mock_usage:import
2026-04-20T15:43:32.441202+00:00 SEV-2 WARN: test_w6_ai_journey_source.py — mock_usage:instantiation
2026-04-20T15:49:46.171869+00:00 SEV-2 WARN: test_arango_context_injection.py — mock_usage:import
2026-04-20T15:49:46.171874+00:00 SEV-2 WARN: test_arango_context_injection.py — mock_usage:instantiation
2026-04-20T15:49:46.171876+00:00 SEV-2 WARN: test_artifact_generator_heuristic.py — mock_usage:import
2026-04-20T15:49:46.171877+00:00 SEV-2 WARN: test_artifact_generator_llm.py — mock_usage:import
2026-04-20T15:49:46.171878+00:00 SEV-2 WARN: test_artifact_generator_llm.py — mock_usage:instantiation
2026-04-20T15:49:46.171879+00:00 SEV-2 WARN: test_artifact_generator_orchestration.py — mock_usage:import
2026-04-20T15:49:46.171880+00:00 SEV-2 WARN: test_artifact_generator_orchestration.py — mock_usage:instantiation
2026-04-20T15:49:46.171881+00:00 SEV-2 WARN: test_claim_recording.py — mock_usage:import
2026-04-20T15:49:46.171882+00:00 SEV-2 WARN: test_claim_recording.py — mock_usage:instantiation
2026-04-20T15:49:46.171882+00:00 SEV-2 WARN: test_ct1_governance_outcomes.py — mock_usage:import
2026-04-20T15:49:46.171883+00:00 SEV-2 WARN: test_ct1_governance_outcomes.py — mock_usage:instantiation
2026-04-20T15:49:46.171884+00:00 SEV-2 WARN: test_ct4_arango_context_injection.py — mock_usage:import
2026-04-20T15:49:46.171885+00:00 SEV-2 WARN: test_ct5_cross_model_verifier.py — mock_usage:import
2026-04-20T15:49:46.171886+00:00 SEV-2 WARN: test_ct6_failure_teaching.py — mock_usage:import
2026-04-20T15:49:46.171887+00:00 SEV-2 WARN: test_ct9_interview_effectiveness.py — mock_usage:import
2026-04-20T15:49:46.171888+00:00 SEV-2 WARN: test_deep_profile_staleness.py — silent_pass:test_status_200_has_required_fields
2026-04-20T15:49:46.171889+00:00 SEV-2 WARN: test_deep_profile_staleness.py — mock_usage:import
2026-04-20T15:49:46.171889+00:00 SEV-2 WARN: test_enforcement.py — mock_usage:import
2026-04-20T15:49:46.171890+00:00 SEV-2 WARN: test_feedback_loop.py — silent_pass:test_correlations_200_has_required_fields
2026-04-20T15:49:46.171891+00:00 SEV-2 WARN: test_feedback_loop.py — silent_pass:test_feedback_summary_200_has_counts
2026-04-20T15:49:46.171892+00:00 SEV-2 WARN: test_feedback_loop.py — mock_usage:import
2026-04-20T15:49:46.171893+00:00 SEV-2 WARN: test_feedback_loop.py — mock_usage:instantiation
2026-04-20T15:49:46.171894+00:00 SEV-2 WARN: test_graph_traceability.py — silent_pass:test_coverage_200_has_required_fields
2026-04-20T15:49:46.171895+00:00 SEV-2 WARN: test_graph_traceability.py — silent_pass:test_coverage_pct_between_0_and_100
2026-04-20T15:49:46.171896+00:00 SEV-2 WARN: test_graph_traceability.py — mock_usage:import
2026-04-20T15:49:46.171897+00:00 SEV-2 WARN: test_graph_traceability.py — mock_usage:instantiation
2026-04-20T15:49:46.171897+00:00 SEV-2 WARN: test_interview_pf_gating.py — mock_usage:import
2026-04-20T15:49:46.171898+00:00 SEV-2 WARN: test_journey_phase1_phase3_integration.py — mock_usage:import
2026-04-20T15:49:46.171899+00:00 SEV-2 WARN: test_journey_phase1_watermarks.py — mock_usage:import
2026-04-20T15:49:46.171900+00:00 SEV-2 WARN: test_linkedin_narrative_regen.py — mock_usage:import
2026-04-20T15:49:46.171901+00:00 SEV-2 WARN: test_ml_feedback_loop.py — mock_usage:import
2026-04-20T15:49:46.171902+00:00 SEV-2 WARN: test_ml_feedback_loop.py — mock_usage:instantiation
2026-04-20T15:49:46.171902+00:00 SEV-2 WARN: test_option_c1_audit_table.py — mock_usage:import
2026-04-20T15:49:46.171903+00:00 SEV-2 WARN: test_option_c4_operation_logging.py — mock_usage:import
2026-04-20T15:49:46.171904+00:00 SEV-2 WARN: test_option_c4_operation_logging.py — mock_usage:instantiation
2026-04-20T15:49:46.171905+00:00 SEV-2 WARN: test_p0b_ftal_integration.py — mock_usage:import
2026-04-20T15:49:46.171906+00:00 SEV-2 WARN: test_p0b_ftal_integration.py — mock_usage:instantiation
2026-04-20T15:49:46.171907+00:00 SEV-2 WARN: test_p1a_sqlite_hardening.py — mock_usage:import
2026-04-20T15:49:46.171907+00:00 SEV-2 WARN: test_p2f_db_engine.py — mock_usage:import
2026-04-20T15:49:46.171908+00:00 SEV-2 WARN: test_p2f_db_engine.py — mock_usage:instantiation
2026-04-20T15:49:46.171909+00:00 SEV-2 WARN: test_p3a_security.py — mock_usage:import
2026-04-20T15:49:46.171910+00:00 SEV-2 WARN: test_p3a_security.py — mock_usage:instantiation
2026-04-20T15:49:46.171911+00:00 SEV-2 WARN: test_parallel_orchestrator.py — mock_usage:import
2026-04-20T15:49:46.171912+00:00 SEV-2 WARN: test_persona_seed.py — mock_usage:import
2026-04-20T15:49:46.171912+00:00 SEV-2 WARN: test_persona_seed.py — mock_usage:instantiation
2026-04-20T15:49:46.171913+00:00 SEV-2 WARN: test_personaforge_client.py — mock_usage:import
2026-04-20T15:49:46.171914+00:00 SEV-2 WARN: test_personaforge_client.py — mock_usage:instantiation
2026-04-20T15:49:46.171915+00:00 SEV-2 WARN: test_pg_migration.py — silent_pass:test_pdf_download_name_contains_id
2026-04-20T15:49:46.171916+00:00 SEV-2 WARN: test_pg_migration.py — mock_usage:instantiation
2026-04-20T15:49:46.171917+00:00 SEV-2 WARN: test_phase6a_double_fallback.py — mock_usage:import
2026-04-20T15:49:46.171918+00:00 SEV-2 WARN: test_phase6b_retry.py — mock_usage:import
2026-04-20T15:49:46.171918+00:00 SEV-2 WARN: test_phase6c_caching.py — mock_usage:import
2026-04-20T15:49:46.171919+00:00 SEV-2 WARN: test_phase6d_skip_rag.py — mock_usage:import
2026-04-20T15:49:46.171920+00:00 SEV-2 WARN: test_phase_a_gap_classifier.py — mock_usage:import
2026-04-20T15:49:46.171921+00:00 SEV-2 WARN: test_phase_a_jd_parser.py — mock_usage:import
2026-04-20T15:49:46.171922+00:00 SEV-2 WARN: test_phase_a_normalizer.py — mock_usage:import
2026-04-20T15:49:46.171923+00:00 SEV-2 WARN: test_phase_b_hybrid_scorer.py — mock_usage:import
2026-04-20T15:49:46.171924+00:00 SEV-2 WARN: test_phase_c_claim_auditor.py — mock_usage:import
2026-04-20T15:49:46.171925+00:00 SEV-2 WARN: test_phase_c_claim_auditor_extended.py — mock_usage:import
2026-04-20T15:49:46.171926+00:00 SEV-2 WARN: test_phase_c_rewrite_planner.py — mock_usage:import
2026-04-20T15:49:46.171927+00:00 SEV-2 WARN: test_phase_c_rewrite_planner_extended.py — mock_usage:import
2026-04-20T15:49:46.171928+00:00 SEV-2 WARN: test_phase_d_item9_alignment_integration.py — mock_usage:import
2026-04-20T15:49:46.171928+00:00 SEV-2 WARN: test_phase_d_items10_11_audit_rewrite.py — mock_usage:import
2026-04-20T15:49:46.171929+00:00 SEV-2 WARN: test_phase_e_equiv_scoring.py — mock_usage:import
2026-04-20T15:49:46.171930+00:00 SEV-2 WARN: test_phase_e_keyword_routes.py — mock_usage:import
2026-04-20T15:49:46.171931+00:00 SEV-2 WARN: test_phase_e_match_endpoint.py — mock_usage:import
2026-04-20T15:49:46.171932+00:00 SEV-2 WARN: test_r2_low.py — mock_usage:import
2026-04-20T15:49:46.171933+00:00 SEV-2 WARN: test_r2_low.py — mock_usage:instantiation
2026-04-20T15:49:46.171933+00:00 SEV-2 WARN: test_r2_medium.py — mock_usage:import
2026-04-20T15:49:46.171934+00:00 SEV-2 WARN: test_r2_medium.py — mock_usage:instantiation
2026-04-20T15:49:46.171935+00:00 SEV-2 WARN: test_resume_effectiveness.py — mock_usage:import
2026-04-20T15:49:46.171936+00:00 SEV-2 WARN: test_resume_effectiveness.py — mock_usage:instantiation
2026-04-20T15:49:46.171937+00:00 SEV-2 WARN: test_semantic_scoring.py — mock_usage:import
2026-04-20T15:49:46.171938+00:00 SEV-2 WARN: test_w1_teaching_injection.py — mock_usage:import
2026-04-20T15:49:46.171938+00:00 SEV-2 WARN: test_w6_ai_journey_source.py — mock_usage:import
2026-04-20T15:49:46.171939+00:00 SEV-2 WARN: test_w6_ai_journey_source.py — mock_usage:instantiation
2026-04-20T15:49:47.268661+00:00 SEV-2 WARN: test_arango_context_injection.py — mock_usage:import
2026-04-20T15:49:47.268664+00:00 SEV-2 WARN: test_arango_context_injection.py — mock_usage:instantiation
2026-04-20T15:49:47.268665+00:00 SEV-2 WARN: test_artifact_generator_heuristic.py — mock_usage:import
2026-04-20T15:49:47.268666+00:00 SEV-2 WARN: test_artifact_generator_llm.py — mock_usage:import
2026-04-20T15:49:47.268667+00:00 SEV-2 WARN: test_artifact_generator_llm.py — mock_usage:instantiation
2026-04-20T15:49:47.268668+00:00 SEV-2 WARN: test_artifact_generator_orchestration.py — mock_usage:import
2026-04-20T15:49:47.268669+00:00 SEV-2 WARN: test_artifact_generator_orchestration.py — mock_usage:instantiation
2026-04-20T15:49:47.268670+00:00 SEV-2 WARN: test_claim_recording.py — mock_usage:import
2026-04-20T15:49:47.268671+00:00 SEV-2 WARN: test_claim_recording.py — mock_usage:instantiation
2026-04-20T15:49:47.268672+00:00 SEV-2 WARN: test_ct1_governance_outcomes.py — mock_usage:import
2026-04-20T15:49:47.268672+00:00 SEV-2 WARN: test_ct1_governance_outcomes.py — mock_usage:instantiation
2026-04-20T15:49:47.268673+00:00 SEV-2 WARN: test_ct4_arango_context_injection.py — mock_usage:import
2026-04-20T15:49:47.268674+00:00 SEV-2 WARN: test_ct5_cross_model_verifier.py — mock_usage:import
2026-04-20T15:49:47.268675+00:00 SEV-2 WARN: test_ct6_failure_teaching.py — mock_usage:import
2026-04-20T15:49:47.268676+00:00 SEV-2 WARN: test_ct9_interview_effectiveness.py — mock_usage:import
2026-04-20T15:49:47.268677+00:00 SEV-2 WARN: test_deep_profile_staleness.py — silent_pass:test_status_200_has_required_fields
2026-04-20T15:49:47.268677+00:00 SEV-2 WARN: test_deep_profile_staleness.py — mock_usage:import
2026-04-20T15:49:47.268678+00:00 SEV-2 WARN: test_enforcement.py — mock_usage:import
2026-04-20T15:49:47.268680+00:00 SEV-2 WARN: test_feedback_loop.py — silent_pass:test_correlations_200_has_required_fields
2026-04-20T15:49:47.268680+00:00 SEV-2 WARN: test_feedback_loop.py — silent_pass:test_feedback_summary_200_has_counts
2026-04-20T15:49:47.268681+00:00 SEV-2 WARN: test_feedback_loop.py — mock_usage:import
2026-04-20T15:49:47.268682+00:00 SEV-2 WARN: test_feedback_loop.py — mock_usage:instantiation
2026-04-20T15:49:47.268683+00:00 SEV-2 WARN: test_graph_traceability.py — silent_pass:test_coverage_200_has_required_fields
2026-04-20T15:49:47.268684+00:00 SEV-2 WARN: test_graph_traceability.py — silent_pass:test_coverage_pct_between_0_and_100
2026-04-20T15:49:47.268685+00:00 SEV-2 WARN: test_graph_traceability.py — mock_usage:import
2026-04-20T15:49:47.268686+00:00 SEV-2 WARN: test_graph_traceability.py — mock_usage:instantiation
2026-04-20T15:49:47.268687+00:00 SEV-2 WARN: test_interview_pf_gating.py — mock_usage:import
2026-04-20T15:49:47.268688+00:00 SEV-2 WARN: test_journey_phase1_phase3_integration.py — mock_usage:import
2026-04-20T15:49:47.268688+00:00 SEV-2 WARN: test_journey_phase1_watermarks.py — mock_usage:import
2026-04-20T15:49:47.268689+00:00 SEV-2 WARN: test_linkedin_narrative_regen.py — mock_usage:import
2026-04-20T15:49:47.268690+00:00 SEV-2 WARN: test_ml_feedback_loop.py — mock_usage:import
2026-04-20T15:49:47.268691+00:00 SEV-2 WARN: test_ml_feedback_loop.py — mock_usage:instantiation
2026-04-20T15:49:47.268692+00:00 SEV-2 WARN: test_option_c1_audit_table.py — mock_usage:import
2026-04-20T15:49:47.268693+00:00 SEV-2 WARN: test_option_c4_operation_logging.py — mock_usage:import
2026-04-20T15:49:47.268694+00:00 SEV-2 WARN: test_option_c4_operation_logging.py — mock_usage:instantiation
2026-04-20T15:49:47.268694+00:00 SEV-2 WARN: test_p0b_ftal_integration.py — mock_usage:import
2026-04-20T15:49:47.268695+00:00 SEV-2 WARN: test_p0b_ftal_integration.py — mock_usage:instantiation
2026-04-20T15:49:47.268696+00:00 SEV-2 WARN: test_p1a_sqlite_hardening.py — mock_usage:import
2026-04-20T15:49:47.268697+00:00 SEV-2 WARN: test_p2f_db_engine.py — mock_usage:import
2026-04-20T15:49:47.268698+00:00 SEV-2 WARN: test_p2f_db_engine.py — mock_usage:instantiation
2026-04-20T15:49:47.268699+00:00 SEV-2 WARN: test_p3a_security.py — mock_usage:import
2026-04-20T15:49:47.268699+00:00 SEV-2 WARN: test_p3a_security.py — mock_usage:instantiation
2026-04-20T15:49:47.268700+00:00 SEV-2 WARN: test_parallel_orchestrator.py — mock_usage:import
2026-04-20T15:49:47.268701+00:00 SEV-2 WARN: test_persona_seed.py — mock_usage:import
2026-04-20T15:49:47.268702+00:00 SEV-2 WARN: test_persona_seed.py — mock_usage:instantiation
2026-04-20T15:49:47.268703+00:00 SEV-2 WARN: test_personaforge_client.py — mock_usage:import
2026-04-20T15:49:47.268704+00:00 SEV-2 WARN: test_personaforge_client.py — mock_usage:instantiation
2026-04-20T15:49:47.268705+00:00 SEV-2 WARN: test_pg_migration.py — silent_pass:test_pdf_download_name_contains_id
2026-04-20T15:49:47.268706+00:00 SEV-2 WARN: test_pg_migration.py — mock_usage:instantiation
2026-04-20T15:49:47.268706+00:00 SEV-2 WARN: test_phase6a_double_fallback.py — mock_usage:import
2026-04-20T15:49:47.268707+00:00 SEV-2 WARN: test_phase6b_retry.py — mock_usage:import
2026-04-20T15:49:47.268708+00:00 SEV-2 WARN: test_phase6c_caching.py — mock_usage:import
2026-04-20T15:49:47.268709+00:00 SEV-2 WARN: test_phase6d_skip_rag.py — mock_usage:import
2026-04-20T15:49:47.268710+00:00 SEV-2 WARN: test_phase_a_gap_classifier.py — mock_usage:import
2026-04-20T15:49:47.268711+00:00 SEV-2 WARN: test_phase_a_jd_parser.py — mock_usage:import
2026-04-20T15:49:47.268712+00:00 SEV-2 WARN: test_phase_a_normalizer.py — mock_usage:import
2026-04-20T15:49:47.268712+00:00 SEV-2 WARN: test_phase_b_hybrid_scorer.py — mock_usage:import
2026-04-20T15:49:47.268713+00:00 SEV-2 WARN: test_phase_c_claim_auditor.py — mock_usage:import
2026-04-20T15:49:47.268714+00:00 SEV-2 WARN: test_phase_c_claim_auditor_extended.py — mock_usage:import
2026-04-20T15:49:47.268715+00:00 SEV-2 WARN: test_phase_c_rewrite_planner.py — mock_usage:import
2026-04-20T15:49:47.268716+00:00 SEV-2 WARN: test_phase_c_rewrite_planner_extended.py — mock_usage:import
2026-04-20T15:49:47.268717+00:00 SEV-2 WARN: test_phase_d_item9_alignment_integration.py — mock_usage:import
2026-04-20T15:49:47.268717+00:00 SEV-2 WARN: test_phase_d_items10_11_audit_rewrite.py — mock_usage:import
2026-04-20T15:49:47.268718+00:00 SEV-2 WARN: test_phase_e_equiv_scoring.py — mock_usage:import
2026-04-20T15:49:47.268719+00:00 SEV-2 WARN: test_phase_e_keyword_routes.py — mock_usage:import
2026-04-20T15:49:47.268720+00:00 SEV-2 WARN: test_phase_e_match_endpoint.py — mock_usage:import
2026-04-20T15:49:47.268721+00:00 SEV-2 WARN: test_r2_low.py — mock_usage:import
2026-04-20T15:49:47.268722+00:00 SEV-2 WARN: test_r2_low.py — mock_usage:instantiation
2026-04-20T15:49:47.268723+00:00 SEV-2 WARN: test_r2_medium.py — mock_usage:import
2026-04-20T15:49:47.268723+00:00 SEV-2 WARN: test_r2_medium.py — mock_usage:instantiation
2026-04-20T15:49:47.268724+00:00 SEV-2 WARN: test_resume_effectiveness.py — mock_usage:import
2026-04-20T15:49:47.268725+00:00 SEV-2 WARN: test_resume_effectiveness.py — mock_usage:instantiation
2026-04-20T15:49:47.268726+00:00 SEV-2 WARN: test_semantic_scoring.py — mock_usage:import
2026-04-20T15:49:47.268727+00:00 SEV-2 WARN: test_w1_teaching_injection.py — mock_usage:import
2026-04-20T15:49:47.268728+00:00 SEV-2 WARN: test_w6_ai_journey_source.py — mock_usage:import
2026-04-20T15:49:47.268728+00:00 SEV-2 WARN: test_w6_ai_journey_source.py — mock_usage:instantiation
2026-04-20T15:49:48.235541+00:00 SEV-2 WARN: test_arango_context_injection.py — mock_usage:import
2026-04-20T15:49:48.235544+00:00 SEV-2 WARN: test_arango_context_injection.py — mock_usage:instantiation
2026-04-20T15:49:48.235546+00:00 SEV-2 WARN: test_artifact_generator_heuristic.py — mock_usage:import
2026-04-20T15:49:48.235547+00:00 SEV-2 WARN: test_artifact_generator_llm.py — mock_usage:import
2026-04-20T15:49:48.235547+00:00 SEV-2 WARN: test_artifact_generator_llm.py — mock_usage:instantiation
2026-04-20T15:49:48.235548+00:00 SEV-2 WARN: test_artifact_generator_orchestration.py — mock_usage:import
2026-04-20T15:49:48.235549+00:00 SEV-2 WARN: test_artifact_generator_orchestration.py — mock_usage:instantiation
2026-04-20T15:49:48.235550+00:00 SEV-2 WARN: test_claim_recording.py — mock_usage:import
2026-04-20T15:49:48.235551+00:00 SEV-2 WARN: test_claim_recording.py — mock_usage:instantiation
2026-04-20T15:49:48.235552+00:00 SEV-2 WARN: test_ct1_governance_outcomes.py — mock_usage:import
2026-04-20T15:49:48.235553+00:00 SEV-2 WARN: test_ct1_governance_outcomes.py — mock_usage:instantiation
2026-04-20T15:49:48.235554+00:00 SEV-2 WARN: test_ct4_arango_context_injection.py — mock_usage:import
2026-04-20T15:49:48.235554+00:00 SEV-2 WARN: test_ct5_cross_model_verifier.py — mock_usage:import
2026-04-20T15:49:48.235555+00:00 SEV-2 WARN: test_ct6_failure_teaching.py — mock_usage:import
2026-04-20T15:49:48.235556+00:00 SEV-2 WARN: test_ct9_interview_effectiveness.py — mock_usage:import
2026-04-20T15:49:48.235557+00:00 SEV-2 WARN: test_deep_profile_staleness.py — silent_pass:test_status_200_has_required_fields
2026-04-20T15:49:48.235558+00:00 SEV-2 WARN: test_deep_profile_staleness.py — mock_usage:import
2026-04-20T15:49:48.235559+00:00 SEV-2 WARN: test_enforcement.py — mock_usage:import
2026-04-20T15:49:48.235559+00:00 SEV-2 WARN: test_feedback_loop.py — silent_pass:test_correlations_200_has_required_fields
2026-04-20T15:49:48.235560+00:00 SEV-2 WARN: test_feedback_loop.py — silent_pass:test_feedback_summary_200_has_counts
2026-04-20T15:49:48.235561+00:00 SEV-2 WARN: test_feedback_loop.py — mock_usage:import
2026-04-20T15:49:48.235562+00:00 SEV-2 WARN: test_feedback_loop.py — mock_usage:instantiation
2026-04-20T15:49:48.235563+00:00 SEV-2 WARN: test_graph_traceability.py — silent_pass:test_coverage_200_has_required_fields
2026-04-20T15:49:48.235564+00:00 SEV-2 WARN: test_graph_traceability.py — silent_pass:test_coverage_pct_between_0_and_100
2026-04-20T15:49:48.235564+00:00 SEV-2 WARN: test_graph_traceability.py — mock_usage:import
2026-04-20T15:49:48.235565+00:00 SEV-2 WARN: test_graph_traceability.py — mock_usage:instantiation
2026-04-20T15:49:48.235566+00:00 SEV-2 WARN: test_interview_pf_gating.py — mock_usage:import
2026-04-20T15:49:48.235567+00:00 SEV-2 WARN: test_journey_phase1_phase3_integration.py — mock_usage:import
2026-04-20T15:49:48.235568+00:00 SEV-2 WARN: test_journey_phase1_watermarks.py — mock_usage:import
2026-04-20T15:49:48.235569+00:00 SEV-2 WARN: test_linkedin_narrative_regen.py — mock_usage:import
2026-04-20T15:49:48.235569+00:00 SEV-2 WARN: test_ml_feedback_loop.py — mock_usage:import
2026-04-20T15:49:48.235570+00:00 SEV-2 WARN: test_ml_feedback_loop.py — mock_usage:instantiation
2026-04-20T15:49:48.235571+00:00 SEV-2 WARN: test_option_c1_audit_table.py — mock_usage:import
2026-04-20T15:49:48.235572+00:00 SEV-2 WARN: test_option_c4_operation_logging.py — mock_usage:import
2026-04-20T15:49:48.235573+00:00 SEV-2 WARN: test_option_c4_operation_logging.py — mock_usage:instantiation
2026-04-20T15:49:48.235574+00:00 SEV-2 WARN: test_p0b_ftal_integration.py — mock_usage:import
2026-04-20T15:49:48.235574+00:00 SEV-2 WARN: test_p0b_ftal_integration.py — mock_usage:instantiation
2026-04-20T15:49:48.235575+00:00 SEV-2 WARN: test_p1a_sqlite_hardening.py — mock_usage:import
2026-04-20T15:49:48.235576+00:00 SEV-2 WARN: test_p2f_db_engine.py — mock_usage:import
2026-04-20T15:49:48.235577+00:00 SEV-2 WARN: test_p2f_db_engine.py — mock_usage:instantiation
2026-04-20T15:49:48.235578+00:00 SEV-2 WARN: test_p3a_security.py — mock_usage:import
2026-04-20T15:49:48.235579+00:00 SEV-2 WARN: test_p3a_security.py — mock_usage:instantiation
2026-04-20T15:49:48.235580+00:00 SEV-2 WARN: test_parallel_orchestrator.py — mock_usage:import
2026-04-20T15:49:48.235580+00:00 SEV-2 WARN: test_persona_seed.py — mock_usage:import
2026-04-20T15:49:48.235581+00:00 SEV-2 WARN: test_persona_seed.py — mock_usage:instantiation
2026-04-20T15:49:48.235582+00:00 SEV-2 WARN: test_personaforge_client.py — mock_usage:import
2026-04-20T15:49:48.235583+00:00 SEV-2 WARN: test_personaforge_client.py — mock_usage:instantiation
2026-04-20T15:49:48.235584+00:00 SEV-2 WARN: test_pg_migration.py — silent_pass:test_pdf_download_name_contains_id
2026-04-20T15:49:48.235584+00:00 SEV-2 WARN: test_pg_migration.py — mock_usage:instantiation
2026-04-20T15:49:48.235585+00:00 SEV-2 WARN: test_phase6a_double_fallback.py — mock_usage:import
2026-04-20T15:49:48.235586+00:00 SEV-2 WARN: test_phase6b_retry.py — mock_usage:import
2026-04-20T15:49:48.235587+00:00 SEV-2 WARN: test_phase6c_caching.py — mock_usage:import
2026-04-20T15:49:48.235588+00:00 SEV-2 WARN: test_phase6d_skip_rag.py — mock_usage:import
2026-04-20T15:49:48.235589+00:00 SEV-2 WARN: test_phase_a_gap_classifier.py — mock_usage:import
2026-04-20T15:49:48.235589+00:00 SEV-2 WARN: test_phase_a_jd_parser.py — mock_usage:import
2026-04-20T15:49:48.235590+00:00 SEV-2 WARN: test_phase_a_normalizer.py — mock_usage:import
2026-04-20T15:49:48.235591+00:00 SEV-2 WARN: test_phase_b_hybrid_scorer.py — mock_usage:import
2026-04-20T15:49:48.235592+00:00 SEV-2 WARN: test_phase_c_claim_auditor.py — mock_usage:import
2026-04-20T15:49:48.235593+00:00 SEV-2 WARN: test_phase_c_claim_auditor_extended.py — mock_usage:import
2026-04-20T15:49:48.235594+00:00 SEV-2 WARN: test_phase_c_rewrite_planner.py — mock_usage:import
2026-04-20T15:49:48.235595+00:00 SEV-2 WARN: test_phase_c_rewrite_planner_extended.py — mock_usage:import
2026-04-20T15:49:48.235595+00:00 SEV-2 WARN: test_phase_d_item9_alignment_integration.py — mock_usage:import
2026-04-20T15:49:48.235596+00:00 SEV-2 WARN: test_phase_d_items10_11_audit_rewrite.py — mock_usage:import
2026-04-20T15:49:48.235597+00:00 SEV-2 WARN: test_phase_e_equiv_scoring.py — mock_usage:import
2026-04-20T15:49:48.235598+00:00 SEV-2 WARN: test_phase_e_keyword_routes.py — mock_usage:import
2026-04-20T15:49:48.235599+00:00 SEV-2 WARN: test_phase_e_match_endpoint.py — mock_usage:import
2026-04-20T15:49:48.235600+00:00 SEV-2 WARN: test_r2_low.py — mock_usage:import
2026-04-20T15:49:48.235601+00:00 SEV-2 WARN: test_r2_low.py — mock_usage:instantiation
2026-04-20T15:49:48.235602+00:00 SEV-2 WARN: test_r2_medium.py — mock_usage:import
2026-04-20T15:49:48.235603+00:00 SEV-2 WARN: test_r2_medium.py — mock_usage:instantiation
2026-04-20T15:49:48.235603+00:00 SEV-2 WARN: test_resume_effectiveness.py — mock_usage:import
2026-04-20T15:49:48.235604+00:00 SEV-2 WARN: test_resume_effectiveness.py — mock_usage:instantiation
2026-04-20T15:49:48.235605+00:00 SEV-2 WARN: test_semantic_scoring.py — mock_usage:import
2026-04-20T15:49:48.235606+00:00 SEV-2 WARN: test_w1_teaching_injection.py — mock_usage:import
2026-04-20T15:49:48.235607+00:00 SEV-2 WARN: test_w6_ai_journey_source.py — mock_usage:import
2026-04-20T15:49:48.235608+00:00 SEV-2 WARN: test_w6_ai_journey_source.py — mock_usage:instantiation
2026-04-20T15:49:49.330980+00:00 SEV-2 WARN: test_arango_context_injection.py — mock_usage:import
2026-04-20T15:49:49.330984+00:00 SEV-2 WARN: test_arango_context_injection.py — mock_usage:instantiation
2026-04-20T15:49:49.330985+00:00 SEV-2 WARN: test_artifact_generator_heuristic.py — mock_usage:import
2026-04-20T15:49:49.330986+00:00 SEV-2 WARN: test_artifact_generator_llm.py — mock_usage:import
2026-04-20T15:49:49.330987+00:00 SEV-2 WARN: test_artifact_generator_llm.py — mock_usage:instantiation
2026-04-20T15:49:49.330988+00:00 SEV-2 WARN: test_artifact_generator_orchestration.py — mock_usage:import
2026-04-20T15:49:49.330989+00:00 SEV-2 WARN: test_artifact_generator_orchestration.py — mock_usage:instantiation
2026-04-20T15:49:49.330990+00:00 SEV-2 WARN: test_claim_recording.py — mock_usage:import
2026-04-20T15:49:49.330991+00:00 SEV-2 WARN: test_claim_recording.py — mock_usage:instantiation
2026-04-20T15:49:49.330992+00:00 SEV-2 WARN: test_ct1_governance_outcomes.py — mock_usage:import
2026-04-20T15:49:49.330992+00:00 SEV-2 WARN: test_ct1_governance_outcomes.py — mock_usage:instantiation
2026-04-20T15:49:49.330993+00:00 SEV-2 WARN: test_ct4_arango_context_injection.py — mock_usage:import
2026-04-20T15:49:49.330994+00:00 SEV-2 WARN: test_ct5_cross_model_verifier.py — mock_usage:import
2026-04-20T15:49:49.330995+00:00 SEV-2 WARN: test_ct6_failure_teaching.py — mock_usage:import
2026-04-20T15:49:49.330996+00:00 SEV-2 WARN: test_ct9_interview_effectiveness.py — mock_usage:import
2026-04-20T15:49:49.330997+00:00 SEV-2 WARN: test_deep_profile_staleness.py — silent_pass:test_status_200_has_required_fields
2026-04-20T15:49:49.330998+00:00 SEV-2 WARN: test_deep_profile_staleness.py — mock_usage:import
2026-04-20T15:49:49.330999+00:00 SEV-2 WARN: test_enforcement.py — mock_usage:import
2026-04-20T15:49:49.331000+00:00 SEV-2 WARN: test_feedback_loop.py — silent_pass:test_correlations_200_has_required_fields
2026-04-20T15:49:49.331001+00:00 SEV-2 WARN: test_feedback_loop.py — silent_pass:test_feedback_summary_200_has_counts
2026-04-20T15:49:49.331002+00:00 SEV-2 WARN: test_feedback_loop.py — mock_usage:import
2026-04-20T15:49:49.331003+00:00 SEV-2 WARN: test_feedback_loop.py — mock_usage:instantiation
2026-04-20T15:49:49.331004+00:00 SEV-2 WARN: test_graph_traceability.py — silent_pass:test_coverage_200_has_required_fields
2026-04-20T15:49:49.331005+00:00 SEV-2 WARN: test_graph_traceability.py — silent_pass:test_coverage_pct_between_0_and_100
2026-04-20T15:49:49.331006+00:00 SEV-2 WARN: test_graph_traceability.py — mock_usage:import
2026-04-20T15:49:49.331007+00:00 SEV-2 WARN: test_graph_traceability.py — mock_usage:instantiation
2026-04-20T15:49:49.331008+00:00 SEV-2 WARN: test_interview_pf_gating.py — mock_usage:import
2026-04-20T15:49:49.331008+00:00 SEV-2 WARN: test_journey_phase1_phase3_integration.py — mock_usage:import
2026-04-20T15:49:49.331009+00:00 SEV-2 WARN: test_journey_phase1_watermarks.py — mock_usage:import
2026-04-20T15:49:49.331010+00:00 SEV-2 WARN: test_linkedin_narrative_regen.py — mock_usage:import
2026-04-20T15:49:49.331011+00:00 SEV-2 WARN: test_ml_feedback_loop.py — mock_usage:import
2026-04-20T15:49:49.331012+00:00 SEV-2 WARN: test_ml_feedback_loop.py — mock_usage:instantiation
2026-04-20T15:49:49.331013+00:00 SEV-2 WARN: test_option_c1_audit_table.py — mock_usage:import
2026-04-20T15:49:49.331014+00:00 SEV-2 WARN: test_option_c4_operation_logging.py — mock_usage:import
2026-04-20T15:49:49.331015+00:00 SEV-2 WARN: test_option_c4_operation_logging.py — mock_usage:instantiation
2026-04-20T15:49:49.331016+00:00 SEV-2 WARN: test_p0b_ftal_integration.py — mock_usage:import
2026-04-20T15:49:49.331017+00:00 SEV-2 WARN: test_p0b_ftal_integration.py — mock_usage:instantiation
2026-04-20T15:49:49.331018+00:00 SEV-2 WARN: test_p1a_sqlite_hardening.py — mock_usage:import
2026-04-20T15:49:49.331019+00:00 SEV-2 WARN: test_p2f_db_engine.py — mock_usage:import
2026-04-20T15:49:49.331019+00:00 SEV-2 WARN: test_p2f_db_engine.py — mock_usage:instantiation
2026-04-20T15:49:49.331020+00:00 SEV-2 WARN: test_p3a_security.py — mock_usage:import
2026-04-20T15:49:49.331021+00:00 SEV-2 WARN: test_p3a_security.py — mock_usage:instantiation
2026-04-20T15:49:49.331022+00:00 SEV-2 WARN: test_parallel_orchestrator.py — mock_usage:import
2026-04-20T15:49:49.331023+00:00 SEV-2 WARN: test_persona_seed.py — mock_usage:import
2026-04-20T15:49:49.331023+00:00 SEV-2 WARN: test_persona_seed.py — mock_usage:instantiation
2026-04-20T15:49:49.331024+00:00 SEV-2 WARN: test_personaforge_client.py — mock_usage:import
2026-04-20T15:49:49.331025+00:00 SEV-2 WARN: test_personaforge_client.py — mock_usage:instantiation
2026-04-20T15:49:49.331026+00:00 SEV-2 WARN: test_pg_migration.py — silent_pass:test_pdf_download_name_contains_id
2026-04-20T15:49:49.331027+00:00 SEV-2 WARN: test_pg_migration.py — mock_usage:instantiation
2026-04-20T15:49:49.331028+00:00 SEV-2 WARN: test_phase6a_double_fallback.py — mock_usage:import
2026-04-20T15:49:49.331028+00:00 SEV-2 WARN: test_phase6b_retry.py — mock_usage:import
2026-04-20T15:49:49.331029+00:00 SEV-2 WARN: test_phase6c_caching.py — mock_usage:import
2026-04-20T15:49:49.331030+00:00 SEV-2 WARN: test_phase6d_skip_rag.py — mock_usage:import
2026-04-20T15:49:49.331031+00:00 SEV-2 WARN: test_phase_a_gap_classifier.py — mock_usage:import
2026-04-20T15:49:49.331032+00:00 SEV-2 WARN: test_phase_a_jd_parser.py — mock_usage:import
2026-04-20T15:49:49.331033+00:00 SEV-2 WARN: test_phase_a_normalizer.py — mock_usage:import
2026-04-20T15:49:49.331033+00:00 SEV-2 WARN: test_phase_b_hybrid_scorer.py — mock_usage:import
2026-04-20T15:49:49.331034+00:00 SEV-2 WARN: test_phase_c_claim_auditor.py — mock_usage:import
2026-04-20T15:49:49.331035+00:00 SEV-2 WARN: test_phase_c_claim_auditor_extended.py — mock_usage:import
2026-04-20T15:49:49.331036+00:00 SEV-2 WARN: test_phase_c_rewrite_planner.py — mock_usage:import
2026-04-20T15:49:49.331037+00:00 SEV-2 WARN: test_phase_c_rewrite_planner_extended.py — mock_usage:import
2026-04-20T15:49:49.331038+00:00 SEV-2 WARN: test_phase_d_item9_alignment_integration.py — mock_usage:import
2026-04-20T15:49:49.331038+00:00 SEV-2 WARN: test_phase_d_items10_11_audit_rewrite.py — mock_usage:import
2026-04-20T15:49:49.331039+00:00 SEV-2 WARN: test_phase_e_equiv_scoring.py — mock_usage:import
2026-04-20T15:49:49.331040+00:00 SEV-2 WARN: test_phase_e_keyword_routes.py — mock_usage:import
2026-04-20T15:49:49.331041+00:00 SEV-2 WARN: test_phase_e_match_endpoint.py — mock_usage:import
2026-04-20T15:49:49.331042+00:00 SEV-2 WARN: test_r2_low.py — mock_usage:import
2026-04-20T15:49:49.331043+00:00 SEV-2 WARN: test_r2_low.py — mock_usage:instantiation
2026-04-20T15:49:49.331043+00:00 SEV-2 WARN: test_r2_medium.py — mock_usage:import
2026-04-20T15:49:49.331044+00:00 SEV-2 WARN: test_r2_medium.py — mock_usage:instantiation
2026-04-20T15:49:49.331045+00:00 SEV-2 WARN: test_resume_effectiveness.py — mock_usage:import
2026-04-20T15:49:49.331046+00:00 SEV-2 WARN: test_resume_effectiveness.py — mock_usage:instantiation
2026-04-20T15:49:49.331047+00:00 SEV-2 WARN: test_semantic_scoring.py — mock_usage:import
2026-04-20T15:49:49.331048+00:00 SEV-2 WARN: test_w1_teaching_injection.py — mock_usage:import
2026-04-20T15:49:49.331049+00:00 SEV-2 WARN: test_w6_ai_journey_source.py — mock_usage:import
2026-04-20T15:49:49.331049+00:00 SEV-2 WARN: test_w6_ai_journey_source.py — mock_usage:instantiation
2026-04-20T15:49:51.696035+00:00 SEV-2 WARN: test_arango_context_injection.py — mock_usage:import
2026-04-20T15:49:51.696039+00:00 SEV-2 WARN: test_arango_context_injection.py — mock_usage:instantiation
2026-04-20T15:49:51.696040+00:00 SEV-2 WARN: test_artifact_generator_heuristic.py — mock_usage:import
2026-04-20T15:49:51.696042+00:00 SEV-2 WARN: test_artifact_generator_llm.py — mock_usage:import
2026-04-20T15:49:51.696043+00:00 SEV-2 WARN: test_artifact_generator_llm.py — mock_usage:instantiation
2026-04-20T15:49:51.696044+00:00 SEV-2 WARN: test_artifact_generator_orchestration.py — mock_usage:import
2026-04-20T15:49:51.696045+00:00 SEV-2 WARN: test_artifact_generator_orchestration.py — mock_usage:instantiation
2026-04-20T15:49:51.696046+00:00 SEV-2 WARN: test_claim_recording.py — mock_usage:import
2026-04-20T15:49:51.696048+00:00 SEV-2 WARN: test_claim_recording.py — mock_usage:instantiation
2026-04-20T15:49:51.696049+00:00 SEV-2 WARN: test_ct1_governance_outcomes.py — mock_usage:import
2026-04-20T15:49:51.696050+00:00 SEV-2 WARN: test_ct1_governance_outcomes.py — mock_usage:instantiation
2026-04-20T15:49:51.696051+00:00 SEV-2 WARN: test_ct4_arango_context_injection.py — mock_usage:import
2026-04-20T15:49:51.696052+00:00 SEV-2 WARN: test_ct5_cross_model_verifier.py — mock_usage:import
2026-04-20T15:49:51.696053+00:00 SEV-2 WARN: test_ct6_failure_teaching.py — mock_usage:import
2026-04-20T15:49:51.696054+00:00 SEV-2 WARN: test_ct9_interview_effectiveness.py — mock_usage:import
2026-04-20T15:49:51.696055+00:00 SEV-2 WARN: test_deep_profile_staleness.py — silent_pass:test_status_200_has_required_fields
2026-04-20T15:49:51.696056+00:00 SEV-2 WARN: test_deep_profile_staleness.py — mock_usage:import
2026-04-20T15:49:51.696057+00:00 SEV-2 WARN: test_enforcement.py — mock_usage:import
2026-04-20T15:49:51.696058+00:00 SEV-2 WARN: test_feedback_loop.py — silent_pass:test_correlations_200_has_required_fields
2026-04-20T15:49:51.696060+00:00 SEV-2 WARN: test_feedback_loop.py — silent_pass:test_feedback_summary_200_has_counts
2026-04-20T15:49:51.696061+00:00 SEV-2 WARN: test_feedback_loop.py — mock_usage:import
2026-04-20T15:49:51.696061+00:00 SEV-2 WARN: test_feedback_loop.py — mock_usage:instantiation
2026-04-20T15:49:51.696062+00:00 SEV-2 WARN: test_graph_traceability.py — silent_pass:test_coverage_200_has_required_fields
2026-04-20T15:49:51.696063+00:00 SEV-2 WARN: test_graph_traceability.py — silent_pass:test_coverage_pct_between_0_and_100
2026-04-20T15:49:51.696064+00:00 SEV-2 WARN: test_graph_traceability.py — mock_usage:import
2026-04-20T15:49:51.696065+00:00 SEV-2 WARN: test_graph_traceability.py — mock_usage:instantiation
2026-04-20T15:49:51.696066+00:00 SEV-2 WARN: test_interview_pf_gating.py — mock_usage:import
2026-04-20T15:49:51.696067+00:00 SEV-2 WARN: test_journey_phase1_phase3_integration.py — mock_usage:import
2026-04-20T15:49:51.696068+00:00 SEV-2 WARN: test_journey_phase1_watermarks.py — mock_usage:import
2026-04-20T15:49:51.696069+00:00 SEV-2 WARN: test_linkedin_narrative_regen.py — mock_usage:import
2026-04-20T15:49:51.696070+00:00 SEV-2 WARN: test_ml_feedback_loop.py — mock_usage:import
2026-04-20T15:49:51.696071+00:00 SEV-2 WARN: test_ml_feedback_loop.py — mock_usage:instantiation
2026-04-20T15:49:51.696072+00:00 SEV-2 WARN: test_option_c1_audit_table.py — mock_usage:import
2026-04-20T15:49:51.696073+00:00 SEV-2 WARN: test_option_c4_operation_logging.py — mock_usage:import
2026-04-20T15:49:51.696074+00:00 SEV-2 WARN: test_option_c4_operation_logging.py — mock_usage:instantiation
2026-04-20T15:49:51.696075+00:00 SEV-2 WARN: test_p0b_ftal_integration.py — mock_usage:import
2026-04-20T15:49:51.696076+00:00 SEV-2 WARN: test_p0b_ftal_integration.py — mock_usage:instantiation
2026-04-20T15:49:51.696077+00:00 SEV-2 WARN: test_p1a_sqlite_hardening.py — mock_usage:import
2026-04-20T15:49:51.696078+00:00 SEV-2 WARN: test_p2f_db_engine.py — mock_usage:import
2026-04-20T15:49:51.696079+00:00 SEV-2 WARN: test_p2f_db_engine.py — mock_usage:instantiation
2026-04-20T15:49:51.696080+00:00 SEV-2 WARN: test_p3a_security.py — mock_usage:import
2026-04-20T15:49:51.696081+00:00 SEV-2 WARN: test_p3a_security.py — mock_usage:instantiation
2026-04-20T15:49:51.696082+00:00 SEV-2 WARN: test_parallel_orchestrator.py — mock_usage:import
2026-04-20T15:49:51.696083+00:00 SEV-2 WARN: test_persona_seed.py — mock_usage:import
2026-04-20T15:49:51.696084+00:00 SEV-2 WARN: test_persona_seed.py — mock_usage:instantiation
2026-04-20T15:49:51.696085+00:00 SEV-2 WARN: test_personaforge_client.py — mock_usage:import
2026-04-20T15:49:51.696086+00:00 SEV-2 WARN: test_personaforge_client.py — mock_usage:instantiation
2026-04-20T15:49:51.696087+00:00 SEV-2 WARN: test_pg_migration.py — silent_pass:test_pdf_download_name_contains_id
2026-04-20T15:49:51.696088+00:00 SEV-2 WARN: test_pg_migration.py — mock_usage:instantiation
2026-04-20T15:49:51.696089+00:00 SEV-2 WARN: test_phase6a_double_fallback.py — mock_usage:import
2026-04-20T15:49:51.696090+00:00 SEV-2 WARN: test_phase6b_retry.py — mock_usage:import
2026-04-20T15:49:51.696091+00:00 SEV-2 WARN: test_phase6c_caching.py — mock_usage:import
2026-04-20T15:49:51.696092+00:00 SEV-2 WARN: test_phase6d_skip_rag.py — mock_usage:import
2026-04-20T15:49:51.696093+00:00 SEV-2 WARN: test_phase_a_gap_classifier.py — mock_usage:import
2026-04-20T15:49:51.696094+00:00 SEV-2 WARN: test_phase_a_jd_parser.py — mock_usage:import
2026-04-20T15:49:51.696095+00:00 SEV-2 WARN: test_phase_a_normalizer.py — mock_usage:import
2026-04-20T15:49:51.696096+00:00 SEV-2 WARN: test_phase_b_hybrid_scorer.py — mock_usage:import
2026-04-20T15:49:51.696097+00:00 SEV-2 WARN: test_phase_c_claim_auditor.py — mock_usage:import
2026-04-20T15:49:51.696098+00:00 SEV-2 WARN: test_phase_c_claim_auditor_extended.py — mock_usage:import
2026-04-20T15:49:51.696099+00:00 SEV-2 WARN: test_phase_c_rewrite_planner.py — mock_usage:import
2026-04-20T15:49:51.696100+00:00 SEV-2 WARN: test_phase_c_rewrite_planner_extended.py — mock_usage:import
2026-04-20T15:49:51.696101+00:00 SEV-2 WARN: test_phase_d_item9_alignment_integration.py — mock_usage:import
2026-04-20T15:49:51.696102+00:00 SEV-2 WARN: test_phase_d_items10_11_audit_rewrite.py — mock_usage:import
2026-04-20T15:49:51.696102+00:00 SEV-2 WARN: test_phase_e_equiv_scoring.py — mock_usage:import
2026-04-20T15:49:51.696103+00:00 SEV-2 WARN: test_phase_e_keyword_routes.py — mock_usage:import
2026-04-20T15:49:51.696105+00:00 SEV-2 WARN: test_phase_e_match_endpoint.py — mock_usage:import
2026-04-20T15:49:51.696106+00:00 SEV-2 WARN: test_r2_low.py — mock_usage:import
2026-04-20T15:49:51.696107+00:00 SEV-2 WARN: test_r2_low.py — mock_usage:instantiation
2026-04-20T15:49:51.696108+00:00 SEV-2 WARN: test_r2_medium.py — mock_usage:import
2026-04-20T15:49:51.696109+00:00 SEV-2 WARN: test_r2_medium.py — mock_usage:instantiation
2026-04-20T15:49:51.696110+00:00 SEV-2 WARN: test_resume_effectiveness.py — mock_usage:import
2026-04-20T15:49:51.696111+00:00 SEV-2 WARN: test_resume_effectiveness.py — mock_usage:instantiation
2026-04-20T15:49:51.696112+00:00 SEV-2 WARN: test_semantic_scoring.py — mock_usage:import
2026-04-20T15:49:51.696112+00:00 SEV-2 WARN: test_w1_teaching_injection.py — mock_usage:import
2026-04-20T15:49:51.696114+00:00 SEV-2 WARN: test_w6_ai_journey_source.py — mock_usage:import
2026-04-20T15:49:51.696115+00:00 SEV-2 WARN: test_w6_ai_journey_source.py — mock_usage:instantiation
